Generating Rust code for Main
BindingGroup: Control_Semigroupoid_composeFlipped type: ConstrainedType(Func) vars: a, b, c, d
FUNCTION Control_Semigroupoid_composeFlipped args: 3 extracted: Just
BindingGroup: Control_Semigroupoid_compose type: ForAll(ConstrainedType(Func)) vars: 
FUNCTION Control_Semigroupoid_compose args: 3 extracted: Nothing
BindingGroup: Control_Semigroupoid_semigroupoidFn type: TypeApp(Other, [...]) vars: 
BOXUNBOX FUNC: expStr=purust_core::Func2<crate::UnknownType, crate::UnknownType, crate::UnknownType> actStr=purust_core::Func3<purust_core::Func1<crate::UnknownType, crate::UnknownType>, purust_core::Func1<crate::UnknownType, crate::UnknownType>, crate::UnknownType, crate::UnknownType>
findFfiFile [Control.Semigroupoid] -> null
Found FFI for Control.Semigroupoid at: Nothing
Found FFI for Control.Semigroupoid at: Nothing
BindingGroup: Control_Category_categoryFn type: TypeApp(Other, [...]) vars: 
BindingGroup: Control_Category_identity type: ForAll(ConstrainedType(TypeApp(TypeVar(a), [...]))) vars: 
FUNCTION Control_Category_identity args: 1 extracted: Just
findFfiFile [Control.Category] -> null
Found FFI for Control.Category at: Nothing
Found FFI for Control.Category at: Nothing
BindingGroup: Data_Boolean_otherwise type: Boolean vars: 
findFfiFile [Data.Boolean] -> null
Found FFI for Data.Boolean at: Nothing
Found FFI for Data.Boolean at: Nothing
BindingGroup: Type_Proxy_Proxy type: Other vars: 
findFfiFile [Type.Proxy] -> null
Found FFI for Type.Proxy at: Nothing
Found FFI for Type.Proxy at: Nothing
BindingGroup: Data_Symbol_reflectSymbol type: ForAll(ConstrainedType(Func)) vars: 
FUNCTION Data_Symbol_reflectSymbol args: 2 extracted: Nothing
BindingGroup: Data_Symbol_reifySymbol type: Func vars: r
BOXUNBOX UNSAFE_COERCE: expStr=r actStr=crate::UnknownType ty=TypeVar(r) actTy=TypeVar(b)
FUNCTION Data_Symbol_reifySymbol args: 2 extracted: Just
findFfiFile [Data.Symbol] -> null
Found FFI for Data.Symbol at: Nothing
Found FFI for Data.Symbol at: Nothing
genFallback unsafeCoerce args: ["mut a0: a"]
findFfiFile [Data.Unit] -> ../purust-prelude/src/Data/Unit.rs
Found FFI for Data.Unit at: (Just "../purust-prelude/src/Data/Unit.rs")
Found FFI for Data.Unit at: (Just "../purust-prelude/src/Data/Unit.rs")
findFfiFile [Record.Unsafe] -> null
Found FFI for Record.Unsafe at: Nothing
Found FFI for Record.Unsafe at: Nothing
genFallback unsafeSet args: ["mut a0: String","mut a1: a","mut a2: crate::UnknownType"]
genFallback unsafeHas args: ["mut a0: String","mut a1: crate::UnknownType"]
genFallback unsafeGet args: ["mut a0: String","mut a1: crate::UnknownType"]
genFallback unsafeDelete args: ["mut a0: String","mut a1: crate::UnknownType"]
BindingGroup: Data_HeytingAlgebra_disj type: ForAll(ConstrainedType(Func)) vars: 
FUNCTION Data_HeytingAlgebra_disj args: 3 extracted: Nothing
BindingGroup: Data_HeytingAlgebra_disjRecord type: ForAll(ConstrainedType(Func)) vars: 
FUNCTION Data_HeytingAlgebra_disjRecord args: 4 extracted: Nothing
BindingGroup: Data_HeytingAlgebra_ff type: ForAll(ConstrainedType(TypeVar(a))) vars: 
FUNCTION Data_HeytingAlgebra_ff args: 1 extracted: Just
BindingGroup: Data_HeytingAlgebra_ffRecord type: ForAll(ConstrainedType(Func)) vars: 
FUNCTION Data_HeytingAlgebra_ffRecord args: 3 extracted: Nothing
BindingGroup: Data_HeytingAlgebra_heytingAlgebraProxy type: Other vars: a
BindingGroup: Data_HeytingAlgebra_heytingAlgebraRecordNil type: TypeApp(Other, [...]) vars: row
BindingGroup: Data_HeytingAlgebra_heytingAlgebraUnit type: Other vars: 
BindingGroup: Data_HeytingAlgebra_implies type: ForAll(ConstrainedType(Func)) vars: 
FUNCTION Data_HeytingAlgebra_implies args: 3 extracted: Nothing
BindingGroup: Data_HeytingAlgebra_impliesRecord type: ForAll(ConstrainedType(Func)) vars: 
FUNCTION Data_HeytingAlgebra_impliesRecord args: 4 extracted: Nothing
BindingGroup: Data_HeytingAlgebra_not type: ForAll(ConstrainedType(Func)) vars: 
FUNCTION Data_HeytingAlgebra_not args: 2 extracted: Nothing
BindingGroup: Data_HeytingAlgebra_notRecord type: ForAll(ConstrainedType(Func)) vars: 
FUNCTION Data_HeytingAlgebra_notRecord args: 3 extracted: Nothing
BindingGroup: Data_HeytingAlgebra_tt type: ForAll(ConstrainedType(TypeVar(a))) vars: 
FUNCTION Data_HeytingAlgebra_tt args: 1 extracted: Just
BindingGroup: Data_HeytingAlgebra_ttRecord type: ForAll(ConstrainedType(Func)) vars: 
FUNCTION Data_HeytingAlgebra_ttRecord args: 3 extracted: Nothing
BindingGroup: Data_HeytingAlgebra_heytingAlgebraBoolean type: Other vars: 
BindingGroup: Data_HeytingAlgebra_heytingAlgebraRecordCons type: ConstrainedType(TypeApp(Other, [...])) vars: focus, key, row, rowlistTail, subrow, subrowTail
BOXUNBOX EQUAL ARITY: expStr=purust_core::Func1<crate::UnknownType, focus> actStr=purust_core::Func1<crate::UnknownType, crate::UnknownType>
BOXUNBOX EQUAL ARITY: expStr=purust_core::Func1<crate::UnknownType, focus> actStr=purust_core::Func1<crate::UnknownType, crate::UnknownType>
BOXUNBOX EQUAL ARITY: expStr=purust_core::Func1<crate::UnknownType, focus> actStr=purust_core::Func1<crate::UnknownType, crate::UnknownType>
FUNCTION Data_HeytingAlgebra_heytingAlgebraRecordCons args: 4 extracted: Just
BindingGroup: Data_HeytingAlgebra_heytingAlgebraFunction type: ConstrainedType(Other) vars: a, b
BOXUNBOX FUNC: expStr=purust_core::Func2<purust_core::Func1<a, b>, purust_core::Func1<a, b>, purust_core::Func1<a, b>> actStr=purust_core::Func3<purust_core::Func1<a, b>, purust_core::Func1<a, b>, a, b>
BOXUNBOX FUNC: expStr=purust_core::Func2<purust_core::Func1<a, b>, purust_core::Func1<a, b>, purust_core::Func1<a, b>> actStr=purust_core::Func3<purust_core::Func1<a, b>, purust_core::Func1<a, b>, a, b>
BOXUNBOX FUNC: expStr=purust_core::Func2<purust_core::Func1<a, b>, purust_core::Func1<a, b>, purust_core::Func1<a, b>> actStr=purust_core::Func3<purust_core::Func1<a, b>, purust_core::Func1<a, b>, a, b>
BOXUNBOX FUNC: expStr=purust_core::Func1<purust_core::Func1<a, b>, purust_core::Func1<a, b>> actStr=purust_core::Func2<purust_core::Func1<a, b>, a, b>
FUNCTION Data_HeytingAlgebra_heytingAlgebraFunction args: 1 extracted: Just
BindingGroup: Data_HeytingAlgebra_conj type: ForAll(ConstrainedType(Func)) vars: 
FUNCTION Data_HeytingAlgebra_conj args: 3 extracted: Nothing
BindingGroup: Data_HeytingAlgebra_heytingAlgebraRecord type: ConstrainedType(Other) vars: list, row
FUNCTION Data_HeytingAlgebra_heytingAlgebraRecord args: 2 extracted: Just
BindingGroup: Data_HeytingAlgebra_conjRecord type: ForAll(ConstrainedType(Func)) vars: 
FUNCTION Data_HeytingAlgebra_conjRecord args: 4 extracted: Nothing
findFfiFile [Data.HeytingAlgebra] -> ../purust-prelude/src/Data/HeytingAlgebra.rs
Found FFI for Data.HeytingAlgebra at: (Just "../purust-prelude/src/Data/HeytingAlgebra.rs")
Found FFI for Data.HeytingAlgebra at: (Just "../purust-prelude/src/Data/HeytingAlgebra.rs")
BindingGroup: Data_Void_absurd type: Func vars: a
FUNCTION Data_Void_absurd args: 1 extracted: Just
findFfiFile [Data.Void] -> null
Found FFI for Data.Void at: Nothing
Found FFI for Data.Void at: Nothing
BindingGroup: Data_Eq_notEq1 type: ConstrainedType(Func) vars: a, f
FUNCTION Data_Eq_notEq1 args: 4 extracted: Just
BindingGroup: Data_Eq_notEq type: ConstrainedType(Func) vars: a
FUNCTION Data_Eq_notEq args: 3 extracted: Just
BindingGroup: Data_Eq_eqRowCons type: ConstrainedType(TypeApp(Other, [...])) vars: focus, key, row, rowTail, rowlistTail
BOXUNBOX EQUAL ARITY: expStr=purust_core::Func1<crate::UnknownType, focus> actStr=purust_core::Func1<crate::UnknownType, crate::UnknownType>
FUNCTION Data_Eq_eqRowCons args: 4 extracted: Just
BindingGroup: Data_Eq_eq1Array type: Other vars: 
BindingGroup: Data_Eq_eqArray type: ConstrainedType(Other) vars: a
FUNCTION Data_Eq_eqArray args: 1 extracted: Just
BindingGroup: Data_Eq_eq type: ForAll(ConstrainedType(Func)) vars: 
FUNCTION Data_Eq_eq args: 3 extracted: Nothing
BindingGroup: Data_Eq_eq1 type: ForAll(ConstrainedType(Func)) vars: 
FUNCTION Data_Eq_eq1 args: 4 extracted: Nothing
BindingGroup: Data_Eq_eqBoolean type: Other vars: 
BindingGroup: Data_Eq_eqChar type: Other vars: 
BindingGroup: Data_Eq_eqInt type: Other vars: 
BindingGroup: Data_Eq_eqNumber type: Other vars: 
BindingGroup: Data_Eq_eqProxy type: Other vars: a
BindingGroup: Data_Eq_eqRec type: ConstrainedType(Other) vars: list, row
FUNCTION Data_Eq_eqRec args: 2 extracted: Just
BindingGroup: Data_Eq_eqRecord type: ForAll(ConstrainedType(Func)) vars: 
FUNCTION Data_Eq_eqRecord args: 4 extracted: Nothing
BindingGroup: Data_Eq_eqRowNil type: TypeApp(Other, [...]) vars: row
BindingGroup: Data_Eq_eqString type: Other vars: 
BindingGroup: Data_Eq_eqUnit type: Other vars: 
BindingGroup: Data_Eq_eqVoid type: Other vars: 
findFfiFile [Data.Eq] -> ../purust-prelude/src/Data/Eq.rs
Found FFI for Data.Eq at: (Just "../purust-prelude/src/Data/Eq.rs")
Found FFI for Data.Eq at: (Just "../purust-prelude/src/Data/Eq.rs")
BindingGroup: Data_Semigroup_semigroupRecordCons type: ConstrainedType(TypeApp(Other, [...])) vars: focus, key, row, rowlistTail, subrow, subrowTail
BOXUNBOX EQUAL ARITY: expStr=purust_core::Func1<crate::UnknownType, focus> actStr=purust_core::Func1<crate::UnknownType, crate::UnknownType>
FUNCTION Data_Semigroup_semigroupRecordCons args: 4 extracted: Just
BindingGroup: Data_Semigroup_semigroupFn type: ConstrainedType(Other) vars: s, s'
BOXUNBOX FUNC: expStr=purust_core::Func2<purust_core::Func1<s, s_prime>, purust_core::Func1<s, s_prime>, purust_core::Func1<s, s_prime>> actStr=purust_core::Func3<purust_core::Func1<s, s_prime>, purust_core::Func1<s, s_prime>, s, s_prime>
FUNCTION Data_Semigroup_semigroupFn args: 1 extracted: Just
BindingGroup: Data_Semigroup_append type: ForAll(ConstrainedType(Func)) vars: 
FUNCTION Data_Semigroup_append args: 3 extracted: Nothing
BindingGroup: Data_Semigroup_semigroupRecord type: ConstrainedType(Other) vars: list, row
FUNCTION Data_Semigroup_semigroupRecord args: 2 extracted: Just
BindingGroup: Data_Semigroup_appendRecord type: ForAll(ConstrainedType(Func)) vars: 
FUNCTION Data_Semigroup_appendRecord args: 4 extracted: Nothing
BindingGroup: Data_Semigroup_semigroupArray type: Other vars: a
BindingGroup: Data_Semigroup_semigroupProxy type: Other vars: a
BindingGroup: Data_Semigroup_semigroupRecordNil type: TypeApp(Other, [...]) vars: row
BindingGroup: Data_Semigroup_semigroupString type: Other vars: 
BindingGroup: Data_Semigroup_semigroupUnit type: Other vars: 
BindingGroup: Data_Semigroup_semigroupVoid type: Other vars: 
findFfiFile [Data.Semigroup] -> ../purust-prelude/src/Data/Semigroup.rs
Found FFI for Data.Semigroup at: (Just "../purust-prelude/src/Data/Semigroup.rs")
Found FFI for Data.Semigroup at: (Just "../purust-prelude/src/Data/Semigroup.rs")
BindingGroup: Data_Show_showRecordFieldsConsNil type: ConstrainedType(TypeApp(Other, [...])) vars: focus, key, row
FUNCTION Data_Show_showRecordFieldsConsNil args: 2 extracted: Just
BindingGroup: Data_Show_showRecordFieldsCons type: ConstrainedType(TypeApp(Other, [...])) vars: focus, key, row, rowlistTail
FUNCTION Data_Show_showRecordFieldsCons args: 3 extracted: Just
BindingGroup: Data_Show_showArray type: ConstrainedType(Other) vars: a
FUNCTION Data_Show_showArray args: 1 extracted: Just
BindingGroup: Data_Show_show type: ForAll(ConstrainedType(Func)) vars: 
FUNCTION Data_Show_show args: 2 extracted: Nothing
BindingGroup: Data_Show_showBoolean type: Other vars: 
BindingGroup: Data_Show_showChar type: Other vars: 
BindingGroup: Data_Show_showInt type: Other vars: 
BindingGroup: Data_Show_showNumber type: Other vars: 
BindingGroup: Data_Show_showProxy type: Other vars: a
BindingGroup: Data_Show_showRecord type: ConstrainedType(Other) vars: ls, rs
FUNCTION Data_Show_showRecord args: 3 extracted: Just
BindingGroup: Data_Show_showRecordFields type: ForAll(ConstrainedType(Func)) vars: 
FUNCTION Data_Show_showRecordFields args: 3 extracted: Nothing
BindingGroup: Data_Show_showRecordFieldsNil type: TypeApp(Other, [...]) vars: row
BindingGroup: Data_Show_showString type: Other vars: 
BindingGroup: Data_Show_showUnit type: Other vars: 
BindingGroup: Data_Show_showVoid type: Other vars: 
findFfiFile [Data.Show] -> ../purust-prelude/src/Data/Show.rs
Found FFI for Data.Show at: (Just "../purust-prelude/src/Data/Show.rs")
Found FFI for Data.Show at: (Just "../purust-prelude/src/Data/Show.rs")
BindingGroup: Data_Ordering_eqOrdering type: Other vars: 
BindingGroup: Data_Ordering_invert type: Func vars: 
FUNCTION Data_Ordering_invert args: 1 extracted: Just
BindingGroup: Data_Ordering_semigroupOrdering type: Other vars: 
BindingGroup: Data_Ordering_showOrdering type: Other vars: 
BindingGroup: Data_Ordering_EQ type: Other vars: 
BindingGroup: Data_Ordering_GT type: Other vars: 
BindingGroup: Data_Ordering_LT type: Other vars: 
findFfiFile [Data.Ordering] -> null
Found FFI for Data.Ordering at: Nothing
Found FFI for Data.Ordering at: Nothing
BindingGroup: Data_Semiring_semiringRecordCons type: ConstrainedType(TypeApp(Other, [...])) vars: focus, key, row, rowlistTail, subrow, subrowTail
BOXUNBOX EQUAL ARITY: expStr=purust_core::Func1<crate::UnknownType, focus> actStr=purust_core::Func1<crate::UnknownType, crate::UnknownType>
BOXUNBOX EQUAL ARITY: expStr=purust_core::Func1<crate::UnknownType, focus> actStr=purust_core::Func1<crate::UnknownType, crate::UnknownType>
FUNCTION Data_Semiring_semiringRecordCons args: 4 extracted: Just
BindingGroup: Data_Semiring_semiringFn type: ConstrainedType(Other) vars: a, b
BOXUNBOX FUNC: expStr=purust_core::Func2<purust_core::Func1<a, b>, purust_core::Func1<a, b>, purust_core::Func1<a, b>> actStr=purust_core::Func3<purust_core::Func1<a, b>, purust_core::Func1<a, b>, a, b>
BOXUNBOX FUNC: expStr=purust_core::Func2<purust_core::Func1<a, b>, purust_core::Func1<a, b>, purust_core::Func1<a, b>> actStr=purust_core::Func3<purust_core::Func1<a, b>, purust_core::Func1<a, b>, a, b>
FUNCTION Data_Semiring_semiringFn args: 1 extracted: Just
BindingGroup: Data_Semiring_add type: ForAll(ConstrainedType(Func)) vars: 
FUNCTION Data_Semiring_add args: 3 extracted: Nothing
BindingGroup: Data_Semiring_semiringRecord type: ConstrainedType(Other) vars: list, row
FUNCTION Data_Semiring_semiringRecord args: 2 extracted: Just
BindingGroup: Data_Semiring_addRecord type: ForAll(ConstrainedType(Func)) vars: 
FUNCTION Data_Semiring_addRecord args: 4 extracted: Nothing
BindingGroup: Data_Semiring_mul type: ForAll(ConstrainedType(Func)) vars: 
FUNCTION Data_Semiring_mul args: 3 extracted: Nothing
BindingGroup: Data_Semiring_mulRecord type: ForAll(ConstrainedType(Func)) vars: 
FUNCTION Data_Semiring_mulRecord args: 4 extracted: Nothing
BindingGroup: Data_Semiring_one type: ForAll(ConstrainedType(TypeVar(a))) vars: 
FUNCTION Data_Semiring_one args: 1 extracted: Just
BindingGroup: Data_Semiring_oneRecord type: ForAll(ConstrainedType(Func)) vars: 
FUNCTION Data_Semiring_oneRecord args: 3 extracted: Nothing
BindingGroup: Data_Semiring_semiringInt type: Other vars: 
BindingGroup: Data_Semiring_semiringNumber type: Other vars: 
BindingGroup: Data_Semiring_semiringProxy type: Other vars: a
BindingGroup: Data_Semiring_semiringRecordNil type: TypeApp(Other, [...]) vars: row
BindingGroup: Data_Semiring_semiringUnit type: Other vars: 
BindingGroup: Data_Semiring_zero type: ForAll(ConstrainedType(TypeVar(a))) vars: 
FUNCTION Data_Semiring_zero args: 1 extracted: Just
BindingGroup: Data_Semiring_zeroRecord type: ForAll(ConstrainedType(Func)) vars: 
FUNCTION Data_Semiring_zeroRecord args: 3 extracted: Nothing
findFfiFile [Data.Semiring] -> ../purust-prelude/src/Data/Semiring.rs
Found FFI for Data.Semiring at: (Just "../purust-prelude/src/Data/Semiring.rs")
Found FFI for Data.Semiring at: (Just "../purust-prelude/src/Data/Semiring.rs")
BindingGroup: Data_Ring_negate type: ConstrainedType(Func) vars: a
FUNCTION Data_Ring_negate args: 2 extracted: Just
BindingGroup: Data_Ring_ringFn type: ConstrainedType(Other) vars: a, b
BOXUNBOX FUNC: expStr=purust_core::Func2<purust_core::Func1<a, b>, purust_core::Func1<a, b>, purust_core::Func1<a, b>> actStr=purust_core::Func3<purust_core::Func1<a, b>, purust_core::Func1<a, b>, a, b>
FUNCTION Data_Ring_ringFn args: 1 extracted: Just
BindingGroup: Data_Ring_ringInt type: Other vars: 
BindingGroup: Data_Ring_ringNumber type: Other vars: 
BindingGroup: Data_Ring_ringProxy type: Other vars: a
BindingGroup: Data_Ring_ringRecord type: ConstrainedType(Other) vars: list, row
FUNCTION Data_Ring_ringRecord args: 2 extracted: Just
BindingGroup: Data_Ring_ringRecordCons type: ConstrainedType(TypeApp(Other, [...])) vars: focus, key, row, rowlistTail, subrow, subrowTail
BOXUNBOX EQUAL ARITY: expStr=purust_core::Func1<crate::UnknownType, focus> actStr=purust_core::Func1<crate::UnknownType, crate::UnknownType>
FUNCTION Data_Ring_ringRecordCons args: 4 extracted: Just
BindingGroup: Data_Ring_ringRecordNil type: TypeApp(Other, [...]) vars: row
BindingGroup: Data_Ring_ringUnit type: Other vars: 
BindingGroup: Data_Ring_sub type: ForAll(ConstrainedType(Func)) vars: 
FUNCTION Data_Ring_sub args: 3 extracted: Nothing
BindingGroup: Data_Ring_subRecord type: ForAll(ConstrainedType(Func)) vars: 
FUNCTION Data_Ring_subRecord args: 4 extracted: Nothing
findFfiFile [Data.Ring] -> ../purust-prelude/src/Data/Ring.rs
Found FFI for Data.Ring at: (Just "../purust-prelude/src/Data/Ring.rs")
Found FFI for Data.Ring at: (Just "../purust-prelude/src/Data/Ring.rs")
BindingGroup: Data_Ord_abs type: ConstrainedType(Func) vars: a
FUNCTION Data_Ord_abs args: 3 extracted: Just
BindingGroup: Data_Ord_between type: ConstrainedType(Func) vars: a
FUNCTION Data_Ord_between args: 4 extracted: Just
BindingGroup: Data_Ord_clamp type: ConstrainedType(Func) vars: a
FUNCTION Data_Ord_clamp args: 4 extracted: Just
BindingGroup: Data_Ord_ordRecordCons type: ConstrainedType(TypeApp(Other, [...])) vars: focus, key, row, rowTail, rowlistTail
FUNCTION Data_Ord_ordRecordCons args: 4 extracted: Just
BindingGroup: Data_Ord_ord1Array type: Other vars: 
BindingGroup: Data_Ord_ordArray type: ConstrainedType(Other) vars: a
FUNCTION Data_Ord_ordArray args: 1 extracted: Just
BindingGroup: Data_Ord_min type: ConstrainedType(Func) vars: a
FUNCTION Data_Ord_min args: 3 extracted: Just
BindingGroup: Data_Ord_max type: ConstrainedType(Func) vars: a
FUNCTION Data_Ord_max args: 3 extracted: Just
BindingGroup: Data_Ord_lessThanOrEq type: ConstrainedType(Func) vars: a
FUNCTION Data_Ord_lessThanOrEq args: 3 extracted: Just
BindingGroup: Data_Ord_signum type: ConstrainedType(Func) vars: a
FUNCTION Data_Ord_signum args: 3 extracted: Just
BindingGroup: Data_Ord_lessThan type: ConstrainedType(Func) vars: a
FUNCTION Data_Ord_lessThan args: 3 extracted: Just
BindingGroup: Data_Ord_greaterThanOrEq type: ConstrainedType(Func) vars: a
FUNCTION Data_Ord_greaterThanOrEq args: 3 extracted: Just
BindingGroup: Data_Ord_greaterThan type: ConstrainedType(Func) vars: a
FUNCTION Data_Ord_greaterThan args: 3 extracted: Just
BindingGroup: Data_Ord_comparing type: ConstrainedType(Func) vars: a, b
FUNCTION Data_Ord_comparing args: 4 extracted: Just
BindingGroup: Data_Ord_compare type: ForAll(ConstrainedType(Func)) vars: 
FUNCTION Data_Ord_compare args: 3 extracted: Nothing
BindingGroup: Data_Ord_compare1 type: ForAll(ConstrainedType(Func)) vars: 
FUNCTION Data_Ord_compare1 args: 4 extracted: Nothing
BindingGroup: Data_Ord_ordRecord type: ConstrainedType(Other) vars: list, row
FUNCTION Data_Ord_ordRecord args: 2 extracted: Just
BindingGroup: Data_Ord_compareRecord type: ForAll(ConstrainedType(Func)) vars: 
FUNCTION Data_Ord_compareRecord args: 4 extracted: Nothing
BindingGroup: Data_Ord_ordBoolean type: Other vars: 
BindingGroup: Data_Ord_ordChar type: Other vars: 
BindingGroup: Data_Ord_ordInt type: Other vars: 
BindingGroup: Data_Ord_ordNumber type: Other vars: 
BindingGroup: Data_Ord_ordOrdering type: Other vars: 
BindingGroup: Data_Ord_ordProxy type: Other vars: a
BindingGroup: Data_Ord_ordRecordNil type: TypeApp(Other, [...]) vars: row
BindingGroup: Data_Ord_ordString type: Other vars: 
BindingGroup: Data_Ord_ordUnit type: Other vars: 
BindingGroup: Data_Ord_ordVoid type: Other vars: 
findFfiFile [Data.Ord] -> ../purust-prelude/src/Data/Ord.rs
Found FFI for Data.Ord at: (Just "../purust-prelude/src/Data/Ord.rs")
Found FFI for Data.Ord at: (Just "../purust-prelude/src/Data/Ord.rs")
BindingGroup: Data_Function_apply type: Func vars: a, b
FUNCTION Data_Function_apply args: 2 extracted: Just
BindingGroup: Data_Function_applyFlipped type: Func vars: a, b
FUNCTION Data_Function_applyFlipped args: 2 extracted: Just
BindingGroup: Data_Function_applyN type: Func vars: a
FUNCTION Data_Function_applyN args: 3 extracted: Nothing
BindingGroup: Data_Function_const type: Func vars: a, b
FUNCTION Data_Function_const args: 2 extracted: Just
BindingGroup: Data_Function_flip type: Func vars: a, b, c
FUNCTION Data_Function_flip args: 3 extracted: Just
BindingGroup: Data_Function_on type: Func vars: a, b, c
FUNCTION Data_Function_on args: 4 extracted: Just
findFfiFile [Data.Function] -> null
Found FFI for Data.Function at: Nothing
Found FFI for Data.Function at: Nothing
BindingGroup: Data_Functor_flap type: ConstrainedType(Func) vars: a, b, f
BOXUNBOX EQUAL ARITY: expStr=purust_core::Func1<a, b> actStr=purust_core::Func1<purust_core::Func1<a, b>, b>
FUNCTION Data_Functor_flap args: 3 extracted: Just
BindingGroup: Data_Functor_functorArray type: Other vars: 
BindingGroup: Data_Functor_functorFn type: Other vars: r
BOXUNBOX FUNC: expStr=purust_core::Func2<purust_core::Func1<crate::UnknownType, crate::UnknownType>, crate::UnknownType, crate::UnknownType> actStr=purust_core::Func3<purust_core::Func1<crate::UnknownType, crate::UnknownType>, purust_core::Func1<r, crate::UnknownType>, r, crate::UnknownType>
BindingGroup: Data_Functor_functorProxy type: Other vars: 
BindingGroup: Data_Functor_voidRight type: ConstrainedType(Func) vars: a, b, f
UNSAFE_COERCE GENERATED: expStr=b actStr=a expTy=TypeVar(b) actTy=TypeVar(a)
UNSAFE_COERCE GENERATED: expStr=b actStr=a expTy=TypeVar(b) actTy=TypeVar(a)
BOXUNBOX EQUAL ARITY: expStr=purust_core::Func1<a, b> actStr=purust_core::Func1<b, a>
FUNCTION Data_Functor_voidRight args: 3 extracted: Nothing
BindingGroup: Data_Functor_voidLeft type: ConstrainedType(Func) vars: a, b, f
UNSAFE_COERCE GENERATED: expStr=a actStr=b expTy=TypeVar(a) actTy=TypeVar(b)
UNSAFE_COERCE GENERATED: expStr=b actStr=a expTy=TypeVar(b) actTy=TypeVar(a)
FUNCTION Data_Functor_voidLeft args: 3 extracted: Just
BindingGroup: Data_Functor_void type: ConstrainedType(Func) vars: a, f
FUNCTION Data_Functor_void args: 2 extracted: Nothing
BindingGroup: Data_Functor_mapFlipped type: ConstrainedType(Func) vars: a, b, f
FUNCTION Data_Functor_mapFlipped args: 3 extracted: Just
BindingGroup: Data_Functor_map type: ForAll(ConstrainedType(Func)) vars: 
FUNCTION Data_Functor_map args: 3 extracted: Nothing
findFfiFile [Data.Functor] -> ../purust-prelude/src/Data/Functor.rs
Found FFI for Data.Functor at: (Just "../purust-prelude/src/Data/Functor.rs")
Found FFI for Data.Functor at: (Just "../purust-prelude/src/Data/Functor.rs")
BindingGroup: Control_Alt_alt type: ForAll(ConstrainedType(Func)) vars: 
FUNCTION Control_Alt_alt args: 3 extracted: Nothing
BindingGroup: Control_Alt_altArray type: Other vars: 
findFfiFile [Control.Alt] -> null
Found FFI for Control.Alt at: Nothing
Found FFI for Control.Alt at: Nothing
BindingGroup: Control_Apply_lift5 type: ConstrainedType(Func) vars: a, b, c, d, e, f, g
BOXUNBOX FUNC: expStr=purust_core::Func1<a, b> actStr=purust_core::Func5<a, b, c, d, e, g>
FUNCTION Control_Apply_lift5 args: 7 extracted: Just
BindingGroup: Control_Apply_lift4 type: ConstrainedType(Func) vars: a, b, c, d, e, f
BOXUNBOX FUNC: expStr=purust_core::Func1<a, b> actStr=purust_core::Func4<a, b, c, d, e>
FUNCTION Control_Apply_lift4 args: 6 extracted: Just
BindingGroup: Control_Apply_lift3 type: ConstrainedType(Func) vars: a, b, c, d, f
BOXUNBOX FUNC: expStr=purust_core::Func1<a, b> actStr=purust_core::Func3<a, b, c, d>
FUNCTION Control_Apply_lift3 args: 5 extracted: Just
BindingGroup: Control_Apply_lift2 type: ConstrainedType(Func) vars: a, b, c, f
BOXUNBOX FUNC: expStr=purust_core::Func1<a, b> actStr=purust_core::Func2<a, b, c>
FUNCTION Control_Apply_lift2 args: 4 extracted: Just
BindingGroup: Control_Apply_applySecond type: ConstrainedType(Func) vars: a, b, f
BOXUNBOX FUNC: expStr=purust_core::Func1<a, b> actStr=purust_core::Func2<a, b, b>
FUNCTION Control_Apply_applySecond args: 3 extracted: Just
BindingGroup: Control_Apply_applyFirst type: ConstrainedType(Func) vars: a, b, f
BOXUNBOX FUNC: expStr=purust_core::Func1<a, b> actStr=purust_core::Func2<a, b, a>
FUNCTION Control_Apply_applyFirst args: 3 extracted: Just
BindingGroup: Control_Apply_apply type: ForAll(ConstrainedType(Func)) vars: 
FUNCTION Control_Apply_apply args: 3 extracted: Nothing
BindingGroup: Control_Apply_applyArray type: Other vars: 
BindingGroup: Control_Apply_applyFn type: Other vars: r
BOXUNBOX FUNC: expStr=purust_core::Func2<crate::UnknownType, crate::UnknownType, crate::UnknownType> actStr=purust_core::Func3<purust_core::Func2<r, crate::UnknownType, crate::UnknownType>, purust_core::Func1<r, crate::UnknownType>, r, crate::UnknownType>
BindingGroup: Control_Apply_applyProxy type: Other vars: 
findFfiFile [Control.Apply] -> null
Found FFI for Control.Apply at: Nothing
Found FFI for Control.Apply at: Nothing
genFallback arrayApply args: ["mut a0: crate::UnknownType","mut a1: crate::UnknownType"]
BindingGroup: Control_Applicative_applicativeArray type: Other vars: 
BindingGroup: Control_Applicative_applicativeFn type: Other vars: r
BOXUNBOX FUNC: expStr=purust_core::Func1<crate::UnknownType, crate::UnknownType> actStr=purust_core::Func2<crate::UnknownType, r, crate::UnknownType>
BindingGroup: Control_Applicative_applicativeProxy type: Other vars: 
BindingGroup: Control_Applicative_liftA1 type: ConstrainedType(Func) vars: a, b, f
FUNCTION Control_Applicative_liftA1 args: 3 extracted: Just
BindingGroup: Control_Applicative_when type: ConstrainedType(Func) vars: m
FUNCTION Control_Applicative_when args: 3 extracted: Just
BindingGroup: Control_Applicative_unless type: ConstrainedType(Func) vars: m
FUNCTION Control_Applicative_unless args: 3 extracted: Just
BindingGroup: Control_Applicative_pure type: ForAll(ConstrainedType(Func)) vars: 
FUNCTION Control_Applicative_pure args: 2 extracted: Nothing
findFfiFile [Control.Applicative] -> null
Found FFI for Control.Applicative at: Nothing
Found FFI for Control.Applicative at: Nothing
BindingGroup: Control_Plus_empty type: ForAll(ConstrainedType(TypeApp(TypeVar(f), [...]))) vars: 
FUNCTION Control_Plus_empty args: 1 extracted: Just
BindingGroup: Control_Plus_plusArray type: Other vars: 
findFfiFile [Control.Plus] -> null
Found FFI for Control.Plus at: Nothing
Found FFI for Control.Plus at: Nothing
BindingGroup: Control_Alternative_alternativeArray type: Other vars: 
BindingGroup: Control_Alternative_guard type: ConstrainedType(Func) vars: m
FUNCTION Control_Alternative_guard args: 2 extracted: Just
findFfiFile [Control.Alternative] -> null
Found FFI for Control.Alternative at: Nothing
Found FFI for Control.Alternative at: Nothing
BindingGroup: Data_BooleanAlgebra_booleanAlgebraBoolean type: Other vars: 
BindingGroup: Data_BooleanAlgebra_booleanAlgebraFn type: ConstrainedType(Other) vars: a, b
FUNCTION Data_BooleanAlgebra_booleanAlgebraFn args: 1 extracted: Just
BindingGroup: Data_BooleanAlgebra_booleanAlgebraProxy type: Other vars: a
BindingGroup: Data_BooleanAlgebra_booleanAlgebraRecord type: ConstrainedType(Other) vars: list, row
FUNCTION Data_BooleanAlgebra_booleanAlgebraRecord args: 2 extracted: Just
BindingGroup: Data_BooleanAlgebra_booleanAlgebraRecordCons type: ConstrainedType(TypeApp(Other, [...])) vars: focus, key, row, rowlistTail, subrow, subrowTail
FUNCTION Data_BooleanAlgebra_booleanAlgebraRecordCons args: 4 extracted: Just
BindingGroup: Data_BooleanAlgebra_booleanAlgebraRecordNil type: TypeApp(Other, [...]) vars: row
BindingGroup: Data_BooleanAlgebra_booleanAlgebraUnit type: Other vars: 
findFfiFile [Data.BooleanAlgebra] -> null
Found FFI for Data.BooleanAlgebra at: Nothing
Found FFI for Data.BooleanAlgebra at: Nothing
BindingGroup: Data_Bounded_boundedRecordCons type: ConstrainedType(TypeApp(Other, [...])) vars: focus, key, row, rowTail, rowlistTail, subrow, subrowTail
BOXUNBOX EQUAL ARITY: expStr=purust_core::Func1<crate::UnknownType, focus> actStr=purust_core::Func1<crate::UnknownType, crate::UnknownType>
FUNCTION Data_Bounded_boundedRecordCons args: 5 extracted: Just
BindingGroup: Data_Bounded_bottom type: ForAll(ConstrainedType(TypeVar(a))) vars: 
FUNCTION Data_Bounded_bottom args: 1 extracted: Just
BindingGroup: Data_Bounded_boundedRecord type: ConstrainedType(Other) vars: list, row
FUNCTION Data_Bounded_boundedRecord args: 2 extracted: Just
BindingGroup: Data_Bounded_bottomRecord type: ForAll(ConstrainedType(Func)) vars: 
FUNCTION Data_Bounded_bottomRecord args: 3 extracted: Nothing
BindingGroup: Data_Bounded_boundedBoolean type: Other vars: 
BindingGroup: Data_Bounded_boundedChar type: Other vars: 
BindingGroup: Data_Bounded_boundedInt type: Other vars: 
BindingGroup: Data_Bounded_boundedNumber type: Other vars: 
BindingGroup: Data_Bounded_boundedOrdering type: Other vars: 
BindingGroup: Data_Bounded_boundedProxy type: Other vars: a
BindingGroup: Data_Bounded_boundedRecordNil type: TypeApp(Other, [...]) vars: row
BindingGroup: Data_Bounded_boundedUnit type: Other vars: 
BindingGroup: Data_Bounded_top type: ForAll(ConstrainedType(TypeVar(a))) vars: 
FUNCTION Data_Bounded_top args: 1 extracted: Just
BindingGroup: Data_Bounded_topRecord type: ForAll(ConstrainedType(Func)) vars: 
FUNCTION Data_Bounded_topRecord args: 3 extracted: Nothing
findFfiFile [Data.Bounded] -> ../purust-prelude/src/Data/Bounded.rs
Found FFI for Data.Bounded at: (Just "../purust-prelude/src/Data/Bounded.rs")
Found FFI for Data.Bounded at: (Just "../purust-prelude/src/Data/Bounded.rs")
BindingGroup: Data_CommutativeRing_commutativeRingFn type: ConstrainedType(Other) vars: a, b
BOXUNBOX FUNC: expStr=purust_core::Func2<purust_core::Func1<a, b>, purust_core::Func1<a, b>, purust_core::Func1<a, b>> actStr=purust_core::Func3<purust_core::Func1<a, b>, purust_core::Func1<a, b>, a, b>
FUNCTION Data_CommutativeRing_commutativeRingFn args: 1 extracted: Just
BindingGroup: Data_CommutativeRing_commutativeRingInt type: Other vars: 
BindingGroup: Data_CommutativeRing_commutativeRingNumber type: Other vars: 
BindingGroup: Data_CommutativeRing_commutativeRingProxy type: Other vars: a
BindingGroup: Data_CommutativeRing_commutativeRingRecord type: ConstrainedType(Other) vars: list, row
FUNCTION Data_CommutativeRing_commutativeRingRecord args: 2 extracted: Just
BindingGroup: Data_CommutativeRing_commutativeRingRecordCons type: ConstrainedType(TypeApp(Other, [...])) vars: focus, key, row, rowlistTail, subrow, subrowTail
FUNCTION Data_CommutativeRing_commutativeRingRecordCons args: 4 extracted: Just
BindingGroup: Data_CommutativeRing_commutativeRingRecordNil type: TypeApp(Other, [...]) vars: row
BindingGroup: Data_CommutativeRing_commutativeRingUnit type: Other vars: 
findFfiFile [Data.CommutativeRing] -> null
Found FFI for Data.CommutativeRing at: Nothing
Found FFI for Data.CommutativeRing at: Nothing
BindingGroup: Data_EuclideanRing_mod_kw type: ForAll(ConstrainedType(Func)) vars: 
FUNCTION Data_EuclideanRing_mod_kw args: 3 extracted: Nothing
BindingGroup: Data_EuclideanRing_gcd type: ConstrainedType(Func) vars: a
FUNCTION Data_EuclideanRing_gcd args: 4 extracted: Just
BindingGroup: Data_EuclideanRing_degree type: ForAll(ConstrainedType(Func)) vars: 
FUNCTION Data_EuclideanRing_degree args: 2 extracted: Nothing
BindingGroup: Data_EuclideanRing_lcm type: ConstrainedType(Func) vars: a
FUNCTION Data_EuclideanRing_lcm args: 4 extracted: Just
BindingGroup: Data_EuclideanRing_div type: ForAll(ConstrainedType(Func)) vars: 
FUNCTION Data_EuclideanRing_div args: 3 extracted: Nothing
BindingGroup: Data_EuclideanRing_euclideanRingInt type: Other vars: 
BindingGroup: Data_EuclideanRing_euclideanRingNumber type: Other vars: 
findFfiFile [Data.EuclideanRing] -> ../purust-prelude/src/Data/EuclideanRing.rs
Found FFI for Data.EuclideanRing at: (Just "../purust-prelude/src/Data/EuclideanRing.rs")
Found FFI for Data.EuclideanRing at: (Just "../purust-prelude/src/Data/EuclideanRing.rs")
BindingGroup: Control_Bind_join type: ConstrainedType(Func) vars: a, m
BOXUNBOX EQUAL ARITY: expStr=purust_core::Func1<a, crate::UnknownType> actStr=purust_core::Func1<crate::UnknownType, crate::UnknownType>
FUNCTION Control_Bind_join args: 2 extracted: Just
BindingGroup: Control_Bind_ifM type: ConstrainedType(Func) vars: a, m
BOXUNBOX EQUAL ARITY: expStr=purust_core::Func1<a, crate::UnknownType> actStr=purust_core::Func1<bool, crate::UnknownType>
FUNCTION Control_Bind_ifM args: 4 extracted: Just
BindingGroup: Control_Bind_discardUnit type: Other vars: 
BindingGroup: Control_Bind_discardProxy type: Other vars: a
UNSAFE_COERCE GENERATED: expStr=std::rc::Rc<Purs_Type_Proxy::Proxy<a>> actStr=a expTy=TypeApp(Other, [...]) actTy=TypeVar(a)
BOXUNBOX EQUAL ARITY: expStr=purust_core::Func1<a, crate::UnknownType> actStr=purust_core::Func1<std::rc::Rc<Purs_Type_Proxy::Proxy<a>>, crate::UnknownType>
BOXUNBOX EQUAL ARITY: expStr=purust_core::Func2<crate::UnknownType, purust_core::Func1<std::rc::Rc<Purs_Type_Proxy::Proxy<a>>, crate::UnknownType>, crate::UnknownType> actStr=purust_core::Func2<crate::UnknownType, purust_core::Func1<a, crate::UnknownType>, crate::UnknownType>
BindingGroup: Control_Bind_composeKleisli type: ConstrainedType(Func) vars: a, b, c, m
UNSAFE_COERCE GENERATED: expStr=b actStr=a expTy=TypeVar(b) actTy=TypeVar(a)
BOXUNBOX EQUAL ARITY: expStr=purust_core::Func1<a, crate::UnknownType> actStr=purust_core::Func1<b, crate::UnknownType>
FUNCTION Control_Bind_composeKleisli args: 4 extracted: Just
BindingGroup: Control_Bind_composeKleisliFlipped type: ConstrainedType(Func) vars: a, b, c, m
FUNCTION Control_Bind_composeKleisliFlipped args: 4 extracted: Just
BindingGroup: Control_Bind_bindFlipped type: ConstrainedType(Func) vars: a, b, m
FUNCTION Control_Bind_bindFlipped args: 3 extracted: Just
BindingGroup: Control_Bind_bind type: ForAll(ConstrainedType(Func)) vars: 
FUNCTION Control_Bind_bind args: 3 extracted: Nothing
BindingGroup: Control_Bind_bindArray type: Other vars: 
BindingGroup: Control_Bind_bindFn type: Other vars: r
BOXUNBOX FUNC: expStr=purust_core::Func2<crate::UnknownType, purust_core::Func1<crate::UnknownType, crate::UnknownType>, crate::UnknownType> actStr=purust_core::Func3<purust_core::Func1<r, crate::UnknownType>, purust_core::Func2<crate::UnknownType, r, crate::UnknownType>, r, crate::UnknownType>
BindingGroup: Control_Bind_bindProxy type: Other vars: 
BindingGroup: Control_Bind_discard type: ForAll(ConstrainedType(Func)) vars: 
FUNCTION Control_Bind_discard args: 4 extracted: Nothing
findFfiFile [Control.Bind] -> ../purust-prelude/src/Control/Bind.rs
Found FFI for Control.Bind at: (Just "../purust-prelude/src/Control/Bind.rs")
Found FFI for Control.Bind at: (Just "../purust-prelude/src/Control/Bind.rs")
BindingGroup: Control_Monad_ap type: ConstrainedType(Func) vars: a, b, m
UNSAFE_COERCE GENERATED: expStr=a actStr=b expTy=TypeVar(a) actTy=TypeVar(b)
BOXUNBOX EQUAL ARITY: expStr=purust_core::Func1<a, crate::UnknownType> actStr=purust_core::Func1<purust_core::Func1<a, b>, crate::UnknownType>
FUNCTION Control_Monad_ap args: 3 extracted: Just
BindingGroup: Control_Monad_liftM1 type: ConstrainedType(Func) vars: a, b, m
UNSAFE_COERCE GENERATED: expStr=a actStr=b expTy=TypeVar(a) actTy=TypeVar(b)
FUNCTION Control_Monad_liftM1 args: 3 extracted: Just
BindingGroup: Control_Monad_monadArray type: Other vars: 
BindingGroup: Control_Monad_monadFn type: Other vars: r
BindingGroup: Control_Monad_monadProxy type: Other vars: 
BindingGroup: Control_Monad_unlessM type: ConstrainedType(Func) vars: m
BOXUNBOX EQUAL ARITY: expStr=purust_core::Func1<crate::UnknownType, crate::UnknownType> actStr=purust_core::Func1<bool, crate::UnknownType>
FUNCTION Control_Monad_unlessM args: 3 extracted: Just
BindingGroup: Control_Monad_whenM type: ConstrainedType(Func) vars: m
BOXUNBOX EQUAL ARITY: expStr=purust_core::Func1<crate::UnknownType, crate::UnknownType> actStr=purust_core::Func1<bool, crate::UnknownType>
FUNCTION Control_Monad_whenM args: 3 extracted: Just
findFfiFile [Control.Monad] -> null
Found FFI for Control.Monad at: Nothing
Found FFI for Control.Monad at: Nothing
BindingGroup: Data_Monoid_guard type: ConstrainedType(Func) vars: m
FUNCTION Data_Monoid_guard args: 3 extracted: Just
BindingGroup: Data_Monoid_power type: ConstrainedType(Func) vars: m
FUNCTION Data_Monoid_power args: 3 extracted: Nothing
BindingGroup: Data_Monoid_monoidRecordCons type: ConstrainedType(TypeApp(Other, [...])) vars: focus, key, row, rowlistTail, subrow, subrowTail
BOXUNBOX EQUAL ARITY: expStr=purust_core::Func1<crate::UnknownType, focus> actStr=purust_core::Func1<crate::UnknownType, crate::UnknownType>
FUNCTION Data_Monoid_monoidRecordCons args: 4 extracted: Just
BindingGroup: Data_Monoid_monoidFn type: ConstrainedType(Other) vars: a, b
FUNCTION Data_Monoid_monoidFn args: 1 extracted: Just
BindingGroup: Data_Monoid_mempty type: ForAll(ConstrainedType(TypeVar(m))) vars: 
FUNCTION Data_Monoid_mempty args: 1 extracted: Just
BindingGroup: Data_Monoid_monoidRecord type: ConstrainedType(Other) vars: list, row
FUNCTION Data_Monoid_monoidRecord args: 2 extracted: Just
BindingGroup: Data_Monoid_memptyRecord type: ForAll(ConstrainedType(Func)) vars: 
FUNCTION Data_Monoid_memptyRecord args: 2 extracted: Nothing
BindingGroup: Data_Monoid_monoidArray type: Other vars: a
BindingGroup: Data_Monoid_monoidOrdering type: Other vars: 
BindingGroup: Data_Monoid_monoidRecordNil type: TypeApp(Other, [...]) vars: row
BindingGroup: Data_Monoid_monoidString type: Other vars: 
BindingGroup: Data_Monoid_monoidUnit type: Other vars: 
findFfiFile [Data.Monoid] -> null
Found FFI for Data.Monoid at: Nothing
Found FFI for Data.Monoid at: Nothing
BindingGroup: Data_DivisionRing_divisionringNumber type: Other vars: 
BindingGroup: Data_DivisionRing_leftDiv type: ConstrainedType(Func) vars: a
FUNCTION Data_DivisionRing_leftDiv args: 3 extracted: Just
BindingGroup: Data_DivisionRing_rightDiv type: ConstrainedType(Func) vars: a
FUNCTION Data_DivisionRing_rightDiv args: 3 extracted: Just
BindingGroup: Data_DivisionRing_recip type: ForAll(ConstrainedType(Func)) vars: 
FUNCTION Data_DivisionRing_recip args: 2 extracted: Nothing
findFfiFile [Data.DivisionRing] -> null
Found FFI for Data.DivisionRing at: Nothing
Found FFI for Data.DivisionRing at: Nothing
BindingGroup: Data_Field_field type: ConstrainedType(Other) vars: a
FUNCTION Data_Field_field args: 2 extracted: Just
findFfiFile [Data.Field] -> null
Found FFI for Data.Field at: Nothing
Found FFI for Data.Field at: Nothing
findFfiFile [Data.NaturalTransformation] -> null
Found FFI for Data.NaturalTransformation at: Nothing
Found FFI for Data.NaturalTransformation at: Nothing
findFfiFile [Prelude] -> null
Found FFI for Prelude at: Nothing
Found FFI for Prelude at: Nothing
BindingGroup: Data_Monoid_Additive_monadAdditive type: Other vars: a
BindingGroup: Data_Monoid_Additive_applicativeAdditive type: Other vars: a
BOXUNBOX EQUAL ARITY: expStr=purust_core::Func1<a, crate::UnknownType> actStr=purust_core::Func1<a, a>
BindingGroup: Data_Monoid_Additive_bindAdditive type: Other vars: a
BOXUNBOX EQUAL ARITY: expStr=purust_core::Func2<crate::UnknownType, purust_core::Func1<a, crate::UnknownType>, crate::UnknownType> actStr=purust_core::Func2<a, purust_core::Func1<a, crate::UnknownType>, crate::UnknownType>
BindingGroup: Data_Monoid_Additive_applyAdditive type: Other vars: a
BOXUNBOX EQUAL ARITY: expStr=purust_core::Func2<crate::UnknownType, crate::UnknownType, crate::UnknownType> actStr=purust_core::Func2<purust_core::Func1<a, crate::UnknownType>, a, crate::UnknownType>
BindingGroup: Data_Monoid_Additive_boundedAdditive type: ConstrainedType(Other) vars: a
FUNCTION Data_Monoid_Additive_boundedAdditive args: 1 extracted: Just
BindingGroup: Data_Monoid_Additive_ord1Additive type: Other vars: a
BOXUNBOX EQUAL ARITY: expStr=purust_core::Func3<std::rc::Rc<Purs_Data_Ord::Ord<a>>, crate::UnknownType, crate::UnknownType, std::rc::Rc<Purs_Data_Ordering::Ordering>> actStr=purust_core::Func3<std::rc::Rc<Purs_Data_Ord::Ord<a>>, a, a, std::rc::Rc<Purs_Data_Ordering::Ordering>>
BindingGroup: Data_Monoid_Additive_eq1Additive type: Other vars: a
BOXUNBOX EQUAL ARITY: expStr=purust_core::Func3<std::rc::Rc<Purs_Data_Eq::Eq<a>>, crate::UnknownType, crate::UnknownType, bool> actStr=purust_core::Func3<std::rc::Rc<Purs_Data_Eq::Eq<a>>, a, a, bool>
BindingGroup: Data_Monoid_Additive_eqAdditive type: ConstrainedType(Other) vars: a
FUNCTION Data_Monoid_Additive_eqAdditive args: 1 extracted: Just
BindingGroup: Data_Monoid_Additive_functorAdditive type: Other vars: a
BOXUNBOX EQUAL ARITY: expStr=purust_core::Func2<purust_core::Func1<a, crate::UnknownType>, crate::UnknownType, crate::UnknownType> actStr=purust_core::Func2<purust_core::Func1<a, crate::UnknownType>, a, crate::UnknownType>
BindingGroup: Data_Monoid_Additive_monoidAdditive type: ConstrainedType(Other) vars: a
FUNCTION Data_Monoid_Additive_monoidAdditive args: 1 extracted: Just
BindingGroup: Data_Monoid_Additive_ordAdditive type: ConstrainedType(Other) vars: a
FUNCTION Data_Monoid_Additive_ordAdditive args: 1 extracted: Just
BindingGroup: Data_Monoid_Additive_semigroupAdditive type: ConstrainedType(Other) vars: a
FUNCTION Data_Monoid_Additive_semigroupAdditive args: 1 extracted: Just
BindingGroup: Data_Monoid_Additive_showAdditive type: ConstrainedType(Other) vars: a
FUNCTION Data_Monoid_Additive_showAdditive args: 1 extracted: Just
BindingGroup: Data_Monoid_Additive_Additive type: Func vars: 
FUNCTION Data_Monoid_Additive_Additive args: 1 extracted: Just
findFfiFile [Data.Monoid.Additive] -> null
Found FFI for Data.Monoid.Additive at: Nothing
Found FFI for Data.Monoid.Additive at: Nothing
BindingGroup: Control_Extend_composeCoKleisli type: ConstrainedType(Func) vars: a, b, c, w
FUNCTION Control_Extend_composeCoKleisli args: 4 extracted: Just
BindingGroup: Control_Extend_composeCoKleisliFlipped type: ConstrainedType(Func) vars: a, b, c, w
FUNCTION Control_Extend_composeCoKleisliFlipped args: 4 extracted: Just
BindingGroup: Control_Extend_duplicate type: ConstrainedType(Func) vars: a, w
FUNCTION Control_Extend_duplicate args: 2 extracted: Nothing
BindingGroup: Control_Extend_extendFlipped type: ConstrainedType(Func) vars: a, b, w
FUNCTION Control_Extend_extendFlipped args: 3 extracted: Just
BindingGroup: Control_Extend_extend type: ForAll(ConstrainedType(Func)) vars: 
FUNCTION Control_Extend_extend args: 3 extracted: Nothing
BindingGroup: Control_Extend_extendArray type: Other vars: 
BindingGroup: Control_Extend_extendFn type: ConstrainedType(Other) vars: w
BOXUNBOX EQUAL ARITY: expStr=purust_core::Func1<purust_core::Func1<w, crate::UnknownType>, crate::UnknownType> actStr=purust_core::Func1<crate::UnknownType, crate::UnknownType>
BOXUNBOX FUNC: expStr=purust_core::Func2<purust_core::Func1<crate::UnknownType, crate::UnknownType>, crate::UnknownType, crate::UnknownType> actStr=purust_core::Func3<purust_core::Func1<purust_core::Func1<w, crate::UnknownType>, crate::UnknownType>, purust_core::Func1<w, crate::UnknownType>, w, crate::UnknownType>
FUNCTION Control_Extend_extendFn args: 1 extracted: Just
findFfiFile [Control.Extend] -> null
Found FFI for Control.Extend at: Nothing
Found FFI for Control.Extend at: Nothing
genFallback arrayExtend args: ["mut a0: purust_core::Func1<crate::UnknownType, b>","mut a1: crate::UnknownType"]
BindingGroup: Control_Comonad_extract type: ForAll(ConstrainedType(Func)) vars: 
FUNCTION Control_Comonad_extract args: 2 extracted: Nothing
findFfiFile [Control.Comonad] -> null
Found FFI for Control.Comonad at: Nothing
Found FFI for Control.Comonad at: Nothing
BindingGroup: Data_Monoid_Conj_monadConj type: Other vars: a
BindingGroup: Data_Monoid_Conj_applicativeConj type: Other vars: a
BOXUNBOX EQUAL ARITY: expStr=purust_core::Func1<a, crate::UnknownType> actStr=purust_core::Func1<a, a>
BindingGroup: Data_Monoid_Conj_bindConj type: Other vars: a
BOXUNBOX EQUAL ARITY: expStr=purust_core::Func2<crate::UnknownType, purust_core::Func1<a, crate::UnknownType>, crate::UnknownType> actStr=purust_core::Func2<a, purust_core::Func1<a, crate::UnknownType>, crate::UnknownType>
BindingGroup: Data_Monoid_Conj_applyConj type: Other vars: a
BOXUNBOX EQUAL ARITY: expStr=purust_core::Func2<crate::UnknownType, crate::UnknownType, crate::UnknownType> actStr=purust_core::Func2<purust_core::Func1<a, crate::UnknownType>, a, crate::UnknownType>
BindingGroup: Data_Monoid_Conj_boundedConj type: ConstrainedType(Other) vars: a
FUNCTION Data_Monoid_Conj_boundedConj args: 1 extracted: Just
BindingGroup: Data_Monoid_Conj_ord1Conj type: Other vars: a
BOXUNBOX EQUAL ARITY: expStr=purust_core::Func3<std::rc::Rc<Purs_Data_Ord::Ord<a>>, crate::UnknownType, crate::UnknownType, std::rc::Rc<Purs_Data_Ordering::Ordering>> actStr=purust_core::Func3<std::rc::Rc<Purs_Data_Ord::Ord<a>>, a, a, std::rc::Rc<Purs_Data_Ordering::Ordering>>
BindingGroup: Data_Monoid_Conj_eq1Conj type: Other vars: a
BOXUNBOX EQUAL ARITY: expStr=purust_core::Func3<std::rc::Rc<Purs_Data_Eq::Eq<a>>, crate::UnknownType, crate::UnknownType, bool> actStr=purust_core::Func3<std::rc::Rc<Purs_Data_Eq::Eq<a>>, a, a, bool>
BindingGroup: Data_Monoid_Conj_eqConj type: ConstrainedType(Other) vars: a
FUNCTION Data_Monoid_Conj_eqConj args: 1 extracted: Just
BindingGroup: Data_Monoid_Conj_functorConj type: Other vars: a
BOXUNBOX EQUAL ARITY: expStr=purust_core::Func2<purust_core::Func1<a, crate::UnknownType>, crate::UnknownType, crate::UnknownType> actStr=purust_core::Func2<purust_core::Func1<a, crate::UnknownType>, a, crate::UnknownType>
BindingGroup: Data_Monoid_Conj_monoidConj type: ConstrainedType(Other) vars: a
FUNCTION Data_Monoid_Conj_monoidConj args: 1 extracted: Just
BindingGroup: Data_Monoid_Conj_ordConj type: ConstrainedType(Other) vars: a
FUNCTION Data_Monoid_Conj_ordConj args: 1 extracted: Just
BindingGroup: Data_Monoid_Conj_semigroupConj type: ConstrainedType(Other) vars: a
FUNCTION Data_Monoid_Conj_semigroupConj args: 1 extracted: Just
BindingGroup: Data_Monoid_Conj_semiringConj type: ConstrainedType(Other) vars: a
FUNCTION Data_Monoid_Conj_semiringConj args: 1 extracted: Just
BindingGroup: Data_Monoid_Conj_showConj type: ConstrainedType(Other) vars: a
FUNCTION Data_Monoid_Conj_showConj args: 1 extracted: Just
BindingGroup: Data_Monoid_Conj_Conj type: Func vars: 
FUNCTION Data_Monoid_Conj_Conj args: 1 extracted: Just
findFfiFile [Data.Monoid.Conj] -> null
Found FFI for Data.Monoid.Conj at: Nothing
Found FFI for Data.Monoid.Conj at: Nothing
BindingGroup: Data_Monoid_Disj_monadDisj type: Other vars: a
BindingGroup: Data_Monoid_Disj_applicativeDisj type: Other vars: a
BOXUNBOX EQUAL ARITY: expStr=purust_core::Func1<a, crate::UnknownType> actStr=purust_core::Func1<a, a>
BindingGroup: Data_Monoid_Disj_bindDisj type: Other vars: a
BOXUNBOX EQUAL ARITY: expStr=purust_core::Func2<crate::UnknownType, purust_core::Func1<a, crate::UnknownType>, crate::UnknownType> actStr=purust_core::Func2<a, purust_core::Func1<a, crate::UnknownType>, crate::UnknownType>
BindingGroup: Data_Monoid_Disj_applyDisj type: Other vars: a
BOXUNBOX EQUAL ARITY: expStr=purust_core::Func2<crate::UnknownType, crate::UnknownType, crate::UnknownType> actStr=purust_core::Func2<purust_core::Func1<a, crate::UnknownType>, a, crate::UnknownType>
BindingGroup: Data_Monoid_Disj_boundedDisj type: ConstrainedType(Other) vars: a
FUNCTION Data_Monoid_Disj_boundedDisj args: 1 extracted: Just
BindingGroup: Data_Monoid_Disj_ord1Disj type: Other vars: a
BOXUNBOX EQUAL ARITY: expStr=purust_core::Func3<std::rc::Rc<Purs_Data_Ord::Ord<a>>, crate::UnknownType, crate::UnknownType, std::rc::Rc<Purs_Data_Ordering::Ordering>> actStr=purust_core::Func3<std::rc::Rc<Purs_Data_Ord::Ord<a>>, a, a, std::rc::Rc<Purs_Data_Ordering::Ordering>>
BindingGroup: Data_Monoid_Disj_eq1Disj type: Other vars: a
BOXUNBOX EQUAL ARITY: expStr=purust_core::Func3<std::rc::Rc<Purs_Data_Eq::Eq<a>>, crate::UnknownType, crate::UnknownType, bool> actStr=purust_core::Func3<std::rc::Rc<Purs_Data_Eq::Eq<a>>, a, a, bool>
BindingGroup: Data_Monoid_Disj_eqDisj type: ConstrainedType(Other) vars: a
FUNCTION Data_Monoid_Disj_eqDisj args: 1 extracted: Just
BindingGroup: Data_Monoid_Disj_functorDisj type: Other vars: a
BOXUNBOX EQUAL ARITY: expStr=purust_core::Func2<purust_core::Func1<a, crate::UnknownType>, crate::UnknownType, crate::UnknownType> actStr=purust_core::Func2<purust_core::Func1<a, crate::UnknownType>, a, crate::UnknownType>
BindingGroup: Data_Monoid_Disj_monoidDisj type: ConstrainedType(Other) vars: a
FUNCTION Data_Monoid_Disj_monoidDisj args: 1 extracted: Just
BindingGroup: Data_Monoid_Disj_ordDisj type: ConstrainedType(Other) vars: a
FUNCTION Data_Monoid_Disj_ordDisj args: 1 extracted: Just
BindingGroup: Data_Monoid_Disj_semigroupDisj type: ConstrainedType(Other) vars: a
FUNCTION Data_Monoid_Disj_semigroupDisj args: 1 extracted: Just
BindingGroup: Data_Monoid_Disj_semiringDisj type: ConstrainedType(Other) vars: a
FUNCTION Data_Monoid_Disj_semiringDisj args: 1 extracted: Just
BindingGroup: Data_Monoid_Disj_showDisj type: ConstrainedType(Other) vars: a
FUNCTION Data_Monoid_Disj_showDisj args: 1 extracted: Just
BindingGroup: Data_Monoid_Disj_Disj type: Func vars: 
FUNCTION Data_Monoid_Disj_Disj args: 1 extracted: Just
findFfiFile [Data.Monoid.Disj] -> null
Found FFI for Data.Monoid.Disj at: Nothing
Found FFI for Data.Monoid.Disj at: Nothing
BindingGroup: Data_Monoid_Dual_monadDual type: Other vars: a
BindingGroup: Data_Monoid_Dual_applicativeDual type: Other vars: a
BOXUNBOX EQUAL ARITY: expStr=purust_core::Func1<a, crate::UnknownType> actStr=purust_core::Func1<a, a>
BindingGroup: Data_Monoid_Dual_bindDual type: Other vars: a
BOXUNBOX EQUAL ARITY: expStr=purust_core::Func2<crate::UnknownType, purust_core::Func1<a, crate::UnknownType>, crate::UnknownType> actStr=purust_core::Func2<a, purust_core::Func1<a, crate::UnknownType>, crate::UnknownType>
BindingGroup: Data_Monoid_Dual_applyDual type: Other vars: a
BOXUNBOX EQUAL ARITY: expStr=purust_core::Func2<crate::UnknownType, crate::UnknownType, crate::UnknownType> actStr=purust_core::Func2<purust_core::Func1<a, crate::UnknownType>, a, crate::UnknownType>
BindingGroup: Data_Monoid_Dual_boundedDual type: ConstrainedType(Other) vars: a
FUNCTION Data_Monoid_Dual_boundedDual args: 1 extracted: Just
BindingGroup: Data_Monoid_Dual_ord1Dual type: Other vars: a
BOXUNBOX EQUAL ARITY: expStr=purust_core::Func3<std::rc::Rc<Purs_Data_Ord::Ord<a>>, crate::UnknownType, crate::UnknownType, std::rc::Rc<Purs_Data_Ordering::Ordering>> actStr=purust_core::Func3<std::rc::Rc<Purs_Data_Ord::Ord<a>>, a, a, std::rc::Rc<Purs_Data_Ordering::Ordering>>
BindingGroup: Data_Monoid_Dual_eq1Dual type: Other vars: a
BOXUNBOX EQUAL ARITY: expStr=purust_core::Func3<std::rc::Rc<Purs_Data_Eq::Eq<a>>, crate::UnknownType, crate::UnknownType, bool> actStr=purust_core::Func3<std::rc::Rc<Purs_Data_Eq::Eq<a>>, a, a, bool>
BindingGroup: Data_Monoid_Dual_eqDual type: ConstrainedType(Other) vars: a
FUNCTION Data_Monoid_Dual_eqDual args: 1 extracted: Just
BindingGroup: Data_Monoid_Dual_functorDual type: Other vars: a
BOXUNBOX EQUAL ARITY: expStr=purust_core::Func2<purust_core::Func1<a, crate::UnknownType>, crate::UnknownType, crate::UnknownType> actStr=purust_core::Func2<purust_core::Func1<a, crate::UnknownType>, a, crate::UnknownType>
BindingGroup: Data_Monoid_Dual_monoidDual type: ConstrainedType(Other) vars: a
FUNCTION Data_Monoid_Dual_monoidDual args: 1 extracted: Just
BindingGroup: Data_Monoid_Dual_ordDual type: ConstrainedType(Other) vars: a
FUNCTION Data_Monoid_Dual_ordDual args: 1 extracted: Just
BindingGroup: Data_Monoid_Dual_semigroupDual type: ConstrainedType(Other) vars: a
FUNCTION Data_Monoid_Dual_semigroupDual args: 1 extracted: Just
BindingGroup: Data_Monoid_Dual_showDual type: ConstrainedType(Other) vars: a
FUNCTION Data_Monoid_Dual_showDual args: 1 extracted: Just
BindingGroup: Data_Monoid_Dual_Dual type: Func vars: 
FUNCTION Data_Monoid_Dual_Dual args: 1 extracted: Just
findFfiFile [Data.Monoid.Dual] -> null
Found FFI for Data.Monoid.Dual at: Nothing
Found FFI for Data.Monoid.Dual at: Nothing
BindingGroup: Data_Monoid_Endo_boundedEndo type: ConstrainedType(Other) vars: a, c
FUNCTION Data_Monoid_Endo_boundedEndo args: 1 extracted: Just
BindingGroup: Data_Monoid_Endo_eqEndo type: ConstrainedType(Other) vars: a, c
FUNCTION Data_Monoid_Endo_eqEndo args: 1 extracted: Just
BindingGroup: Data_Monoid_Endo_monoidEndo type: ConstrainedType(Other) vars: a, c
FUNCTION Data_Monoid_Endo_monoidEndo args: 1 extracted: Just
BindingGroup: Data_Monoid_Endo_ordEndo type: ConstrainedType(Other) vars: a, c
FUNCTION Data_Monoid_Endo_ordEndo args: 1 extracted: Just
BindingGroup: Data_Monoid_Endo_semigroupEndo type: ConstrainedType(Other) vars: a, c
FUNCTION Data_Monoid_Endo_semigroupEndo args: 1 extracted: Just
BindingGroup: Data_Monoid_Endo_showEndo type: ConstrainedType(Other) vars: a, c
FUNCTION Data_Monoid_Endo_showEndo args: 1 extracted: Just
BindingGroup: Data_Monoid_Endo_Endo type: Func vars: 
FUNCTION Data_Monoid_Endo_Endo args: 1 extracted: Just
findFfiFile [Data.Monoid.Endo] -> null
Found FFI for Data.Monoid.Endo at: Nothing
Found FFI for Data.Monoid.Endo at: Nothing
BindingGroup: Data_Monoid_Multiplicative_monadMultiplicative type: Other vars: a
BindingGroup: Data_Monoid_Multiplicative_applicativeMultiplicative type: Other vars: a
BOXUNBOX EQUAL ARITY: expStr=purust_core::Func1<a, crate::UnknownType> actStr=purust_core::Func1<a, a>
BindingGroup: Data_Monoid_Multiplicative_bindMultiplicative type: Other vars: a
BOXUNBOX EQUAL ARITY: expStr=purust_core::Func2<crate::UnknownType, purust_core::Func1<a, crate::UnknownType>, crate::UnknownType> actStr=purust_core::Func2<a, purust_core::Func1<a, crate::UnknownType>, crate::UnknownType>
BindingGroup: Data_Monoid_Multiplicative_applyMultiplicative type: Other vars: a
BOXUNBOX EQUAL ARITY: expStr=purust_core::Func2<crate::UnknownType, crate::UnknownType, crate::UnknownType> actStr=purust_core::Func2<purust_core::Func1<a, crate::UnknownType>, a, crate::UnknownType>
BindingGroup: Data_Monoid_Multiplicative_boundedMultiplicative type: ConstrainedType(Other) vars: a
FUNCTION Data_Monoid_Multiplicative_boundedMultiplicative args: 1 extracted: Just
BindingGroup: Data_Monoid_Multiplicative_ord1Multiplicative type: Other vars: a
BOXUNBOX EQUAL ARITY: expStr=purust_core::Func3<std::rc::Rc<Purs_Data_Ord::Ord<a>>, crate::UnknownType, crate::UnknownType, std::rc::Rc<Purs_Data_Ordering::Ordering>> actStr=purust_core::Func3<std::rc::Rc<Purs_Data_Ord::Ord<a>>, a, a, std::rc::Rc<Purs_Data_Ordering::Ordering>>
BindingGroup: Data_Monoid_Multiplicative_eq1Multiplicative type: Other vars: a
BOXUNBOX EQUAL ARITY: expStr=purust_core::Func3<std::rc::Rc<Purs_Data_Eq::Eq<a>>, crate::UnknownType, crate::UnknownType, bool> actStr=purust_core::Func3<std::rc::Rc<Purs_Data_Eq::Eq<a>>, a, a, bool>
BindingGroup: Data_Monoid_Multiplicative_eqMultiplicative type: ConstrainedType(Other) vars: a
FUNCTION Data_Monoid_Multiplicative_eqMultiplicative args: 1 extracted: Just
BindingGroup: Data_Monoid_Multiplicative_functorMultiplicative type: Other vars: a
BOXUNBOX EQUAL ARITY: expStr=purust_core::Func2<purust_core::Func1<a, crate::UnknownType>, crate::UnknownType, crate::UnknownType> actStr=purust_core::Func2<purust_core::Func1<a, crate::UnknownType>, a, crate::UnknownType>
BindingGroup: Data_Monoid_Multiplicative_monoidMultiplicative type: ConstrainedType(Other) vars: a
FUNCTION Data_Monoid_Multiplicative_monoidMultiplicative args: 1 extracted: Just
BindingGroup: Data_Monoid_Multiplicative_ordMultiplicative type: ConstrainedType(Other) vars: a
FUNCTION Data_Monoid_Multiplicative_ordMultiplicative args: 1 extracted: Just
BindingGroup: Data_Monoid_Multiplicative_semigroupMultiplicative type: ConstrainedType(Other) vars: a
FUNCTION Data_Monoid_Multiplicative_semigroupMultiplicative args: 1 extracted: Just
BindingGroup: Data_Monoid_Multiplicative_showMultiplicative type: ConstrainedType(Other) vars: a
FUNCTION Data_Monoid_Multiplicative_showMultiplicative args: 1 extracted: Just
BindingGroup: Data_Monoid_Multiplicative_Multiplicative type: Func vars: 
FUNCTION Data_Monoid_Multiplicative_Multiplicative args: 1 extracted: Just
findFfiFile [Data.Monoid.Multiplicative] -> null
Found FFI for Data.Monoid.Multiplicative at: Nothing
Found FFI for Data.Monoid.Multiplicative at: Nothing
BindingGroup: Data_Semigroup_First_monadFirst type: Other vars: a
BindingGroup: Data_Semigroup_First_applicativeFirst type: Other vars: a
BOXUNBOX EQUAL ARITY: expStr=purust_core::Func1<a, crate::UnknownType> actStr=purust_core::Func1<a, a>
BindingGroup: Data_Semigroup_First_bindFirst type: Other vars: a
BOXUNBOX EQUAL ARITY: expStr=purust_core::Func2<crate::UnknownType, purust_core::Func1<a, crate::UnknownType>, crate::UnknownType> actStr=purust_core::Func2<a, purust_core::Func1<a, crate::UnknownType>, crate::UnknownType>
BindingGroup: Data_Semigroup_First_applyFirst type: Other vars: a
BOXUNBOX EQUAL ARITY: expStr=purust_core::Func2<crate::UnknownType, crate::UnknownType, crate::UnknownType> actStr=purust_core::Func2<purust_core::Func1<a, crate::UnknownType>, a, crate::UnknownType>
BindingGroup: Data_Semigroup_First_boundedFirst type: ConstrainedType(Other) vars: a
FUNCTION Data_Semigroup_First_boundedFirst args: 1 extracted: Just
BindingGroup: Data_Semigroup_First_ord1First type: Other vars: a
BOXUNBOX EQUAL ARITY: expStr=purust_core::Func3<std::rc::Rc<Purs_Data_Ord::Ord<a>>, crate::UnknownType, crate::UnknownType, std::rc::Rc<Purs_Data_Ordering::Ordering>> actStr=purust_core::Func3<std::rc::Rc<Purs_Data_Ord::Ord<a>>, a, a, std::rc::Rc<Purs_Data_Ordering::Ordering>>
BindingGroup: Data_Semigroup_First_eq1First type: Other vars: a
BOXUNBOX EQUAL ARITY: expStr=purust_core::Func3<std::rc::Rc<Purs_Data_Eq::Eq<a>>, crate::UnknownType, crate::UnknownType, bool> actStr=purust_core::Func3<std::rc::Rc<Purs_Data_Eq::Eq<a>>, a, a, bool>
BindingGroup: Data_Semigroup_First_eqFirst type: ConstrainedType(Other) vars: a
FUNCTION Data_Semigroup_First_eqFirst args: 1 extracted: Just
BindingGroup: Data_Semigroup_First_functorFirst type: Other vars: a
BOXUNBOX EQUAL ARITY: expStr=purust_core::Func2<purust_core::Func1<a, crate::UnknownType>, crate::UnknownType, crate::UnknownType> actStr=purust_core::Func2<purust_core::Func1<a, crate::UnknownType>, a, crate::UnknownType>
BindingGroup: Data_Semigroup_First_ordFirst type: ConstrainedType(Other) vars: a
FUNCTION Data_Semigroup_First_ordFirst args: 1 extracted: Just
BindingGroup: Data_Semigroup_First_semigroupFirst type: Other vars: a
BindingGroup: Data_Semigroup_First_showFirst type: ConstrainedType(Other) vars: a
FUNCTION Data_Semigroup_First_showFirst args: 1 extracted: Just
BindingGroup: Data_Semigroup_First_First type: Func vars: 
FUNCTION Data_Semigroup_First_First args: 1 extracted: Just
findFfiFile [Data.Semigroup.First] -> null
Found FFI for Data.Semigroup.First at: Nothing
Found FFI for Data.Semigroup.First at: Nothing
BindingGroup: Data_Semigroup_Last_monadLast type: Other vars: a
BindingGroup: Data_Semigroup_Last_applicativeLast type: Other vars: a
BOXUNBOX EQUAL ARITY: expStr=purust_core::Func1<a, crate::UnknownType> actStr=purust_core::Func1<a, a>
BindingGroup: Data_Semigroup_Last_bindLast type: Other vars: a
BOXUNBOX EQUAL ARITY: expStr=purust_core::Func2<crate::UnknownType, purust_core::Func1<a, crate::UnknownType>, crate::UnknownType> actStr=purust_core::Func2<a, purust_core::Func1<a, crate::UnknownType>, crate::UnknownType>
BindingGroup: Data_Semigroup_Last_applyLast type: Other vars: a
BOXUNBOX EQUAL ARITY: expStr=purust_core::Func2<crate::UnknownType, crate::UnknownType, crate::UnknownType> actStr=purust_core::Func2<purust_core::Func1<a, crate::UnknownType>, a, crate::UnknownType>
BindingGroup: Data_Semigroup_Last_boundedLast type: ConstrainedType(Other) vars: a
FUNCTION Data_Semigroup_Last_boundedLast args: 1 extracted: Just
BindingGroup: Data_Semigroup_Last_ord1Last type: Other vars: a
BOXUNBOX EQUAL ARITY: expStr=purust_core::Func3<std::rc::Rc<Purs_Data_Ord::Ord<a>>, crate::UnknownType, crate::UnknownType, std::rc::Rc<Purs_Data_Ordering::Ordering>> actStr=purust_core::Func3<std::rc::Rc<Purs_Data_Ord::Ord<a>>, a, a, std::rc::Rc<Purs_Data_Ordering::Ordering>>
BindingGroup: Data_Semigroup_Last_eq1Last type: Other vars: a
BOXUNBOX EQUAL ARITY: expStr=purust_core::Func3<std::rc::Rc<Purs_Data_Eq::Eq<a>>, crate::UnknownType, crate::UnknownType, bool> actStr=purust_core::Func3<std::rc::Rc<Purs_Data_Eq::Eq<a>>, a, a, bool>
BindingGroup: Data_Semigroup_Last_eqLast type: ConstrainedType(Other) vars: a
FUNCTION Data_Semigroup_Last_eqLast args: 1 extracted: Just
BindingGroup: Data_Semigroup_Last_functorLast type: Other vars: a
BOXUNBOX EQUAL ARITY: expStr=purust_core::Func2<purust_core::Func1<a, crate::UnknownType>, crate::UnknownType, crate::UnknownType> actStr=purust_core::Func2<purust_core::Func1<a, crate::UnknownType>, a, crate::UnknownType>
BindingGroup: Data_Semigroup_Last_ordLast type: ConstrainedType(Other) vars: a
FUNCTION Data_Semigroup_Last_ordLast args: 1 extracted: Just
BindingGroup: Data_Semigroup_Last_semigroupLast type: Other vars: a
BindingGroup: Data_Semigroup_Last_showLast type: ConstrainedType(Other) vars: a
FUNCTION Data_Semigroup_Last_showLast args: 1 extracted: Just
BindingGroup: Data_Semigroup_Last_Last type: Func vars: 
FUNCTION Data_Semigroup_Last_Last args: 1 extracted: Just
findFfiFile [Data.Semigroup.Last] -> null
Found FFI for Data.Semigroup.Last at: Nothing
Found FFI for Data.Semigroup.Last at: Nothing
findFfiFile [Unsafe.Coerce] -> null
Found FFI for Unsafe.Coerce at: Nothing
Found FFI for Unsafe.Coerce at: Nothing
genFallback unsafeCoerce args: ["mut a0: a"]
BindingGroup: Safe_Coerce_coerce type: ConstrainedType(Func) vars: a, b
VAR UNSAFE_COERCE: ty=Func genTy=ForAll(Func) mKeys=(fromFoldable ["a","b"]) mVals=TypeVar(a),TypeVar(b)
FUNCTION Safe_Coerce_coerce args: 2 extracted: Nothing
findFfiFile [Safe.Coerce] -> null
Found FFI for Safe.Coerce at: Nothing
Found FFI for Safe.Coerce at: Nothing
BindingGroup: Data_Newtype_ala type: ConstrainedType(Func) vars: a, b, f, s, t
VAR UNSAFE_COERCE: ty=Func genTy=ForAll(Func) mKeys=(fromFoldable ["a","b"]) mVals=TypeVar(b),TypeVar(s)
FUNCTION Data_Newtype_ala args: 5 extracted: Just
BindingGroup: Data_Newtype_alaF type: ConstrainedType(Func) vars: a, b, f, g, s, t
VAR UNSAFE_COERCE: ty=Func genTy=ForAll(Func) mKeys=(fromFoldable ["a","b"]) mVals=Func,TypeApp(TypeVar(g), [...])
BOXUNBOX UNSAFE_COERCE: expStr=purust_core::Func2<purust_core::Func1<crate::UnknownType, crate::UnknownType>, crate::UnknownType, crate::UnknownType> actStr=purust_core::Func1<purust_core::Func1<crate::UnknownType, crate::UnknownType>, crate::UnknownType> ty=Func actTy=Func
FUNCTION Data_Newtype_alaF args: 7 extracted: Nothing
BindingGroup: Data_Newtype_collect type: ConstrainedType(Func) vars: a, f, t
VAR UNSAFE_COERCE: ty=Func genTy=ForAll(Func) mKeys=(fromFoldable ["a","b"]) mVals=Func,TypeVar(t)
BOXUNBOX UNSAFE_COERCE: expStr=purust_core::Func2<purust_core::Func1<crate::UnknownType, a>, crate::UnknownType, t> actStr=purust_core::Func1<purust_core::Func1<crate::UnknownType, a>, t> ty=Func actTy=Func
FUNCTION Data_Newtype_collect args: 5 extracted: Nothing
BindingGroup: Data_Newtype_modify type: ConstrainedType(Func) vars: a, t
UNSAFE_COERCE GENERATED: expStr=a actStr=t expTy=TypeVar(a) actTy=TypeVar(t)
UNSAFE_COERCE GENERATED: expStr=t actStr=a expTy=TypeVar(t) actTy=TypeVar(a)
FUNCTION Data_Newtype_modify args: 3 extracted: Just
BindingGroup: Data_Newtype_newtypeAdditive type: TypeApp(Other, [...]) vars: a
BindingGroup: Data_Newtype_newtypeConj type: TypeApp(Other, [...]) vars: a
BindingGroup: Data_Newtype_newtypeDisj type: TypeApp(Other, [...]) vars: a
BindingGroup: Data_Newtype_newtypeDual type: TypeApp(Other, [...]) vars: a
BindingGroup: Data_Newtype_newtypeEndo type: TypeApp(Other, [...]) vars: a, c
BindingGroup: Data_Newtype_newtypeFirst type: TypeApp(Other, [...]) vars: a
BindingGroup: Data_Newtype_newtypeLast type: TypeApp(Other, [...]) vars: a
BindingGroup: Data_Newtype_newtypeMultiplicative type: TypeApp(Other, [...]) vars: a
BindingGroup: Data_Newtype_over type: ConstrainedType(Func) vars: a, b, s, t
VAR UNSAFE_COERCE: ty=Func genTy=ForAll(Func) mKeys=(fromFoldable ["a","b"]) mVals=Func,TypeVar(s)
BOXUNBOX UNSAFE_COERCE: expStr=purust_core::Func2<purust_core::Func1<a, b>, t, s> actStr=purust_core::Func1<purust_core::Func1<a, b>, s> ty=Func actTy=Func
FUNCTION Data_Newtype_over args: 5 extracted: Nothing
BindingGroup: Data_Newtype_over2 type: ConstrainedType(Func) vars: a, b, s, t
VAR UNSAFE_COERCE: ty=Func genTy=ForAll(Func) mKeys=(fromFoldable ["a","b"]) mVals=Func,TypeVar(s)
BOXUNBOX UNSAFE_COERCE: expStr=purust_core::Func3<purust_core::Func2<a, a, b>, t, t, s> actStr=purust_core::Func1<purust_core::Func2<a, a, b>, s> ty=Func actTy=Func
FUNCTION Data_Newtype_over2 args: 6 extracted: Nothing
BindingGroup: Data_Newtype_overF type: ConstrainedType(Func) vars: a, b, f, g, s, t
VAR UNSAFE_COERCE: ty=Func genTy=ForAll(Func) mKeys=(fromFoldable ["a","b"]) mVals=Func,TypeApp(TypeVar(g), [...])
BOXUNBOX UNSAFE_COERCE: expStr=purust_core::Func2<purust_core::Func1<crate::UnknownType, crate::UnknownType>, crate::UnknownType, crate::UnknownType> actStr=purust_core::Func1<purust_core::Func1<crate::UnknownType, crate::UnknownType>, crate::UnknownType> ty=Func actTy=Func
FUNCTION Data_Newtype_overF args: 7 extracted: Nothing
BindingGroup: Data_Newtype_overF2 type: ConstrainedType(Func) vars: a, b, f, g, s, t
VAR UNSAFE_COERCE: ty=Func genTy=ForAll(Func) mKeys=(fromFoldable ["a","b"]) mVals=Func,TypeApp(TypeVar(g), [...])
BOXUNBOX UNSAFE_COERCE: expStr=purust_core::Func3<purust_core::Func2<crate::UnknownType, crate::UnknownType, crate::UnknownType>, crate::UnknownType, crate::UnknownType, crate::UnknownType> actStr=purust_core::Func1<purust_core::Func2<crate::UnknownType, crate::UnknownType, crate::UnknownType>, crate::UnknownType> ty=Func actTy=Func
FUNCTION Data_Newtype_overF2 args: 8 extracted: Nothing
BindingGroup: Data_Newtype_traverse type: ConstrainedType(Func) vars: a, f, t
VAR UNSAFE_COERCE: ty=Func genTy=ForAll(Func) mKeys=(fromFoldable ["a","b"]) mVals=Func,TypeApp(TypeVar(f), [...])
BOXUNBOX UNSAFE_COERCE: expStr=purust_core::Func2<purust_core::Func1<a, crate::UnknownType>, t, crate::UnknownType> actStr=purust_core::Func1<purust_core::Func1<a, crate::UnknownType>, crate::UnknownType> ty=Func actTy=Func
FUNCTION Data_Newtype_traverse args: 5 extracted: Nothing
BindingGroup: Data_Newtype_un type: ConstrainedType(Func) vars: a, t
VAR UNSAFE_COERCE: ty=Func genTy=ForAll(Func) mKeys=(fromFoldable ["a","b"]) mVals=TypeVar(t),TypeVar(a)
FUNCTION Data_Newtype_un args: 3 extracted: Nothing
BindingGroup: Data_Newtype_under type: ConstrainedType(Func) vars: a, b, s, t
VAR UNSAFE_COERCE: ty=Func genTy=ForAll(Func) mKeys=(fromFoldable ["a","b"]) mVals=Func,TypeVar(b)
BOXUNBOX UNSAFE_COERCE: expStr=purust_core::Func2<purust_core::Func1<t, s>, a, b> actStr=purust_core::Func1<purust_core::Func1<t, s>, b> ty=Func actTy=Func
FUNCTION Data_Newtype_under args: 5 extracted: Nothing
BindingGroup: Data_Newtype_under2 type: ConstrainedType(Func) vars: a, b, s, t
VAR UNSAFE_COERCE: ty=Func genTy=ForAll(Func) mKeys=(fromFoldable ["a","b"]) mVals=Func,TypeVar(b)
BOXUNBOX UNSAFE_COERCE: expStr=purust_core::Func3<purust_core::Func2<t, t, s>, a, a, b> actStr=purust_core::Func1<purust_core::Func2<t, t, s>, b> ty=Func actTy=Func
FUNCTION Data_Newtype_under2 args: 6 extracted: Nothing
BindingGroup: Data_Newtype_underF type: ConstrainedType(Func) vars: a, b, f, g, s, t
VAR UNSAFE_COERCE: ty=Func genTy=ForAll(Func) mKeys=(fromFoldable ["a","b"]) mVals=Func,TypeApp(TypeVar(g), [...])
BOXUNBOX UNSAFE_COERCE: expStr=purust_core::Func2<purust_core::Func1<crate::UnknownType, crate::UnknownType>, crate::UnknownType, crate::UnknownType> actStr=purust_core::Func1<purust_core::Func1<crate::UnknownType, crate::UnknownType>, crate::UnknownType> ty=Func actTy=Func
FUNCTION Data_Newtype_underF args: 7 extracted: Nothing
BindingGroup: Data_Newtype_underF2 type: ConstrainedType(Func) vars: a, b, f, g, s, t
VAR UNSAFE_COERCE: ty=Func genTy=ForAll(Func) mKeys=(fromFoldable ["a","b"]) mVals=Func,TypeApp(TypeVar(g), [...])
BOXUNBOX UNSAFE_COERCE: expStr=purust_core::Func3<purust_core::Func2<crate::UnknownType, crate::UnknownType, crate::UnknownType>, crate::UnknownType, crate::UnknownType, crate::UnknownType> actStr=purust_core::Func1<purust_core::Func2<crate::UnknownType, crate::UnknownType, crate::UnknownType>, crate::UnknownType> ty=Func actTy=Func
FUNCTION Data_Newtype_underF2 args: 8 extracted: Nothing
BindingGroup: Data_Newtype_unwrap type: ConstrainedType(Func) vars: a, t
VAR UNSAFE_COERCE: ty=Func genTy=ForAll(Func) mKeys=(fromFoldable ["a","b"]) mVals=TypeVar(t),TypeVar(a)
FUNCTION Data_Newtype_unwrap args: 2 extracted: Nothing
BindingGroup: Data_Newtype_wrap type: ConstrainedType(Func) vars: a, t
VAR UNSAFE_COERCE: ty=Func genTy=ForAll(Func) mKeys=(fromFoldable ["a","b"]) mVals=TypeVar(a),TypeVar(t)
FUNCTION Data_Newtype_wrap args: 2 extracted: Nothing
findFfiFile [Data.Newtype] -> null
Found FFI for Data.Newtype at: Nothing
Found FFI for Data.Newtype at: Nothing
BindingGroup: Data_Monoid_Alternate_altAlternate type: ConstrainedType(Other) vars: a, f
FUNCTION Data_Monoid_Alternate_altAlternate args: 1 extracted: Just
BindingGroup: Data_Monoid_Alternate_alternativeAlternate type: ConstrainedType(Other) vars: a, f
FUNCTION Data_Monoid_Alternate_alternativeAlternate args: 1 extracted: Just
BindingGroup: Data_Monoid_Alternate_applicativeAlternate type: ConstrainedType(Other) vars: a, f
FUNCTION Data_Monoid_Alternate_applicativeAlternate args: 1 extracted: Just
BindingGroup: Data_Monoid_Alternate_applyAlternate type: ConstrainedType(Other) vars: a, f
FUNCTION Data_Monoid_Alternate_applyAlternate args: 1 extracted: Just
BindingGroup: Data_Monoid_Alternate_bindAlternate type: ConstrainedType(Other) vars: a, f
FUNCTION Data_Monoid_Alternate_bindAlternate args: 1 extracted: Just
BindingGroup: Data_Monoid_Alternate_boundedAlternate type: ConstrainedType(Other) vars: a, f
FUNCTION Data_Monoid_Alternate_boundedAlternate args: 1 extracted: Just
BindingGroup: Data_Monoid_Alternate_comonadAlternate type: ConstrainedType(Other) vars: a, f
FUNCTION Data_Monoid_Alternate_comonadAlternate args: 1 extracted: Just
BindingGroup: Data_Monoid_Alternate_eq1Alternate type: ConstrainedType(Other) vars: a, f
FUNCTION Data_Monoid_Alternate_eq1Alternate args: 1 extracted: Just
BindingGroup: Data_Monoid_Alternate_eqAlternate type: ConstrainedType(Other) vars: a, f
FUNCTION Data_Monoid_Alternate_eqAlternate args: 1 extracted: Just
BindingGroup: Data_Monoid_Alternate_extendAlternate type: ConstrainedType(Other) vars: a, f
FUNCTION Data_Monoid_Alternate_extendAlternate args: 1 extracted: Just
BindingGroup: Data_Monoid_Alternate_functorAlternate type: ConstrainedType(Other) vars: a, f
FUNCTION Data_Monoid_Alternate_functorAlternate args: 1 extracted: Just
BindingGroup: Data_Monoid_Alternate_monadAlternate type: ConstrainedType(Other) vars: a, f
FUNCTION Data_Monoid_Alternate_monadAlternate args: 1 extracted: Just
BindingGroup: Data_Monoid_Alternate_monoidAlternate type: ConstrainedType(Other) vars: a, f
FUNCTION Data_Monoid_Alternate_monoidAlternate args: 1 extracted: Just
BindingGroup: Data_Monoid_Alternate_newtypeAlternate type: TypeApp(Other, [...]) vars: a, f
BindingGroup: Data_Monoid_Alternate_ord1Alternate type: ConstrainedType(Other) vars: a, f
FUNCTION Data_Monoid_Alternate_ord1Alternate args: 1 extracted: Just
BindingGroup: Data_Monoid_Alternate_ordAlternate type: ConstrainedType(Other) vars: a, f
FUNCTION Data_Monoid_Alternate_ordAlternate args: 1 extracted: Just
BindingGroup: Data_Monoid_Alternate_plusAlternate type: ConstrainedType(Other) vars: a, f
FUNCTION Data_Monoid_Alternate_plusAlternate args: 1 extracted: Just
BindingGroup: Data_Monoid_Alternate_semigroupAlternate type: ConstrainedType(Other) vars: a, f
FUNCTION Data_Monoid_Alternate_semigroupAlternate args: 1 extracted: Just
BindingGroup: Data_Monoid_Alternate_showAlternate type: ConstrainedType(Other) vars: a, f
FUNCTION Data_Monoid_Alternate_showAlternate args: 1 extracted: Just
BindingGroup: Data_Monoid_Alternate_Alternate type: Func vars: 
FUNCTION Data_Monoid_Alternate_Alternate args: 1 extracted: Just
findFfiFile [Data.Monoid.Alternate] -> null
Found FFI for Data.Monoid.Alternate at: Nothing
Found FFI for Data.Monoid.Alternate at: Nothing
BindingGroup: Data_Functor_Invariant_invariantAlternate type: ConstrainedType(Other) vars: a, f
FUNCTION Data_Functor_Invariant_invariantAlternate args: 1 extracted: Just
BindingGroup: Data_Functor_Invariant_imap type: ForAll(ConstrainedType(Func)) vars: 
FUNCTION Data_Functor_Invariant_imap args: 4 extracted: Nothing
BindingGroup: Data_Functor_Invariant_invariantFn type: Other vars: a
BOXUNBOX FUNC: expStr=purust_core::Func3<purust_core::Func1<a, crate::UnknownType>, purust_core::Func1<crate::UnknownType, a>, crate::UnknownType, crate::UnknownType> actStr=purust_core::Func4<purust_core::Func1<a, crate::UnknownType>, purust_core::Func1<crate::UnknownType, a>, purust_core::Func1<a, a>, a, crate::UnknownType>
BindingGroup: Data_Functor_Invariant_invariantArray type: Other vars: 
BindingGroup: Data_Functor_Invariant_imapF type: ConstrainedType(Func) vars: a, b, f
FUNCTION Data_Functor_Invariant_imapF args: 4 extracted: Nothing
BindingGroup: Data_Functor_Invariant_invariantAdditive type: Other vars: a
BOXUNBOX EQUAL ARITY: expStr=purust_core::Func3<purust_core::Func1<a, crate::UnknownType>, purust_core::Func1<crate::UnknownType, a>, crate::UnknownType, crate::UnknownType> actStr=purust_core::Func3<purust_core::Func1<a, crate::UnknownType>, purust_core::Func1<crate::UnknownType, a>, a, crate::UnknownType>
BindingGroup: Data_Functor_Invariant_invariantConj type: Other vars: a
BOXUNBOX EQUAL ARITY: expStr=purust_core::Func3<purust_core::Func1<a, crate::UnknownType>, purust_core::Func1<crate::UnknownType, a>, crate::UnknownType, crate::UnknownType> actStr=purust_core::Func3<purust_core::Func1<a, crate::UnknownType>, purust_core::Func1<crate::UnknownType, a>, a, crate::UnknownType>
BindingGroup: Data_Functor_Invariant_invariantDisj type: Other vars: a
BOXUNBOX EQUAL ARITY: expStr=purust_core::Func3<purust_core::Func1<a, crate::UnknownType>, purust_core::Func1<crate::UnknownType, a>, crate::UnknownType, crate::UnknownType> actStr=purust_core::Func3<purust_core::Func1<a, crate::UnknownType>, purust_core::Func1<crate::UnknownType, a>, a, crate::UnknownType>
BindingGroup: Data_Functor_Invariant_invariantDual type: Other vars: a
BOXUNBOX EQUAL ARITY: expStr=purust_core::Func3<purust_core::Func1<a, crate::UnknownType>, purust_core::Func1<crate::UnknownType, a>, crate::UnknownType, crate::UnknownType> actStr=purust_core::Func3<purust_core::Func1<a, crate::UnknownType>, purust_core::Func1<crate::UnknownType, a>, a, crate::UnknownType>
BindingGroup: Data_Functor_Invariant_invariantEndo type: Other vars: a, c
UNSAFE_COERCE GENERATED: expStr=c actStr=a expTy=TypeVar(c) actTy=TypeVar(a)
UNSAFE_COERCE GENERATED: expStr=a actStr=c expTy=TypeVar(a) actTy=TypeVar(c)
BindingGroup: Data_Functor_Invariant_invariantMultiplicative type: Other vars: a
BOXUNBOX EQUAL ARITY: expStr=purust_core::Func3<purust_core::Func1<a, crate::UnknownType>, purust_core::Func1<crate::UnknownType, a>, crate::UnknownType, crate::UnknownType> actStr=purust_core::Func3<purust_core::Func1<a, crate::UnknownType>, purust_core::Func1<crate::UnknownType, a>, a, crate::UnknownType>
findFfiFile [Data.Functor.Invariant] -> null
Found FFI for Data.Functor.Invariant at: Nothing
Found FFI for Data.Functor.Invariant at: Nothing
BindingGroup: Data_Const_applicativeConst type: ConstrainedType(Other) vars: a
FUNCTION Data_Const_applicativeConst args: 1 extracted: Just
BindingGroup: Data_Const_applyConst type: ConstrainedType(Other) vars: a
FUNCTION Data_Const_applyConst args: 1 extracted: Just
BindingGroup: Data_Const_booleanAlgebraConst type: ConstrainedType(Other) vars: a, b
FUNCTION Data_Const_booleanAlgebraConst args: 1 extracted: Just
BindingGroup: Data_Const_boundedConst type: ConstrainedType(Other) vars: a, b
FUNCTION Data_Const_boundedConst args: 1 extracted: Just
BindingGroup: Data_Const_commutativeRingConst type: ConstrainedType(Other) vars: a, b
FUNCTION Data_Const_commutativeRingConst args: 1 extracted: Just
BindingGroup: Data_Const_ord1Const type: ConstrainedType(Other) vars: a
BOXUNBOX EQUAL ARITY: expStr=purust_core::Func2<crate::UnknownType, crate::UnknownType, std::rc::Rc<Purs_Data_Ordering::Ordering>> actStr=purust_core::Func2<a, a, std::rc::Rc<Purs_Data_Ordering::Ordering>>
BOXUNBOX EQUAL ARITY: expStr=purust_core::Func2<crate::UnknownType, crate::UnknownType, bool> actStr=purust_core::Func2<a, a, bool>
FUNCTION Data_Const_ord1Const args: 1 extracted: Just
BindingGroup: Data_Const_eq1Const type: ConstrainedType(Other) vars: a
BOXUNBOX EQUAL ARITY: expStr=purust_core::Func2<crate::UnknownType, crate::UnknownType, bool> actStr=purust_core::Func2<a, a, bool>
FUNCTION Data_Const_eq1Const args: 1 extracted: Just
BindingGroup: Data_Const_eqConst type: ConstrainedType(Other) vars: a, b
FUNCTION Data_Const_eqConst args: 1 extracted: Just
BindingGroup: Data_Const_euclideanRingConst type: ConstrainedType(Other) vars: a, b
FUNCTION Data_Const_euclideanRingConst args: 1 extracted: Just
BindingGroup: Data_Const_invariantConst type: Other vars: a
BindingGroup: Data_Const_functorConst type: Other vars: a
BindingGroup: Data_Const_heytingAlgebraConst type: ConstrainedType(Other) vars: a, b
FUNCTION Data_Const_heytingAlgebraConst args: 1 extracted: Just
BindingGroup: Data_Const_monoidConst type: ConstrainedType(Other) vars: a, b
FUNCTION Data_Const_monoidConst args: 1 extracted: Just
BindingGroup: Data_Const_newtypeConst type: TypeApp(Other, [...]) vars: a, b
BindingGroup: Data_Const_ordConst type: ConstrainedType(Other) vars: a, b
FUNCTION Data_Const_ordConst args: 1 extracted: Just
BindingGroup: Data_Const_ringConst type: ConstrainedType(Other) vars: a, b
FUNCTION Data_Const_ringConst args: 1 extracted: Just
BindingGroup: Data_Const_semigroupConst type: ConstrainedType(Other) vars: a, b
FUNCTION Data_Const_semigroupConst args: 1 extracted: Just
BindingGroup: Data_Const_semigroupoidConst type: TypeApp(Other, [...]) vars: a
BindingGroup: Data_Const_semiringConst type: ConstrainedType(Other) vars: a, b
FUNCTION Data_Const_semiringConst args: 1 extracted: Just
BindingGroup: Data_Const_showConst type: ConstrainedType(Other) vars: a, b
FUNCTION Data_Const_showConst args: 1 extracted: Just
BindingGroup: Data_Const_Const type: Func vars: 
FUNCTION Data_Const_Const args: 1 extracted: Just
findFfiFile [Data.Const] -> null
Found FFI for Data.Const at: Nothing
Found FFI for Data.Const at: Nothing
BindingGroup: Data_Generic_Rep_from type: ForAll(ConstrainedType(Func)) vars: 
FUNCTION Data_Generic_Rep_from args: 2 extracted: Nothing
BindingGroup: Data_Generic_Rep_repOf type: ConstrainedType(Func) vars: a, rep
FUNCTION Data_Generic_Rep_repOf args: 2 extracted: Just
BindingGroup: Data_Generic_Rep_showArgument type: ConstrainedType(Other) vars: a
FUNCTION Data_Generic_Rep_showArgument args: 1 extracted: Just
BindingGroup: Data_Generic_Rep_showConstructor type: ConstrainedType(Other) vars: a, name
FUNCTION Data_Generic_Rep_showConstructor args: 2 extracted: Just
BindingGroup: Data_Generic_Rep_showNoArguments type: Other vars: 
BindingGroup: Data_Generic_Rep_showProduct type: ConstrainedType(Other) vars: a, b
FUNCTION Data_Generic_Rep_showProduct args: 2 extracted: Just
BindingGroup: Data_Generic_Rep_showSum type: ConstrainedType(Other) vars: a, b
FUNCTION Data_Generic_Rep_showSum args: 2 extracted: Just
BindingGroup: Data_Generic_Rep_to type: ForAll(ConstrainedType(Func)) vars: 
FUNCTION Data_Generic_Rep_to args: 2 extracted: Nothing
BindingGroup: Data_Generic_Rep_Argument type: Func vars: 
FUNCTION Data_Generic_Rep_Argument args: 1 extracted: Just
BindingGroup: Data_Generic_Rep_Constructor type: Func vars: 
FUNCTION Data_Generic_Rep_Constructor args: 1 extracted: Just
BindingGroup: Data_Generic_Rep_NoArguments type: Other vars: 
BindingGroup: Data_Generic_Rep_Product type: Func vars: a, b
FUNCTION Data_Generic_Rep_Product args: 2 extracted: Nothing
BindingGroup: Data_Generic_Rep_Inr type: Func vars: b
FUNCTION Data_Generic_Rep_Inr args: 1 extracted: Nothing
BindingGroup: Data_Generic_Rep_Inl type: Func vars: a
FUNCTION Data_Generic_Rep_Inl args: 1 extracted: Nothing
findFfiFile [Data.Generic.Rep] -> null
Found FFI for Data.Generic.Rep at: Nothing
Found FFI for Data.Generic.Rep at: Nothing
BindingGroup: Data_Maybe_alternativeMaybe type: Other vars: 
BindingGroup: Data_Maybe_plusMaybe type: Other vars: 
BindingGroup: Data_Maybe_altMaybe type: Other vars: 
BindingGroup: Data_Maybe_monadMaybe type: Other vars: 
BindingGroup: Data_Maybe_applicativeMaybe type: Other vars: 
BindingGroup: Data_Maybe_semiringMaybe type: ConstrainedType(Other) vars: a
FUNCTION Data_Maybe_semiringMaybe args: 1 extracted: Just
BindingGroup: Data_Maybe_bindMaybe type: Other vars: 
BindingGroup: Data_Maybe_applyMaybe type: Other vars: 
BindingGroup: Data_Maybe_boundedMaybe type: ConstrainedType(Other) vars: a
FUNCTION Data_Maybe_boundedMaybe args: 1 extracted: Just
BindingGroup: Data_Maybe_ord1Maybe type: Other vars: 
BindingGroup: Data_Maybe_eq1Maybe type: Other vars: 
BindingGroup: Data_Maybe_ordMaybe type: ConstrainedType(Other) vars: a
FUNCTION Data_Maybe_ordMaybe args: 1 extracted: Just
BindingGroup: Data_Maybe_eqMaybe type: ConstrainedType(Other) vars: a
FUNCTION Data_Maybe_eqMaybe args: 1 extracted: Just
BindingGroup: Data_Maybe_extendMaybe type: Other vars: 
BindingGroup: Data_Maybe_fromJust type: ConstrainedType(Func) vars: a
FUNCTION Data_Maybe_fromJust args: 2 extracted: Just
BindingGroup: Data_Maybe_fromMaybe type: Func vars: a
FUNCTION Data_Maybe_fromMaybe args: 2 extracted: Just
BindingGroup: Data_Maybe_fromMaybe_prime type: Func vars: a
BOXUNBOX EQUAL ARITY: expStr=purust_core::Func1<crate::UnknownType, crate::UnknownType> actStr=purust_core::Func1<crate::UnknownType, a>
BOXUNBOX EQUAL ARITY: expStr=purust_core::Func1<a, crate::UnknownType> actStr=purust_core::Func1<a, a>
BOXUNBOX EQUAL ARITY: expStr=purust_core::Func1<std::rc::Rc<crate::Maybe<a>>, a> actStr=purust_core::Func1<std::rc::Rc<crate::Maybe<a>>, crate::UnknownType>
FUNCTION Data_Maybe_fromMaybe_prime args: 2 extracted: Nothing
BindingGroup: Data_Maybe_invariantMaybe type: Other vars: 
BindingGroup: Data_Maybe_functorMaybe type: Other vars: 
BindingGroup: Data_Maybe_genericMaybe type: Other vars: a
UNSAFE_COERCE GENERATED: expStr=a actStr=std::rc::Rc<Purs_Data_Generic_Rep::NoArguments> expTy=TypeVar(a) actTy=Other
BindingGroup: Data_Maybe_isJust type: Func vars: a
FUNCTION Data_Maybe_isJust args: 1 extracted: Just
BindingGroup: Data_Maybe_isNothing type: Func vars: a
FUNCTION Data_Maybe_isNothing args: 1 extracted: Just
BindingGroup: Data_Maybe_maybe type: Func vars: a, b
FUNCTION Data_Maybe_maybe args: 3 extracted: Just
BindingGroup: Data_Maybe_maybe_prime type: Func vars: a, b
FUNCTION Data_Maybe_maybe_prime args: 3 extracted: Just
BindingGroup: Data_Maybe_monoidMaybe type: ConstrainedType(Other) vars: a
FUNCTION Data_Maybe_monoidMaybe args: 1 extracted: Just
BindingGroup: Data_Maybe_optional type: ConstrainedType(Func) vars: a, f
BOXUNBOX EQUAL ARITY: expStr=purust_core::Func1<a, std::rc::Rc<crate::Maybe<a>>> actStr=purust_core::Func1<a, std::rc::Rc<crate::Maybe<crate::UnknownType>>>
BOXUNBOX EQUAL ARITY: expStr=purust_core::Func1<a, crate::UnknownType> actStr=purust_core::Func1<a, std::rc::Rc<crate::Maybe<a>>>
UNSAFE_COERCE GENERATED: expStr=a actStr=std::rc::Rc<crate::Maybe<a>> expTy=TypeVar(a) actTy=Other
FUNCTION Data_Maybe_optional args: 3 extracted: Just
BindingGroup: Data_Maybe_semigroupMaybe type: ConstrainedType(Other) vars: a
FUNCTION Data_Maybe_semigroupMaybe args: 1 extracted: Just
BindingGroup: Data_Maybe_showMaybe type: ConstrainedType(Other) vars: a
FUNCTION Data_Maybe_showMaybe args: 1 extracted: Just
BindingGroup: Data_Maybe_Just type: Func vars: a
FUNCTION Data_Maybe_Just args: 1 extracted: Nothing
BindingGroup: Data_Maybe_Nothing type: Other vars: 
findFfiFile [Data.Maybe] -> null
Found FFI for Data.Maybe at: Nothing
Found FFI for Data.Maybe at: Nothing
BindingGroup: Data_Either_altEither type: Other vars: e
BindingGroup: Data_Either_monadEither type: Other vars: e
BindingGroup: Data_Either_applicativeEither type: Other vars: e
BOXUNBOX EQUAL ARITY: expStr=purust_core::Func1<crate::UnknownType, std::rc::Rc<crate::Either<e, crate::UnknownType>>> actStr=purust_core::Func1<crate::UnknownType, std::rc::Rc<crate::Either<crate::UnknownType, crate::UnknownType>>>
BindingGroup: Data_Either_semigroupEither type: ConstrainedType(Other) vars: a, b
UNSAFE_COERCE GENERATED: expStr=a actStr=b expTy=TypeVar(a) actTy=TypeVar(b)
UNSAFE_COERCE GENERATED: expStr=a actStr=b expTy=TypeVar(a) actTy=TypeVar(b)
UNSAFE_COERCE GENERATED: expStr=b actStr=a expTy=TypeVar(b) actTy=TypeVar(a)
UNSAFE_COERCE GENERATED: expStr=b actStr=a expTy=TypeVar(b) actTy=TypeVar(a)
FUNCTION Data_Either_semigroupEither args: 1 extracted: Just
BindingGroup: Data_Either_bindEither type: Other vars: e
BindingGroup: Data_Either_applyEither type: Other vars: e
BindingGroup: Data_Either_blush type: Func vars: a, b
FUNCTION Data_Either_blush args: 1 extracted: Just
BindingGroup: Data_Either_boundedEither type: ConstrainedType(Other) vars: a, b
FUNCTION Data_Either_boundedEither args: 2 extracted: Just
BindingGroup: Data_Either_choose type: ConstrainedType(Func) vars: a, b, m
BOXUNBOX EQUAL ARITY: expStr=purust_core::Func1<a, std::rc::Rc<crate::Either<a, b>>> actStr=purust_core::Func1<a, std::rc::Rc<crate::Either<crate::UnknownType, crate::UnknownType>>>
UNSAFE_COERCE GENERATED: expStr=b actStr=std::rc::Rc<crate::Either<a, b>> expTy=TypeVar(b) actTy=Other
BOXUNBOX EQUAL ARITY: expStr=purust_core::Func1<a, b> actStr=purust_core::Func1<a, std::rc::Rc<crate::Either<a, b>>>
BOXUNBOX EQUAL ARITY: expStr=purust_core::Func1<b, std::rc::Rc<crate::Either<a, b>>> actStr=purust_core::Func1<b, std::rc::Rc<crate::Either<crate::UnknownType, crate::UnknownType>>>
UNSAFE_COERCE GENERATED: expStr=b actStr=a expTy=TypeVar(b) actTy=TypeVar(a)
UNSAFE_COERCE GENERATED: expStr=b actStr=std::rc::Rc<crate::Either<a, b>> expTy=TypeVar(b) actTy=Other
BOXUNBOX EQUAL ARITY: expStr=purust_core::Func1<a, b> actStr=purust_core::Func1<b, std::rc::Rc<crate::Either<a, b>>>
FUNCTION Data_Either_choose args: 3 extracted: Just
BindingGroup: Data_Either_isRight type: Func vars: a, b
FUNCTION Data_Either_isRight args: 1 extracted: Just
BindingGroup: Data_Either_isLeft type: Func vars: a, b
FUNCTION Data_Either_isLeft args: 1 extracted: Just
BindingGroup: Data_Either_hush type: Func vars: a, b
UNSAFE_COERCE GENERATED: expStr=a actStr=b expTy=TypeVar(a) actTy=TypeVar(b)
FUNCTION Data_Either_hush args: 1 extracted: Just
BindingGroup: Data_Either_either type: Func vars: a, b, c
FUNCTION Data_Either_either args: 3 extracted: Just
BindingGroup: Data_Either_ord1Either type: ConstrainedType(Other) vars: a
FUNCTION Data_Either_ord1Either args: 1 extracted: Just
BindingGroup: Data_Either_eq1Either type: ConstrainedType(Other) vars: a
FUNCTION Data_Either_eq1Either args: 1 extracted: Just
BindingGroup: Data_Either_ordEither type: ConstrainedType(Other) vars: a, b
FUNCTION Data_Either_ordEither args: 2 extracted: Just
BindingGroup: Data_Either_eqEither type: ConstrainedType(Other) vars: a, b
FUNCTION Data_Either_eqEither args: 2 extracted: Just
BindingGroup: Data_Either_extendEither type: Other vars: e
BindingGroup: Data_Either_fromLeft type: Func vars: a, b
FUNCTION Data_Either_fromLeft args: 2 extracted: Just
BindingGroup: Data_Either_fromLeft_prime type: Func vars: a, b
FUNCTION Data_Either_fromLeft_prime args: 2 extracted: Just
BindingGroup: Data_Either_fromRight type: Func vars: a, b
FUNCTION Data_Either_fromRight args: 2 extracted: Just
BindingGroup: Data_Either_fromRight_prime type: Func vars: a, b
FUNCTION Data_Either_fromRight_prime args: 2 extracted: Just
BindingGroup: Data_Either_invariantEither type: Other vars: a
BindingGroup: Data_Either_functorEither type: Other vars: a
BindingGroup: Data_Either_genericEither type: Other vars: a, b
BindingGroup: Data_Either_note type: Func vars: a, b
UNSAFE_COERCE GENERATED: expStr=b actStr=std::rc::Rc<crate::Either> expTy=TypeVar(b) actTy=Other
UNSAFE_COERCE GENERATED: expStr=b actStr=a expTy=TypeVar(b) actTy=TypeVar(a)
UNSAFE_COERCE GENERATED: expStr=b actStr=std::rc::Rc<crate::Either> expTy=TypeVar(b) actTy=Other
UNSAFE_COERCE GENERATED: expStr=std::rc::Rc<crate::Either<a, b>> actStr=b expTy=Other actTy=TypeVar(b)
FUNCTION Data_Either_note args: 2 extracted: Just
BindingGroup: Data_Either_note_prime type: Func vars: a, b
BOXUNBOX EQUAL ARITY: expStr=purust_core::Func1<b, std::rc::Rc<crate::Either<a, b>>> actStr=purust_core::Func1<b, std::rc::Rc<crate::Either<crate::UnknownType, crate::UnknownType>>>
UNSAFE_COERCE GENERATED: expStr=b actStr=std::rc::Rc<crate::Either<a, b>> expTy=TypeVar(b) actTy=Other
BOXUNBOX EQUAL ARITY: expStr=purust_core::Func1<crate::UnknownType, b> actStr=purust_core::Func1<crate::UnknownType, std::rc::Rc<crate::Either<a, b>>>
UNSAFE_COERCE GENERATED: expStr=b actStr=a expTy=TypeVar(b) actTy=TypeVar(a)
UNSAFE_COERCE GENERATED: expStr=b actStr=std::rc::Rc<crate::Either<a, b>> expTy=TypeVar(b) actTy=Other
BOXUNBOX EQUAL ARITY: expStr=purust_core::Func1<a, b> actStr=purust_core::Func1<b, std::rc::Rc<crate::Either<a, b>>>
UNSAFE_COERCE GENERATED: expStr=std::rc::Rc<crate::Either<a, b>> actStr=b expTy=Other actTy=TypeVar(b)
BOXUNBOX EQUAL ARITY: expStr=purust_core::Func1<std::rc::Rc<Purs_Data_Maybe::Maybe<b>>, std::rc::Rc<crate::Either<a, b>>> actStr=purust_core::Func1<std::rc::Rc<Purs_Data_Maybe::Maybe<a>>, b>
FUNCTION Data_Either_note_prime args: 2 extracted: Nothing
BindingGroup: Data_Either_showEither type: ConstrainedType(Other) vars: a, b
FUNCTION Data_Either_showEither args: 2 extracted: Just
BindingGroup: Data_Either_Right type: Func vars: b
FUNCTION Data_Either_Right args: 1 extracted: Nothing
BindingGroup: Data_Either_Left type: Func vars: a
FUNCTION Data_Either_Left args: 1 extracted: Nothing
findFfiFile [Data.Either] -> null
Found FFI for Data.Either at: Nothing
Found FFI for Data.Either at: Nothing
BindingGroup: Control_Lazy_fix type: ConstrainedType(Func) vars: l
FUNCTION Control_Lazy_fix args: 2 extracted: Just
BindingGroup: Control_Lazy_defer type: ForAll(ConstrainedType(Func)) vars: 
FUNCTION Control_Lazy_defer args: 2 extracted: Nothing
BindingGroup: Control_Lazy_lazyFn type: Other vars: a, b
lazyFn type: Other vars: a, b
BOXUNBOX FUNC: expStr=purust_core::Func1<purust_core::Func1<crate::UnknownType, purust_core::Func1<a, b>>, purust_core::Func1<a, b>> actStr=purust_core::Func2<purust_core::Func2<crate::UnknownType, a, b>, a, b>
BindingGroup: Control_Lazy_lazyUnit type: Other vars: 
findFfiFile [Control.Lazy] -> null
Found FFI for Control.Lazy at: Nothing
Found FFI for Control.Lazy at: Nothing
BindingGroup: Data_Tuple_monadTuple type: ConstrainedType(Other) vars: a
BOXUNBOX EQUAL ARITY: expStr=purust_core::Func1<a, std::rc::Rc<crate::Tuple<a, a>>> actStr=purust_core::Func1<crate::UnknownType, std::rc::Rc<crate::Tuple<crate::UnknownType, crate::UnknownType>>>
FUNCTION Data_Tuple_monadTuple args: 1 extracted: Just
BindingGroup: Data_Tuple_applicativeTuple type: ConstrainedType(Other) vars: a
BOXUNBOX EQUAL ARITY: expStr=purust_core::Func1<a, std::rc::Rc<crate::Tuple<a, a>>> actStr=purust_core::Func1<crate::UnknownType, std::rc::Rc<crate::Tuple<crate::UnknownType, crate::UnknownType>>>
FUNCTION Data_Tuple_applicativeTuple args: 1 extracted: Just
BindingGroup: Data_Tuple_bindTuple type: ConstrainedType(Other) vars: a
FUNCTION Data_Tuple_bindTuple args: 1 extracted: Just
BindingGroup: Data_Tuple_applyTuple type: ConstrainedType(Other) vars: a
FUNCTION Data_Tuple_applyTuple args: 1 extracted: Just
BindingGroup: Data_Tuple_booleanAlgebraTuple type: ConstrainedType(Other) vars: a, b
FUNCTION Data_Tuple_booleanAlgebraTuple args: 2 extracted: Just
BindingGroup: Data_Tuple_boundedTuple type: ConstrainedType(Other) vars: a, b
FUNCTION Data_Tuple_boundedTuple args: 2 extracted: Just
BindingGroup: Data_Tuple_commutativeRingTuple type: ConstrainedType(Other) vars: a, b
FUNCTION Data_Tuple_commutativeRingTuple args: 2 extracted: Just
BindingGroup: Data_Tuple_comonadTuple type: Other vars: a
BindingGroup: Data_Tuple_curry type: Func vars: a, b, c
FUNCTION Data_Tuple_curry args: 3 extracted: Just
BindingGroup: Data_Tuple_ord1Tuple type: ConstrainedType(Other) vars: a
FUNCTION Data_Tuple_ord1Tuple args: 1 extracted: Just
BindingGroup: Data_Tuple_eq1Tuple type: ConstrainedType(Other) vars: a
FUNCTION Data_Tuple_eq1Tuple args: 1 extracted: Just
BindingGroup: Data_Tuple_ordTuple type: ConstrainedType(Other) vars: a, b
FUNCTION Data_Tuple_ordTuple args: 2 extracted: Just
BindingGroup: Data_Tuple_eqTuple type: ConstrainedType(Other) vars: a, b
FUNCTION Data_Tuple_eqTuple args: 2 extracted: Just
BindingGroup: Data_Tuple_extendTuple type: Other vars: a
BindingGroup: Data_Tuple_lazyTuple type: ConstrainedType(Other) vars: a, b
FUNCTION Data_Tuple_lazyTuple args: 2 extracted: Just
BindingGroup: Data_Tuple_fst type: Func vars: a, b
FUNCTION Data_Tuple_fst args: 1 extracted: Just
BindingGroup: Data_Tuple_invariantTuple type: Other vars: a
BindingGroup: Data_Tuple_functorTuple type: Other vars: a
BindingGroup: Data_Tuple_genericTuple type: Other vars: a, b
BindingGroup: Data_Tuple_heytingAlgebraTuple type: ConstrainedType(Other) vars: a, b
FUNCTION Data_Tuple_heytingAlgebraTuple args: 2 extracted: Just
BindingGroup: Data_Tuple_monoidTuple type: ConstrainedType(Other) vars: a, b
FUNCTION Data_Tuple_monoidTuple args: 2 extracted: Just
BindingGroup: Data_Tuple_ringTuple type: ConstrainedType(Other) vars: a, b
FUNCTION Data_Tuple_ringTuple args: 2 extracted: Just
BindingGroup: Data_Tuple_semigroupTuple type: ConstrainedType(Other) vars: a, b
FUNCTION Data_Tuple_semigroupTuple args: 2 extracted: Just
BindingGroup: Data_Tuple_semigroupoidTuple type: TypeApp(Other, [...]) vars: 
BindingGroup: Data_Tuple_semiringTuple type: ConstrainedType(Other) vars: a, b
FUNCTION Data_Tuple_semiringTuple args: 2 extracted: Just
BindingGroup: Data_Tuple_showTuple type: ConstrainedType(Other) vars: a, b
FUNCTION Data_Tuple_showTuple args: 2 extracted: Just
BindingGroup: Data_Tuple_snd type: Func vars: a, b
FUNCTION Data_Tuple_snd args: 1 extracted: Just
BindingGroup: Data_Tuple_swap type: Func vars: a, b
UNSAFE_COERCE GENERATED: expStr=a actStr=b expTy=TypeVar(a) actTy=TypeVar(b)
UNSAFE_COERCE GENERATED: expStr=b actStr=a expTy=TypeVar(b) actTy=TypeVar(a)
FUNCTION Data_Tuple_swap args: 1 extracted: Just
BindingGroup: Data_Tuple_uncurry type: Func vars: a, b, c
FUNCTION Data_Tuple_uncurry args: 2 extracted: Just
BindingGroup: Data_Tuple_Tuple type: Func vars: a, b
FUNCTION Data_Tuple_Tuple args: 2 extracted: Nothing
findFfiFile [Data.Tuple] -> null
Found FFI for Data.Tuple at: Nothing
Found FFI for Data.Tuple at: Nothing
BindingGroup: Data_Bifunctor_bifunctorConst type: Other vars: a
BindingGroup: Data_Bifunctor_bifunctorEither type: Other vars: 
BindingGroup: Data_Bifunctor_bifunctorTuple type: Other vars: 
BindingGroup: Data_Bifunctor_rmap type: ConstrainedType(Func) vars: a, b, c, f
UNSAFE_COERCE GENERATED: expStr=b actStr=a expTy=TypeVar(b) actTy=TypeVar(a)
BOXUNBOX EQUAL ARITY: expStr=purust_core::Func1<a, b> actStr=purust_core::Func1<a, a>
UNSAFE_COERCE GENERATED: expStr=b actStr=c expTy=TypeVar(b) actTy=TypeVar(c)
BOXUNBOX EQUAL ARITY: expStr=purust_core::Func1<c, crate::UnknownType> actStr=purust_core::Func1<b, c>
BOXUNBOX EQUAL ARITY: expStr=purust_core::Func2<purust_core::Func1<b, c>, crate::UnknownType, crate::UnknownType> actStr=purust_core::Func2<purust_core::Func1<c, crate::UnknownType>, crate::UnknownType, crate::UnknownType>
FUNCTION Data_Bifunctor_rmap args: 3 extracted: Nothing
BindingGroup: Data_Bifunctor_lmap type: ConstrainedType(Func) vars: a, b, c, f
BOXUNBOX EQUAL ARITY: expStr=purust_core::Func1<c, crate::UnknownType> actStr=purust_core::Func1<c, c>
FUNCTION Data_Bifunctor_lmap args: 3 extracted: Nothing
BindingGroup: Data_Bifunctor_bivoid type: ConstrainedType(Func) vars: a, b, f
BOXUNBOX EQUAL ARITY: expStr=purust_core::Func1<a, b> actStr=purust_core::Func1<a, crate::UnknownType>
BOXUNBOX EQUAL ARITY: expStr=purust_core::Func1<crate::UnknownType, crate::UnknownType> actStr=purust_core::Func1<b, crate::UnknownType>
FUNCTION Data_Bifunctor_bivoid args: 2 extracted: Nothing
BindingGroup: Data_Bifunctor_bimap type: ForAll(ConstrainedType(Func)) vars: 
FUNCTION Data_Bifunctor_bimap args: 4 extracted: Nothing
findFfiFile [Data.Bifunctor] -> null
Found FFI for Data.Bifunctor at: Nothing
Found FFI for Data.Bifunctor at: Nothing
BindingGroup: Control_Biapply_bilift3 type: ConstrainedType(Func) vars: a, b, c, d, e, f, g, h, w
BOXUNBOX FUNC: expStr=purust_core::Func1<a, b> actStr=purust_core::Func3<a, b, c, d>
UNSAFE_COERCE GENERATED: expStr=e actStr=c expTy=TypeVar(e) actTy=TypeVar(c)
BOXUNBOX FUNC: expStr=purust_core::Func1<c, d> actStr=purust_core::Func3<e, f, g, h>
FUNCTION Control_Biapply_bilift3 args: 6 extracted: Just
BindingGroup: Control_Biapply_bilift2 type: ConstrainedType(Func) vars: a, b, c, d, e, f, w
BOXUNBOX FUNC: expStr=purust_core::Func1<a, b> actStr=purust_core::Func2<a, b, c>
UNSAFE_COERCE GENERATED: expStr=d actStr=c expTy=TypeVar(d) actTy=TypeVar(c)
BOXUNBOX FUNC: expStr=purust_core::Func1<c, d> actStr=purust_core::Func2<d, e, f>
FUNCTION Control_Biapply_bilift2 args: 5 extracted: Just
BindingGroup: Control_Biapply_biapplySecond type: ConstrainedType(Func) vars: a, b, c, d, w
BOXUNBOX FUNC: expStr=purust_core::Func1<a, b> actStr=purust_core::Func2<a, c, a>
UNSAFE_COERCE GENERATED: expStr=b actStr=c expTy=TypeVar(b) actTy=TypeVar(c)
BOXUNBOX FUNC: expStr=purust_core::Func1<c, d> actStr=purust_core::Func2<b, d, b>
FUNCTION Control_Biapply_biapplySecond args: 3 extracted: Just
BindingGroup: Control_Biapply_biapplyFirst type: ConstrainedType(Func) vars: a, b, c, d, w
BOXUNBOX FUNC: expStr=purust_core::Func1<a, b> actStr=purust_core::Func2<a, c, c>
UNSAFE_COERCE GENERATED: expStr=b actStr=c expTy=TypeVar(b) actTy=TypeVar(c)
BOXUNBOX FUNC: expStr=purust_core::Func1<c, d> actStr=purust_core::Func2<b, d, d>
FUNCTION Control_Biapply_biapplyFirst args: 3 extracted: Just
BindingGroup: Control_Biapply_biapply type: ForAll(ConstrainedType(Func)) vars: 
FUNCTION Control_Biapply_biapply args: 3 extracted: Nothing
BindingGroup: Control_Biapply_biapplyTuple type: Other vars: 
findFfiFile [Control.Biapply] -> null
Found FFI for Control.Biapply at: Nothing
Found FFI for Control.Biapply at: Nothing
BindingGroup: Control_Biapplicative_biapplicativeTuple type: Other vars: 
BindingGroup: Control_Biapplicative_bipure type: ForAll(ConstrainedType(Func)) vars: 
FUNCTION Control_Biapplicative_bipure args: 3 extracted: Nothing
findFfiFile [Control.Biapplicative] -> null
Found FFI for Control.Biapplicative at: Nothing
Found FFI for Control.Biapplicative at: Nothing
BindingGroup: Control_Monad_Gen_Class_chooseBool type: ForAll(ConstrainedType(TypeApp(TypeVar(m), [...]))) vars: 
FUNCTION Control_Monad_Gen_Class_chooseBool args: 1 extracted: Just
BindingGroup: Control_Monad_Gen_Class_chooseFloat type: ForAll(ConstrainedType(Func)) vars: 
FUNCTION Control_Monad_Gen_Class_chooseFloat args: 3 extracted: Nothing
BindingGroup: Control_Monad_Gen_Class_chooseInt type: ForAll(ConstrainedType(Func)) vars: 
FUNCTION Control_Monad_Gen_Class_chooseInt args: 3 extracted: Nothing
BindingGroup: Control_Monad_Gen_Class_resize type: ForAll(ConstrainedType(Func)) vars: 
BOXUNBOX EQUAL ARITY: expStr=purust_core::Func1<crate::UnknownType, crate::UnknownType> actStr=purust_core::Func1<i64, i64>
FUNCTION Control_Monad_Gen_Class_resize args: 3 extracted: Nothing
BindingGroup: Control_Monad_Gen_Class_sized type: ForAll(ConstrainedType(Func)) vars: 
BOXUNBOX EQUAL ARITY: expStr=purust_core::Func1<crate::UnknownType, crate::UnknownType> actStr=purust_core::Func1<i64, crate::UnknownType>
FUNCTION Control_Monad_Gen_Class_sized args: 2 extracted: Nothing
findFfiFile [Control.Monad.Gen.Class] -> null
Found FFI for Control.Monad.Gen.Class at: Nothing
Found FFI for Control.Monad.Gen.Class at: Nothing
BindingGroup: Data_Identity_altIdentity type: Other vars: a
BOXUNBOX EQUAL ARITY: expStr=purust_core::Func2<crate::UnknownType, crate::UnknownType, crate::UnknownType> actStr=purust_core::Func2<a, a, a>
BindingGroup: Data_Identity_monadIdentity type: Other vars: a
BindingGroup: Data_Identity_applicativeIdentity type: Other vars: a
BOXUNBOX EQUAL ARITY: expStr=purust_core::Func1<a, crate::UnknownType> actStr=purust_core::Func1<a, a>
BindingGroup: Data_Identity_bindIdentity type: Other vars: a
BOXUNBOX EQUAL ARITY: expStr=purust_core::Func2<crate::UnknownType, purust_core::Func1<a, crate::UnknownType>, crate::UnknownType> actStr=purust_core::Func2<a, purust_core::Func1<a, crate::UnknownType>, crate::UnknownType>
BindingGroup: Data_Identity_applyIdentity type: Other vars: a
BOXUNBOX EQUAL ARITY: expStr=purust_core::Func2<crate::UnknownType, crate::UnknownType, crate::UnknownType> actStr=purust_core::Func2<purust_core::Func1<a, crate::UnknownType>, a, crate::UnknownType>
BindingGroup: Data_Identity_booleanAlgebraIdentity type: ConstrainedType(Other) vars: a
FUNCTION Data_Identity_booleanAlgebraIdentity args: 1 extracted: Just
BindingGroup: Data_Identity_boundedIdentity type: ConstrainedType(Other) vars: a
FUNCTION Data_Identity_boundedIdentity args: 1 extracted: Just
BindingGroup: Data_Identity_commutativeRingIdentity type: ConstrainedType(Other) vars: a
FUNCTION Data_Identity_commutativeRingIdentity args: 1 extracted: Just
BindingGroup: Data_Identity_comonadIdentity type: Other vars: a
BOXUNBOX EQUAL ARITY: expStr=purust_core::Func1<crate::UnknownType, a> actStr=purust_core::Func1<a, a>
BindingGroup: Data_Identity_ord1Identity type: Other vars: a
BOXUNBOX EQUAL ARITY: expStr=purust_core::Func3<std::rc::Rc<Purs_Data_Ord::Ord<a>>, crate::UnknownType, crate::UnknownType, std::rc::Rc<Purs_Data_Ordering::Ordering>> actStr=purust_core::Func3<std::rc::Rc<Purs_Data_Ord::Ord<a>>, a, a, std::rc::Rc<Purs_Data_Ordering::Ordering>>
BindingGroup: Data_Identity_eq1Identity type: Other vars: a
BOXUNBOX EQUAL ARITY: expStr=purust_core::Func3<std::rc::Rc<Purs_Data_Eq::Eq<a>>, crate::UnknownType, crate::UnknownType, bool> actStr=purust_core::Func3<std::rc::Rc<Purs_Data_Eq::Eq<a>>, a, a, bool>
BindingGroup: Data_Identity_eqIdentity type: ConstrainedType(Other) vars: a
FUNCTION Data_Identity_eqIdentity args: 1 extracted: Just
BindingGroup: Data_Identity_euclideanRingIdentity type: ConstrainedType(Other) vars: a
FUNCTION Data_Identity_euclideanRingIdentity args: 1 extracted: Just
BindingGroup: Data_Identity_extendIdentity type: Other vars: a
BOXUNBOX EQUAL ARITY: expStr=purust_core::Func1<a, crate::UnknownType> actStr=purust_core::Func1<crate::UnknownType, crate::UnknownType>
BOXUNBOX EQUAL ARITY: expStr=purust_core::Func2<purust_core::Func1<crate::UnknownType, crate::UnknownType>, crate::UnknownType, crate::UnknownType> actStr=purust_core::Func2<purust_core::Func1<a, crate::UnknownType>, a, crate::UnknownType>
BindingGroup: Data_Identity_invariantIdentity type: Other vars: a
BOXUNBOX EQUAL ARITY: expStr=purust_core::Func3<purust_core::Func1<a, crate::UnknownType>, purust_core::Func1<crate::UnknownType, a>, crate::UnknownType, crate::UnknownType> actStr=purust_core::Func3<purust_core::Func1<a, crate::UnknownType>, purust_core::Func1<crate::UnknownType, a>, a, crate::UnknownType>
BindingGroup: Data_Identity_functorIdentity type: Other vars: a
BOXUNBOX EQUAL ARITY: expStr=purust_core::Func2<purust_core::Func1<a, crate::UnknownType>, crate::UnknownType, crate::UnknownType> actStr=purust_core::Func2<purust_core::Func1<a, crate::UnknownType>, a, crate::UnknownType>
BindingGroup: Data_Identity_heytingAlgebraIdentity type: ConstrainedType(Other) vars: a
FUNCTION Data_Identity_heytingAlgebraIdentity args: 1 extracted: Just
BindingGroup: Data_Identity_lazyIdentity type: ConstrainedType(Other) vars: a
FUNCTION Data_Identity_lazyIdentity args: 1 extracted: Just
BindingGroup: Data_Identity_monoidIdentity type: ConstrainedType(Other) vars: a
FUNCTION Data_Identity_monoidIdentity args: 1 extracted: Just
BindingGroup: Data_Identity_newtypeIdentity type: TypeApp(Other, [...]) vars: a
BindingGroup: Data_Identity_ordIdentity type: ConstrainedType(Other) vars: a
FUNCTION Data_Identity_ordIdentity args: 1 extracted: Just
BindingGroup: Data_Identity_ringIdentity type: ConstrainedType(Other) vars: a
FUNCTION Data_Identity_ringIdentity args: 1 extracted: Just
BindingGroup: Data_Identity_semigroupIdentity type: ConstrainedType(Other) vars: a
FUNCTION Data_Identity_semigroupIdentity args: 1 extracted: Just
BindingGroup: Data_Identity_semiringIdentity type: ConstrainedType(Other) vars: a
FUNCTION Data_Identity_semiringIdentity args: 1 extracted: Just
BindingGroup: Data_Identity_showIdentity type: ConstrainedType(Other) vars: a
FUNCTION Data_Identity_showIdentity args: 1 extracted: Just
BindingGroup: Data_Identity_Identity type: Func vars: 
FUNCTION Data_Identity_Identity args: 1 extracted: Just
findFfiFile [Data.Identity] -> null
Found FFI for Data.Identity at: Nothing
Found FFI for Data.Identity at: Nothing
BindingGroup: Effect_functorEffect type: Other vars: 
BindingGroup: Effect_applicativeEffect type: Other vars: 
BindingGroup: Effect_applyEffect type: Other vars: 
BindingGroup: Effect_bindEffect type: Other vars: 
BindingGroup: Effect_monadEffect type: Other vars: 
BindingGroup: Effect_monoidEffect type: ConstrainedType(Other) vars: a
BOXUNBOX EQUAL ARITY: expStr=purust_core::Func1<crate::UnknownType, crate::UnknownType> actStr=purust_core::Func1<a, a>
FUNCTION Effect_monoidEffect args: 1 extracted: Just
BindingGroup: Effect_semigroupEffect type: ConstrainedType(Other) vars: a
BOXUNBOX EQUAL ARITY: expStr=purust_core::Func1<crate::UnknownType, crate::UnknownType> actStr=purust_core::Func1<a, a>
FUNCTION Effect_semigroupEffect args: 1 extracted: Just
findFfiFile [Effect] -> null
Found FFI for Effect at: Nothing
Found FFI for Effect at: Nothing
genFallback whileE args: ["mut a0: crate::UnknownType","mut a1: crate::UnknownType"]
genFallback untilE args: ["mut a0: crate::UnknownType"]
genFallback pureE args: ["mut a0: a"]
genFallback foreachE args: ["mut a0: crate::UnknownType","mut a1: purust_core::Func1<a, crate::UnknownType>"]
genFallback forE args: ["mut a0: i64","mut a1: i64","mut a2: purust_core::Func1<i64, crate::UnknownType>"]
genFallback bindE args: ["mut a0: crate::UnknownType","mut a1: purust_core::Func1<a, crate::UnknownType>"]
BindingGroup: Effect_Ref_modify_ type: Func vars: s
FUNCTION Effect_Ref_modify_ args: 2 extracted: Just
BindingGroup: Effect_Ref_modify type: Func vars: s
FUNCTION Effect_Ref_modify args: 2 extracted: Nothing
BindingGroup: Effect_Ref_modify_prime type: Func vars: b, s
FUNCTION Effect_Ref_modify_prime args: 2 extracted: Nothing
BindingGroup: Effect_Ref_new type: Func vars: s
FUNCTION Effect_Ref_new args: 1 extracted: Nothing
findFfiFile [Effect.Ref] -> null
Found FFI for Effect.Ref at: Nothing
Found FFI for Effect.Ref at: Nothing
genFallback write args: ["mut a0: s","mut a1: crate::UnknownType"]
genFallback read args: ["mut a0: crate::UnknownType"]
genFallback newWithSelf args: ["mut a0: purust_core::Func1<crate::UnknownType, s>"]
genFallback modifyImpl args: ["mut a0: purust_core::Func1<s, crate::UnknownType>","mut a1: crate::UnknownType"]
genFallback _new args: ["mut a0: s"]
BindingGroup: Partial_crash type: ConstrainedType(TypeVar(a)) vars: a
FUNCTION Partial_crash args: 1 extracted: Just
BindingGroup: Partial_crashWith type: ConstrainedType(Func) vars: a
FUNCTION Partial_crashWith args: 2 extracted: Nothing
findFfiFile [Partial] -> null
Found FFI for Partial at: Nothing
Found FFI for Partial at: Nothing
genFallback _crashWith args: ["mut a0: String"]
BindingGroup: Partial_Unsafe_unsafeCrashWith type: Func vars: a
FUNCTION Partial_Unsafe_unsafeCrashWith args: 1 extracted: Just
BindingGroup: Partial_Unsafe_unsafePartial type: Func vars: a
FUNCTION Partial_Unsafe_unsafePartial args: 1 extracted: Nothing
findFfiFile [Partial.Unsafe] -> /Users/0x1/Documents/htdocs/purust/purust-strings-extra/src/Partial/Unsafe.rs
Found FFI for Partial.Unsafe at: (Just "/Users/0x1/Documents/htdocs/purust/purust-strings-extra/src/Partial/Unsafe.rs")
Found FFI for Partial.Unsafe at: (Just "/Users/0x1/Documents/htdocs/purust/purust-strings-extra/src/Partial/Unsafe.rs")
BindingGroup: Control_Monad_Rec_Class_bifunctorStep type: Other vars: 
BindingGroup: Control_Monad_Rec_Class_forever type: ConstrainedType(Func) vars: a, b, m
UNSAFE_COERCE GENERATED: expStr=a actStr=std::rc::Rc<crate::Step> expTy=TypeVar(a) actTy=Other
UNSAFE_COERCE GENERATED: expStr=b actStr=a expTy=TypeVar(b) actTy=TypeVar(a)
UNSAFE_COERCE GENERATED: expStr=b actStr=a expTy=TypeVar(b) actTy=TypeVar(a)
BOXUNBOX EQUAL ARITY: expStr=purust_core::Func1<a, b> actStr=purust_core::Func1<b, a>
BOXUNBOX EQUAL ARITY: expStr=purust_core::Func1<a, crate::UnknownType> actStr=purust_core::Func1<crate::UnknownType, crate::UnknownType>
FUNCTION Control_Monad_Rec_Class_forever args: 2 extracted: Just
BindingGroup: Control_Monad_Rec_Class_functorStep type: Other vars: a
BindingGroup: Control_Monad_Rec_Class_loop2 type: Func vars: a, b, c
FUNCTION Control_Monad_Rec_Class_loop2 args: 2 extracted: Just
BindingGroup: Control_Monad_Rec_Class_loop3 type: Func vars: a, b, c, d
FUNCTION Control_Monad_Rec_Class_loop3 args: 3 extracted: Just
BindingGroup: Control_Monad_Rec_Class_monadRecEffect type: Other vars: 
BindingGroup: Control_Monad_Rec_Class_monadRecEither type: Other vars: e
BindingGroup: Control_Monad_Rec_Class_monadRecFunction type: Other vars: e
BOXUNBOX FUNC: expStr=purust_core::Func2<purust_core::Func1<crate::UnknownType, crate::UnknownType>, crate::UnknownType, crate::UnknownType> actStr=purust_core::Func3<purust_core::Func2<crate::UnknownType, e, std::rc::Rc<crate::Step<crate::UnknownType, crate::UnknownType>>>, crate::UnknownType, e, crate::UnknownType>
BindingGroup: Control_Monad_Rec_Class_monadRecIdentity type: Other vars: a
UNSAFE_COERCE GENERATED: expStr=b actStr=a expTy=TypeVar(b) actTy=TypeVar(a)
UNSAFE_COERCE GENERATED: expStr=a actStr=b expTy=TypeVar(a) actTy=TypeVar(b)
BOXUNBOX EQUAL ARITY: expStr=purust_core::Func1<a, std::rc::Rc<crate::Step<a, crate::UnknownType>>> actStr=purust_core::Func1<a, crate::UnknownType>
BOXUNBOX EQUAL ARITY: expStr=purust_core::Func2<purust_core::Func1<a, crate::UnknownType>, a, crate::UnknownType> actStr=purust_core::Func2<purust_core::Func1<a, std::rc::Rc<crate::Step<a, crate::UnknownType>>>, a, crate::UnknownType>
BindingGroup: Control_Monad_Rec_Class_monadRecMaybe type: Other vars: 
BindingGroup: Control_Monad_Rec_Class_tailRec3 type: Func vars: a, b, c, d
UNSAFE_COERCE GENERATED: expStr=c actStr=std::rc::Rc<crate::Step<crate::UnknownType, d>> expTy=TypeVar(c) actTy=Other
FUNCTION Control_Monad_Rec_Class_tailRec3 args: 4 extracted: Just
BindingGroup: Control_Monad_Rec_Class_tailRec2 type: Func vars: a, b, c
UNSAFE_COERCE GENERATED: expStr=c actStr=std::rc::Rc<crate::Step<crate::UnknownType, c>> expTy=TypeVar(c) actTy=Other
FUNCTION Control_Monad_Rec_Class_tailRec2 args: 3 extracted: Just
BindingGroup: Control_Monad_Rec_Class_tailRec type: Func vars: a, b
UNSAFE_COERCE GENERATED: expStr=b actStr=a expTy=TypeVar(b) actTy=TypeVar(a)
UNSAFE_COERCE GENERATED: expStr=a actStr=b expTy=TypeVar(a) actTy=TypeVar(b)
FUNCTION Control_Monad_Rec_Class_tailRec args: 2 extracted: Nothing
BindingGroup: Control_Monad_Rec_Class_whileJust type: ConstrainedType(Func) vars: a, m
UNSAFE_COERCE GENERATED: expStr=std::rc::Rc<Purs_Data_Maybe::Maybe> actStr=a expTy=Other actTy=TypeVar(a)
FUNCTION Control_Monad_Rec_Class_whileJust args: 3 extracted: Just
BindingGroup: Control_Monad_Rec_Class_untilJust type: ConstrainedType(Func) vars: a, m
UNSAFE_COERCE GENERATED: expStr=std::rc::Rc<Purs_Data_Maybe::Maybe> actStr=a expTy=Other actTy=TypeVar(a)
BOXUNBOX EQUAL ARITY: expStr=purust_core::Func1<a, crate::UnknownType> actStr=purust_core::Func1<crate::UnknownType, crate::UnknownType>
FUNCTION Control_Monad_Rec_Class_untilJust args: 2 extracted: Just
BindingGroup: Control_Monad_Rec_Class_tailRecM3 type: ConstrainedType(Func) vars: a, b, c, d, m
BOXUNBOX EQUAL ARITY: expStr=purust_core::Func1<a, crate::UnknownType> actStr=purust_core::Func1<crate::UnknownType, crate::UnknownType>
FUNCTION Control_Monad_Rec_Class_tailRecM3 args: 5 extracted: Just
BindingGroup: Control_Monad_Rec_Class_tailRecM2 type: ConstrainedType(Func) vars: a, b, c, m
BOXUNBOX EQUAL ARITY: expStr=purust_core::Func1<a, crate::UnknownType> actStr=purust_core::Func1<crate::UnknownType, crate::UnknownType>
FUNCTION Control_Monad_Rec_Class_tailRecM2 args: 4 extracted: Just
BindingGroup: Control_Monad_Rec_Class_tailRecM type: ForAll(ConstrainedType(Func)) vars: 
FUNCTION Control_Monad_Rec_Class_tailRecM args: 3 extracted: Nothing
BindingGroup: Control_Monad_Rec_Class_Done type: Func vars: b
FUNCTION Control_Monad_Rec_Class_Done args: 1 extracted: Nothing
BindingGroup: Control_Monad_Rec_Class_Loop type: Func vars: a
FUNCTION Control_Monad_Rec_Class_Loop args: 1 extracted: Nothing
findFfiFile [Control.Monad.Rec.Class] -> null
Found FFI for Control.Monad.Rec.Class at: Nothing
Found FFI for Control.Monad.Rec.Class at: Nothing
BindingGroup: Control_MonadPlus_monadPlusArray type: Other vars: 
findFfiFile [Control.MonadPlus] -> null
Found FFI for Control.MonadPlus at: Nothing
Found FFI for Control.MonadPlus at: Nothing
BindingGroup: Data_Functor_App_altApp type: ConstrainedType(Other) vars: a, f
FUNCTION Data_Functor_App_altApp args: 1 extracted: Just
BindingGroup: Data_Functor_App_alternativeApp type: ConstrainedType(Other) vars: a, f
FUNCTION Data_Functor_App_alternativeApp args: 1 extracted: Just
BindingGroup: Data_Functor_App_applicativeApp type: ConstrainedType(Other) vars: a, f
FUNCTION Data_Functor_App_applicativeApp args: 1 extracted: Just
BindingGroup: Data_Functor_App_applyApp type: ConstrainedType(Other) vars: a, f
FUNCTION Data_Functor_App_applyApp args: 1 extracted: Just
BindingGroup: Data_Functor_App_bindApp type: ConstrainedType(Other) vars: a, f
FUNCTION Data_Functor_App_bindApp args: 1 extracted: Just
BindingGroup: Data_Functor_App_comonadApp type: ConstrainedType(Other) vars: a, f
FUNCTION Data_Functor_App_comonadApp args: 1 extracted: Just
BindingGroup: Data_Functor_App_ord1App type: ConstrainedType(Other) vars: a, f
FUNCTION Data_Functor_App_ord1App args: 1 extracted: Just
BindingGroup: Data_Functor_App_eq1App type: ConstrainedType(Other) vars: a, f
FUNCTION Data_Functor_App_eq1App args: 1 extracted: Just
BindingGroup: Data_Functor_App_ordApp type: ConstrainedType(Other) vars: a, f
FUNCTION Data_Functor_App_ordApp args: 2 extracted: Just
BindingGroup: Data_Functor_App_eqApp type: ConstrainedType(Other) vars: a, f
FUNCTION Data_Functor_App_eqApp args: 2 extracted: Just
BindingGroup: Data_Functor_App_extendApp type: ConstrainedType(Other) vars: a, f
FUNCTION Data_Functor_App_extendApp args: 1 extracted: Just
BindingGroup: Data_Functor_App_functorApp type: ConstrainedType(Other) vars: a, f
FUNCTION Data_Functor_App_functorApp args: 1 extracted: Just
BindingGroup: Data_Functor_App_hoistApp type: Func vars: f, g
FUNCTION Data_Functor_App_hoistApp args: 1 extracted: Just
BindingGroup: Data_Functor_App_hoistLiftApp type: Func vars: a, f, g
VAR UNSAFE_COERCE: ty=Func genTy=ForAll(Func) mKeys=(fromFoldable ["a","b"]) mVals=TypeApp(TypeVar(f), [...]),TypeApp(TypeVar(f), [...])
FUNCTION Data_Functor_App_hoistLiftApp args: 1 extracted: Nothing
BindingGroup: Data_Functor_App_hoistLowerApp type: Func vars: a, f, g
VAR UNSAFE_COERCE: ty=Func genTy=ForAll(Func) mKeys=(fromFoldable ["a","b"]) mVals=TypeApp(TypeVar(f), [...]),TypeApp(TypeVar(f), [...])
FUNCTION Data_Functor_App_hoistLowerApp args: 1 extracted: Nothing
BindingGroup: Data_Functor_App_lazyApp type: ConstrainedType(Other) vars: a, f
FUNCTION Data_Functor_App_lazyApp args: 1 extracted: Just
BindingGroup: Data_Functor_App_monadApp type: ConstrainedType(Other) vars: a, f
FUNCTION Data_Functor_App_monadApp args: 1 extracted: Just
BindingGroup: Data_Functor_App_monadPlusApp type: ConstrainedType(Other) vars: a, f
FUNCTION Data_Functor_App_monadPlusApp args: 1 extracted: Just
BindingGroup: Data_Functor_App_monoidApp type: ConstrainedType(Other) vars: a, f
BOXUNBOX EQUAL ARITY: expStr=purust_core::Func2<a, crate::UnknownType, crate::UnknownType> actStr=purust_core::Func2<a, a, a>
BOXUNBOX FUNC: expStr=purust_core::Func1<a, crate::UnknownType> actStr=purust_core::Func2<a, crate::UnknownType, crate::UnknownType>
FUNCTION Data_Functor_App_monoidApp args: 2 extracted: Just
BindingGroup: Data_Functor_App_newtypeApp type: TypeApp(Other, [...]) vars: a, f
BindingGroup: Data_Functor_App_plusApp type: ConstrainedType(Other) vars: a, f
FUNCTION Data_Functor_App_plusApp args: 1 extracted: Just
BindingGroup: Data_Functor_App_semigroupApp type: ConstrainedType(Other) vars: a, f
BOXUNBOX EQUAL ARITY: expStr=purust_core::Func2<a, crate::UnknownType, crate::UnknownType> actStr=purust_core::Func2<a, a, a>
BOXUNBOX FUNC: expStr=purust_core::Func1<a, crate::UnknownType> actStr=purust_core::Func2<a, crate::UnknownType, crate::UnknownType>
FUNCTION Data_Functor_App_semigroupApp args: 2 extracted: Just
BindingGroup: Data_Functor_App_showApp type: ConstrainedType(Other) vars: a, f
FUNCTION Data_Functor_App_showApp args: 1 extracted: Just
BindingGroup: Data_Functor_App_App type: Func vars: 
FUNCTION Data_Functor_App_App args: 1 extracted: Just
findFfiFile [Data.Functor.App] -> null
Found FFI for Data.Functor.App at: Nothing
Found FFI for Data.Functor.App at: Nothing
BindingGroup: Data_Functor_Compose_alternativeCompose type: ConstrainedType(Other) vars: a, f, g
BOXUNBOX EQUAL ARITY: expStr=purust_core::Func1<a, crate::UnknownType> actStr=purust_core::Func1<crate::UnknownType, crate::UnknownType>
BOXUNBOX FUNC: expStr=purust_core::Func1<a, crate::UnknownType> actStr=purust_core::Func2<crate::UnknownType, crate::UnknownType, crate::UnknownType>
BOXUNBOX EQUAL ARITY: expStr=purust_core::Func1<a, crate::UnknownType> actStr=purust_core::Func1<crate::UnknownType, crate::UnknownType>
FUNCTION Data_Functor_Compose_alternativeCompose args: 2 extracted: Just
BindingGroup: Data_Functor_Compose_plusCompose type: ConstrainedType(Other) vars: a, f, g
BOXUNBOX EQUAL ARITY: expStr=purust_core::Func1<a, crate::UnknownType> actStr=purust_core::Func1<crate::UnknownType, crate::UnknownType>
FUNCTION Data_Functor_Compose_plusCompose args: 2 extracted: Just
BindingGroup: Data_Functor_Compose_altCompose type: ConstrainedType(Other) vars: a, f, g
BOXUNBOX EQUAL ARITY: expStr=purust_core::Func1<a, crate::UnknownType> actStr=purust_core::Func1<crate::UnknownType, crate::UnknownType>
FUNCTION Data_Functor_Compose_altCompose args: 2 extracted: Just
BindingGroup: Data_Functor_Compose_applicativeCompose type: ConstrainedType(Other) vars: a, f, g
BOXUNBOX EQUAL ARITY: expStr=purust_core::Func1<a, crate::UnknownType> actStr=purust_core::Func1<crate::UnknownType, crate::UnknownType>
BOXUNBOX FUNC: expStr=purust_core::Func1<a, crate::UnknownType> actStr=purust_core::Func2<crate::UnknownType, crate::UnknownType, crate::UnknownType>
FUNCTION Data_Functor_Compose_applicativeCompose args: 2 extracted: Just
BindingGroup: Data_Functor_Compose_applyCompose type: ConstrainedType(Other) vars: a, f, g
BOXUNBOX EQUAL ARITY: expStr=purust_core::Func1<a, crate::UnknownType> actStr=purust_core::Func1<crate::UnknownType, crate::UnknownType>
BOXUNBOX FUNC: expStr=purust_core::Func1<a, crate::UnknownType> actStr=purust_core::Func2<crate::UnknownType, crate::UnknownType, crate::UnknownType>
FUNCTION Data_Functor_Compose_applyCompose args: 2 extracted: Just
BindingGroup: Data_Functor_Compose_bihoistCompose type: ConstrainedType(Func) vars: f, g, h, i
FUNCTION Data_Functor_Compose_bihoistCompose args: 3 extracted: Just
BindingGroup: Data_Functor_Compose_ord1Compose type: ConstrainedType(Other) vars: a, f, g
FUNCTION Data_Functor_Compose_ord1Compose args: 2 extracted: Just
BindingGroup: Data_Functor_Compose_eq1Compose type: ConstrainedType(Other) vars: a, f, g
FUNCTION Data_Functor_Compose_eq1Compose args: 2 extracted: Just
BindingGroup: Data_Functor_Compose_ordCompose type: ConstrainedType(Other) vars: a, f, g
FUNCTION Data_Functor_Compose_ordCompose args: 3 extracted: Just
BindingGroup: Data_Functor_Compose_eqCompose type: ConstrainedType(Other) vars: a, f, g
FUNCTION Data_Functor_Compose_eqCompose args: 3 extracted: Just
BindingGroup: Data_Functor_Compose_functorCompose type: ConstrainedType(Other) vars: a, f, g
BOXUNBOX EQUAL ARITY: expStr=purust_core::Func1<a, crate::UnknownType> actStr=purust_core::Func1<crate::UnknownType, crate::UnknownType>
FUNCTION Data_Functor_Compose_functorCompose args: 2 extracted: Just
BindingGroup: Data_Functor_Compose_newtypeCompose type: TypeApp(Other, [...]) vars: a, f, g
BindingGroup: Data_Functor_Compose_showCompose type: ConstrainedType(Other) vars: a, f, g
FUNCTION Data_Functor_Compose_showCompose args: 1 extracted: Just
BindingGroup: Data_Functor_Compose_Compose type: Func vars: 
FUNCTION Data_Functor_Compose_Compose args: 1 extracted: Just
findFfiFile [Data.Functor.Compose] -> null
Found FFI for Data.Functor.Compose at: Nothing
Found FFI for Data.Functor.Compose at: Nothing
BindingGroup: Data_Functor_Coproduct_bihoistCoproduct type: Func vars: f, g, h, i
FUNCTION Data_Functor_Coproduct_bihoistCoproduct args: 2 extracted: Just
BindingGroup: Data_Functor_Coproduct_comonadCoproduct type: ConstrainedType(Other) vars: a, f, g
BOXUNBOX EQUAL ARITY: expStr=purust_core::Func1<std::rc::Rc<Purs_Data_Either::Either<crate::UnknownType, crate::UnknownType, f, g, a>>, std::rc::Rc<Purs_Data_Either::Either<crate::UnknownType, crate::UnknownType>>> actStr=purust_core::Func1<std::rc::Rc<Purs_Data_Either::Either<crate::UnknownType, crate::UnknownType, f, g, a>>, crate::UnknownType>
BOXUNBOX EQUAL ARITY: expStr=purust_core::Func1<std::rc::Rc<Purs_Data_Either::Either<crate::UnknownType, crate::UnknownType, f, g, a>>, std::rc::Rc<Purs_Data_Either::Either<crate::UnknownType, crate::UnknownType, f, g, crate::UnknownType>>> actStr=purust_core::Func1<crate::UnknownType, crate::UnknownType>
FUNCTION Data_Functor_Coproduct_comonadCoproduct args: 2 extracted: Just
BindingGroup: Data_Functor_Coproduct_extendCoproduct type: ConstrainedType(Other) vars: a, f, g
BOXUNBOX EQUAL ARITY: expStr=purust_core::Func1<std::rc::Rc<Purs_Data_Either::Either<crate::UnknownType, crate::UnknownType, f, g, a>>, std::rc::Rc<Purs_Data_Either::Either<crate::UnknownType, crate::UnknownType>>> actStr=purust_core::Func1<std::rc::Rc<Purs_Data_Either::Either<crate::UnknownType, crate::UnknownType, f, g, a>>, crate::UnknownType>
BOXUNBOX EQUAL ARITY: expStr=purust_core::Func1<std::rc::Rc<Purs_Data_Either::Either<crate::UnknownType, crate::UnknownType, f, g, a>>, std::rc::Rc<Purs_Data_Either::Either<crate::UnknownType, crate::UnknownType, f, g, crate::UnknownType>>> actStr=purust_core::Func1<crate::UnknownType, crate::UnknownType>
FUNCTION Data_Functor_Coproduct_extendCoproduct args: 2 extracted: Just
BindingGroup: Data_Functor_Coproduct_coproduct type: Func vars: a, b, f, g
FUNCTION Data_Functor_Coproduct_coproduct args: 3 extracted: Just
BindingGroup: Data_Functor_Coproduct_ordCoproduct type: ConstrainedType(Other) vars: a, f, g
FUNCTION Data_Functor_Coproduct_ordCoproduct args: 3 extracted: Just
BindingGroup: Data_Functor_Coproduct_ord1Coproduct type: ConstrainedType(Other) vars: a, f, g
FUNCTION Data_Functor_Coproduct_ord1Coproduct args: 2 extracted: Just
BindingGroup: Data_Functor_Coproduct_eqCoproduct type: ConstrainedType(Other) vars: a, f, g
FUNCTION Data_Functor_Coproduct_eqCoproduct args: 3 extracted: Just
BindingGroup: Data_Functor_Coproduct_eq1Coproduct type: ConstrainedType(Other) vars: a, f, g
FUNCTION Data_Functor_Coproduct_eq1Coproduct args: 2 extracted: Just
BindingGroup: Data_Functor_Coproduct_functorCoproduct type: ConstrainedType(Other) vars: a, f, g
FUNCTION Data_Functor_Coproduct_functorCoproduct args: 2 extracted: Just
BindingGroup: Data_Functor_Coproduct_left type: Func vars: a, f, g
FUNCTION Data_Functor_Coproduct_left args: 1 extracted: Just
BindingGroup: Data_Functor_Coproduct_newtypeCoproduct type: TypeApp(Other, [...]) vars: a, f, g
BindingGroup: Data_Functor_Coproduct_right type: Func vars: a, f, g
FUNCTION Data_Functor_Coproduct_right args: 1 extracted: Just
BindingGroup: Data_Functor_Coproduct_showCoproduct type: ConstrainedType(Other) vars: a, f, g
FUNCTION Data_Functor_Coproduct_showCoproduct args: 2 extracted: Just
BindingGroup: Data_Functor_Coproduct_Coproduct type: Func vars: 
FUNCTION Data_Functor_Coproduct_Coproduct args: 1 extracted: Just
findFfiFile [Data.Functor.Coproduct] -> null
Found FFI for Data.Functor.Coproduct at: Nothing
Found FFI for Data.Functor.Coproduct at: Nothing
BindingGroup: Data_Functor_Product_monadProduct type: ConstrainedType(Other) vars: a, f, g
FUNCTION Data_Functor_Product_monadProduct args: 2 extracted: Just
BindingGroup: Data_Functor_Product_applicativeProduct type: ConstrainedType(Other) vars: a, f, g
FUNCTION Data_Functor_Product_applicativeProduct args: 2 extracted: Just
BindingGroup: Data_Functor_Product_bindProduct type: ConstrainedType(Other) vars: a, f, g
FUNCTION Data_Functor_Product_bindProduct args: 2 extracted: Just
BindingGroup: Data_Functor_Product_applyProduct type: ConstrainedType(Other) vars: a, f, g
FUNCTION Data_Functor_Product_applyProduct args: 2 extracted: Just
BindingGroup: Data_Functor_Product_bihoistProduct type: Func vars: f, g, h, i
FUNCTION Data_Functor_Product_bihoistProduct args: 2 extracted: Just
BindingGroup: Data_Functor_Product_ordProduct type: ConstrainedType(Other) vars: a, f, g
FUNCTION Data_Functor_Product_ordProduct args: 3 extracted: Just
BindingGroup: Data_Functor_Product_ord1Product type: ConstrainedType(Other) vars: a, f, g
FUNCTION Data_Functor_Product_ord1Product args: 2 extracted: Just
BindingGroup: Data_Functor_Product_eqProduct type: ConstrainedType(Other) vars: a, f, g
FUNCTION Data_Functor_Product_eqProduct args: 3 extracted: Just
BindingGroup: Data_Functor_Product_eq1Product type: ConstrainedType(Other) vars: a, f, g
FUNCTION Data_Functor_Product_eq1Product args: 2 extracted: Just
BindingGroup: Data_Functor_Product_functorProduct type: ConstrainedType(Other) vars: a, f, g
FUNCTION Data_Functor_Product_functorProduct args: 2 extracted: Just
BindingGroup: Data_Functor_Product_newtypeProduct type: TypeApp(Other, [...]) vars: a, f, g
BindingGroup: Data_Functor_Product_product type: Func vars: a, f, g
FUNCTION Data_Functor_Product_product args: 2 extracted: Just
BindingGroup: Data_Functor_Product_showProduct type: ConstrainedType(Other) vars: a, f, g
FUNCTION Data_Functor_Product_showProduct args: 2 extracted: Just
BindingGroup: Data_Functor_Product_Product type: Func vars: 
FUNCTION Data_Functor_Product_Product args: 1 extracted: Just
findFfiFile [Data.Functor.Product] -> null
Found FFI for Data.Functor.Product at: Nothing
Found FFI for Data.Functor.Product at: Nothing
BindingGroup: Data_Maybe_First_alternativeFirst type: Other vars: a
BindingGroup: Data_Maybe_First_plusFirst type: Other vars: a
BindingGroup: Data_Maybe_First_altFirst type: Other vars: a
BOXUNBOX EQUAL ARITY: expStr=purust_core::Func2<std::rc::Rc<Purs_Data_Maybe::Maybe<a, a>>, std::rc::Rc<Purs_Data_Maybe::Maybe<a, a>>, std::rc::Rc<Purs_Data_Maybe::Maybe<a, a>>> actStr=purust_core::Func2<std::rc::Rc<Purs_Data_Maybe::Maybe<a>>, std::rc::Rc<Purs_Data_Maybe::Maybe<a>>, std::rc::Rc<Purs_Data_Maybe::Maybe<a>>>
BindingGroup: Data_Maybe_First_applicativeFirst type: Other vars: a
BindingGroup: Data_Maybe_First_applyFirst type: Other vars: a
BindingGroup: Data_Maybe_First_bindFirst type: Other vars: a
BindingGroup: Data_Maybe_First_boundedFirst type: ConstrainedType(Other) vars: a
FUNCTION Data_Maybe_First_boundedFirst args: 1 extracted: Just
BindingGroup: Data_Maybe_First_eq1First type: Other vars: a
BindingGroup: Data_Maybe_First_eqFirst type: ConstrainedType(Other) vars: a
FUNCTION Data_Maybe_First_eqFirst args: 1 extracted: Just
BindingGroup: Data_Maybe_First_extendFirst type: Other vars: a
BindingGroup: Data_Maybe_First_functorFirst type: Other vars: a
BindingGroup: Data_Maybe_First_invariantFirst type: Other vars: a
BindingGroup: Data_Maybe_First_monadFirst type: Other vars: a
BindingGroup: Data_Maybe_First_monoidFirst type: Other vars: a
BindingGroup: Data_Maybe_First_newtypeFirst type: TypeApp(Other, [...]) vars: a
BindingGroup: Data_Maybe_First_ord1First type: Other vars: a
BindingGroup: Data_Maybe_First_ordFirst type: ConstrainedType(Other) vars: a
FUNCTION Data_Maybe_First_ordFirst args: 1 extracted: Just
BindingGroup: Data_Maybe_First_semigroupFirst type: Other vars: a
BindingGroup: Data_Maybe_First_showFirst type: ConstrainedType(Other) vars: a
FUNCTION Data_Maybe_First_showFirst args: 1 extracted: Just
BindingGroup: Data_Maybe_First_First type: Func vars: 
FUNCTION Data_Maybe_First_First args: 1 extracted: Just
findFfiFile [Data.Maybe.First] -> null
Found FFI for Data.Maybe.First at: Nothing
Found FFI for Data.Maybe.First at: Nothing
BindingGroup: Data_Maybe_Last_alternativeLast type: Other vars: a
BindingGroup: Data_Maybe_Last_plusLast type: Other vars: a
BindingGroup: Data_Maybe_Last_altLast type: Other vars: a
BOXUNBOX EQUAL ARITY: expStr=purust_core::Func2<std::rc::Rc<Purs_Data_Maybe::Maybe<a, a>>, std::rc::Rc<Purs_Data_Maybe::Maybe<a, a>>, std::rc::Rc<Purs_Data_Maybe::Maybe<a, a>>> actStr=purust_core::Func2<std::rc::Rc<Purs_Data_Maybe::Maybe<a>>, std::rc::Rc<Purs_Data_Maybe::Maybe<a>>, std::rc::Rc<Purs_Data_Maybe::Maybe<a>>>
BindingGroup: Data_Maybe_Last_applicativeLast type: Other vars: a
BindingGroup: Data_Maybe_Last_applyLast type: Other vars: a
BindingGroup: Data_Maybe_Last_bindLast type: Other vars: a
BindingGroup: Data_Maybe_Last_boundedLast type: ConstrainedType(Other) vars: a
FUNCTION Data_Maybe_Last_boundedLast args: 1 extracted: Just
BindingGroup: Data_Maybe_Last_eq1Last type: Other vars: a
BindingGroup: Data_Maybe_Last_eqLast type: ConstrainedType(Other) vars: a
FUNCTION Data_Maybe_Last_eqLast args: 1 extracted: Just
BindingGroup: Data_Maybe_Last_extendLast type: Other vars: a
BindingGroup: Data_Maybe_Last_functorLast type: Other vars: a
BindingGroup: Data_Maybe_Last_invariantLast type: Other vars: a
BindingGroup: Data_Maybe_Last_monadLast type: Other vars: a
BindingGroup: Data_Maybe_Last_monoidLast type: Other vars: a
BindingGroup: Data_Maybe_Last_newtypeLast type: TypeApp(Other, [...]) vars: a
BindingGroup: Data_Maybe_Last_ord1Last type: Other vars: a
BindingGroup: Data_Maybe_Last_ordLast type: ConstrainedType(Other) vars: a
FUNCTION Data_Maybe_Last_ordLast args: 1 extracted: Just
BindingGroup: Data_Maybe_Last_semigroupLast type: Other vars: a
BindingGroup: Data_Maybe_Last_showLast type: ConstrainedType(Other) vars: a
FUNCTION Data_Maybe_Last_showLast args: 1 extracted: Just
BindingGroup: Data_Maybe_Last_Last type: Func vars: 
FUNCTION Data_Maybe_Last_Last args: 1 extracted: Just
findFfiFile [Data.Maybe.Last] -> null
Found FFI for Data.Maybe.Last at: Nothing
Found FFI for Data.Maybe.Last at: Nothing
BindingGroup: Data_Foldable_foldMapDefaultR type: ConstrainedType(Func) vars: a, f, m
BOXUNBOX EQUAL ARITY: expStr=purust_core::Func2<a, crate::UnknownType, crate::UnknownType> actStr=purust_core::Func2<a, m, m>
BOXUNBOX EQUAL ARITY: expStr=purust_core::Func1<crate::UnknownType, m> actStr=purust_core::Func1<crate::UnknownType, crate::UnknownType>
FUNCTION Data_Foldable_foldMapDefaultR args: 4 extracted: Nothing
BindingGroup: Data_Foldable_foldableAdditive type: Other vars: a
BOXUNBOX EQUAL ARITY: expStr=purust_core::Func3<purust_core::Func2<a, crate::UnknownType, crate::UnknownType>, crate::UnknownType, crate::UnknownType, crate::UnknownType> actStr=purust_core::Func3<purust_core::Func2<a, crate::UnknownType, crate::UnknownType>, crate::UnknownType, a, crate::UnknownType>
BOXUNBOX EQUAL ARITY: expStr=purust_core::Func3<purust_core::Func2<crate::UnknownType, a, crate::UnknownType>, crate::UnknownType, crate::UnknownType, crate::UnknownType> actStr=purust_core::Func3<purust_core::Func2<crate::UnknownType, a, crate::UnknownType>, crate::UnknownType, a, crate::UnknownType>
BOXUNBOX EQUAL ARITY: expStr=purust_core::Func3<std::rc::Rc<Purs_Data_Monoid::Monoid<crate::UnknownType>>, purust_core::Func1<a, crate::UnknownType>, crate::UnknownType, crate::UnknownType> actStr=purust_core::Func3<std::rc::Rc<Purs_Data_Monoid::Monoid<crate::UnknownType>>, purust_core::Func1<a, crate::UnknownType>, a, crate::UnknownType>
BindingGroup: Data_Foldable_foldableConj type: Other vars: a
BOXUNBOX EQUAL ARITY: expStr=purust_core::Func3<purust_core::Func2<a, crate::UnknownType, crate::UnknownType>, crate::UnknownType, crate::UnknownType, crate::UnknownType> actStr=purust_core::Func3<purust_core::Func2<a, crate::UnknownType, crate::UnknownType>, crate::UnknownType, a, crate::UnknownType>
BOXUNBOX EQUAL ARITY: expStr=purust_core::Func3<purust_core::Func2<crate::UnknownType, a, crate::UnknownType>, crate::UnknownType, crate::UnknownType, crate::UnknownType> actStr=purust_core::Func3<purust_core::Func2<crate::UnknownType, a, crate::UnknownType>, crate::UnknownType, a, crate::UnknownType>
BOXUNBOX EQUAL ARITY: expStr=purust_core::Func3<std::rc::Rc<Purs_Data_Monoid::Monoid<crate::UnknownType>>, purust_core::Func1<a, crate::UnknownType>, crate::UnknownType, crate::UnknownType> actStr=purust_core::Func3<std::rc::Rc<Purs_Data_Monoid::Monoid<crate::UnknownType>>, purust_core::Func1<a, crate::UnknownType>, a, crate::UnknownType>
BindingGroup: Data_Foldable_foldableConst type: Other vars: a
BindingGroup: Data_Foldable_foldableDisj type: Other vars: a
BOXUNBOX EQUAL ARITY: expStr=purust_core::Func3<purust_core::Func2<a, crate::UnknownType, crate::UnknownType>, crate::UnknownType, crate::UnknownType, crate::UnknownType> actStr=purust_core::Func3<purust_core::Func2<a, crate::UnknownType, crate::UnknownType>, crate::UnknownType, a, crate::UnknownType>
BOXUNBOX EQUAL ARITY: expStr=purust_core::Func3<purust_core::Func2<crate::UnknownType, a, crate::UnknownType>, crate::UnknownType, crate::UnknownType, crate::UnknownType> actStr=purust_core::Func3<purust_core::Func2<crate::UnknownType, a, crate::UnknownType>, crate::UnknownType, a, crate::UnknownType>
BOXUNBOX EQUAL ARITY: expStr=purust_core::Func3<std::rc::Rc<Purs_Data_Monoid::Monoid<crate::UnknownType>>, purust_core::Func1<a, crate::UnknownType>, crate::UnknownType, crate::UnknownType> actStr=purust_core::Func3<std::rc::Rc<Purs_Data_Monoid::Monoid<crate::UnknownType>>, purust_core::Func1<a, crate::UnknownType>, a, crate::UnknownType>
BindingGroup: Data_Foldable_foldableDual type: Other vars: a
BOXUNBOX EQUAL ARITY: expStr=purust_core::Func3<purust_core::Func2<a, crate::UnknownType, crate::UnknownType>, crate::UnknownType, crate::UnknownType, crate::UnknownType> actStr=purust_core::Func3<purust_core::Func2<a, crate::UnknownType, crate::UnknownType>, crate::UnknownType, a, crate::UnknownType>
BOXUNBOX EQUAL ARITY: expStr=purust_core::Func3<purust_core::Func2<crate::UnknownType, a, crate::UnknownType>, crate::UnknownType, crate::UnknownType, crate::UnknownType> actStr=purust_core::Func3<purust_core::Func2<crate::UnknownType, a, crate::UnknownType>, crate::UnknownType, a, crate::UnknownType>
BOXUNBOX EQUAL ARITY: expStr=purust_core::Func3<std::rc::Rc<Purs_Data_Monoid::Monoid<crate::UnknownType>>, purust_core::Func1<a, crate::UnknownType>, crate::UnknownType, crate::UnknownType> actStr=purust_core::Func3<std::rc::Rc<Purs_Data_Monoid::Monoid<crate::UnknownType>>, purust_core::Func1<a, crate::UnknownType>, a, crate::UnknownType>
BindingGroup: Data_Foldable_foldableEither type: Other vars: a
BindingGroup: Data_Foldable_foldableIdentity type: Other vars: a
BOXUNBOX EQUAL ARITY: expStr=purust_core::Func3<purust_core::Func2<a, crate::UnknownType, crate::UnknownType>, crate::UnknownType, crate::UnknownType, crate::UnknownType> actStr=purust_core::Func3<purust_core::Func2<a, crate::UnknownType, crate::UnknownType>, crate::UnknownType, a, crate::UnknownType>
BOXUNBOX EQUAL ARITY: expStr=purust_core::Func3<purust_core::Func2<crate::UnknownType, a, crate::UnknownType>, crate::UnknownType, crate::UnknownType, crate::UnknownType> actStr=purust_core::Func3<purust_core::Func2<crate::UnknownType, a, crate::UnknownType>, crate::UnknownType, a, crate::UnknownType>
BOXUNBOX EQUAL ARITY: expStr=purust_core::Func3<std::rc::Rc<Purs_Data_Monoid::Monoid<crate::UnknownType>>, purust_core::Func1<a, crate::UnknownType>, crate::UnknownType, crate::UnknownType> actStr=purust_core::Func3<std::rc::Rc<Purs_Data_Monoid::Monoid<crate::UnknownType>>, purust_core::Func1<a, crate::UnknownType>, a, crate::UnknownType>
BindingGroup: Data_Foldable_foldableMaybe type: Other vars: 
BindingGroup: Data_Foldable_foldableMultiplicative type: Other vars: a
BOXUNBOX EQUAL ARITY: expStr=purust_core::Func3<purust_core::Func2<a, crate::UnknownType, crate::UnknownType>, crate::UnknownType, crate::UnknownType, crate::UnknownType> actStr=purust_core::Func3<purust_core::Func2<a, crate::UnknownType, crate::UnknownType>, crate::UnknownType, a, crate::UnknownType>
BOXUNBOX EQUAL ARITY: expStr=purust_core::Func3<purust_core::Func2<crate::UnknownType, a, crate::UnknownType>, crate::UnknownType, crate::UnknownType, crate::UnknownType> actStr=purust_core::Func3<purust_core::Func2<crate::UnknownType, a, crate::UnknownType>, crate::UnknownType, a, crate::UnknownType>
BOXUNBOX EQUAL ARITY: expStr=purust_core::Func3<std::rc::Rc<Purs_Data_Monoid::Monoid<crate::UnknownType>>, purust_core::Func1<a, crate::UnknownType>, crate::UnknownType, crate::UnknownType> actStr=purust_core::Func3<std::rc::Rc<Purs_Data_Monoid::Monoid<crate::UnknownType>>, purust_core::Func1<a, crate::UnknownType>, a, crate::UnknownType>
BindingGroup: Data_Foldable_foldableTuple type: Other vars: a
BindingGroup: Data_Foldable_sum type: ConstrainedType(Func) vars: a, f
BOXUNBOX EQUAL ARITY: expStr=purust_core::Func2<crate::UnknownType, a, crate::UnknownType> actStr=purust_core::Func2<a, a, a>
BOXUNBOX EQUAL ARITY: expStr=purust_core::Func1<crate::UnknownType, a> actStr=purust_core::Func1<crate::UnknownType, crate::UnknownType>
FUNCTION Data_Foldable_sum args: 3 extracted: Nothing
BindingGroup: Data_Foldable_product type: ConstrainedType(Func) vars: a, f
BOXUNBOX EQUAL ARITY: expStr=purust_core::Func2<crate::UnknownType, a, crate::UnknownType> actStr=purust_core::Func2<a, a, a>
BOXUNBOX EQUAL ARITY: expStr=purust_core::Func1<crate::UnknownType, a> actStr=purust_core::Func1<crate::UnknownType, crate::UnknownType>
FUNCTION Data_Foldable_product args: 3 extracted: Nothing
BindingGroup: Data_Foldable_minimum type: ConstrainedType(Func) vars: a, f
BOXUNBOX EQUAL ARITY: expStr=purust_core::Func2<crate::UnknownType, a, crate::UnknownType> actStr=purust_core::Func2<std::rc::Rc<Purs_Data_Maybe::Maybe<a>>, a, std::rc::Rc<Purs_Data_Maybe::Maybe<a>>>
BOXUNBOX EQUAL ARITY: expStr=purust_core::Func1<crate::UnknownType, std::rc::Rc<Purs_Data_Maybe::Maybe<a>>> actStr=purust_core::Func1<crate::UnknownType, crate::UnknownType>
FUNCTION Data_Foldable_minimum args: 3 extracted: Nothing
BindingGroup: Data_Foldable_minimumBy type: ConstrainedType(Func) vars: a, f
BOXUNBOX EQUAL ARITY: expStr=purust_core::Func2<crate::UnknownType, a, crate::UnknownType> actStr=purust_core::Func2<std::rc::Rc<Purs_Data_Maybe::Maybe<a>>, a, std::rc::Rc<Purs_Data_Maybe::Maybe<a>>>
BOXUNBOX EQUAL ARITY: expStr=purust_core::Func1<crate::UnknownType, std::rc::Rc<Purs_Data_Maybe::Maybe<a>>> actStr=purust_core::Func1<crate::UnknownType, crate::UnknownType>
FUNCTION Data_Foldable_minimumBy args: 3 extracted: Nothing
BindingGroup: Data_Foldable_maximum type: ConstrainedType(Func) vars: a, f
BOXUNBOX EQUAL ARITY: expStr=purust_core::Func2<crate::UnknownType, a, crate::UnknownType> actStr=purust_core::Func2<std::rc::Rc<Purs_Data_Maybe::Maybe<a>>, a, std::rc::Rc<Purs_Data_Maybe::Maybe<a>>>
BOXUNBOX EQUAL ARITY: expStr=purust_core::Func1<crate::UnknownType, std::rc::Rc<Purs_Data_Maybe::Maybe<a>>> actStr=purust_core::Func1<crate::UnknownType, crate::UnknownType>
FUNCTION Data_Foldable_maximum args: 3 extracted: Nothing
BindingGroup: Data_Foldable_maximumBy type: ConstrainedType(Func) vars: a, f
BOXUNBOX EQUAL ARITY: expStr=purust_core::Func2<crate::UnknownType, a, crate::UnknownType> actStr=purust_core::Func2<std::rc::Rc<Purs_Data_Maybe::Maybe<a>>, a, std::rc::Rc<Purs_Data_Maybe::Maybe<a>>>
BOXUNBOX EQUAL ARITY: expStr=purust_core::Func1<crate::UnknownType, std::rc::Rc<Purs_Data_Maybe::Maybe<a>>> actStr=purust_core::Func1<crate::UnknownType, crate::UnknownType>
FUNCTION Data_Foldable_maximumBy args: 3 extracted: Nothing
BindingGroup: Data_Foldable_length type: ConstrainedType(Func) vars: a, b, f
FUNCTION Data_Foldable_length args: 3 extracted: Nothing
BindingGroup: Data_Foldable_intercalate type: ConstrainedType(Func) vars: f, m
BOXUNBOX EQUAL ARITY: expStr=purust_core::Func2<crate::UnknownType, crate::UnknownType, crate::UnknownType> actStr=purust_core::Func2<crate::UnknownType, m, crate::UnknownType>
FUNCTION Data_Foldable_intercalate args: 4 extracted: Just
BindingGroup: Data_Foldable_indexl type: ConstrainedType(Func) vars: a, f
FUNCTION Data_Foldable_indexl args: 3 extracted: Just
BindingGroup: Data_Foldable_foldl type: ForAll(ConstrainedType(Func)) vars: 
FUNCTION Data_Foldable_foldl args: 4 extracted: Nothing
BindingGroup: Data_Foldable_sequence_ type: ConstrainedType(Func) vars: a, f, m
BOXUNBOX EQUAL ARITY: expStr=purust_core::Func1<a, crate::UnknownType> actStr=purust_core::Func1<crate::UnknownType, crate::UnknownType>
FUNCTION Data_Foldable_sequence_ args: 3 extracted: Nothing
BindingGroup: Data_Foldable_for_ type: ConstrainedType(Func) vars: a, b, f, m
FUNCTION Data_Foldable_for_ args: 4 extracted: Just
BindingGroup: Data_Foldable_traverse_ type: ConstrainedType(Func) vars: a, b, f, m
BOXUNBOX FUNC: expStr=purust_core::Func1<a, b> actStr=purust_core::Func2<a, b, b>
UNSAFE_COERCE GENERATED: expStr=b actStr=a expTy=TypeVar(b) actTy=TypeVar(a)
UNSAFE_COERCE GENERATED: expStr=a actStr=b expTy=TypeVar(a) actTy=TypeVar(b)
BOXUNBOX EQUAL ARITY: expStr=purust_core::Func2<a, b, b> actStr=purust_core::Func2<a, crate::UnknownType, crate::UnknownType>
BOXUNBOX EQUAL ARITY: expStr=purust_core::Func1<crate::UnknownType, crate::UnknownType> actStr=purust_core::Func1<crate::UnknownType, b>
FUNCTION Data_Foldable_traverse_ args: 4 extracted: Nothing
BindingGroup: Data_Foldable_oneOfMap type: ConstrainedType(Func) vars: a, b, f, g
UNSAFE_COERCE GENERATED: expStr=b actStr=a expTy=TypeVar(b) actTy=TypeVar(a)
UNSAFE_COERCE GENERATED: expStr=a actStr=b expTy=TypeVar(a) actTy=TypeVar(b)
BOXUNBOX EQUAL ARITY: expStr=purust_core::Func2<a, b, b> actStr=purust_core::Func2<a, crate::UnknownType, crate::UnknownType>
BOXUNBOX EQUAL ARITY: expStr=purust_core::Func1<crate::UnknownType, crate::UnknownType> actStr=purust_core::Func1<crate::UnknownType, b>
FUNCTION Data_Foldable_oneOfMap args: 4 extracted: Nothing
BindingGroup: Data_Foldable_oneOf type: ConstrainedType(Func) vars: a, f, g
BOXUNBOX EQUAL ARITY: expStr=purust_core::Func2<a, crate::UnknownType, crate::UnknownType> actStr=purust_core::Func2<crate::UnknownType, crate::UnknownType, crate::UnknownType>
FUNCTION Data_Foldable_oneOf args: 3 extracted: Nothing
BindingGroup: Data_Foldable_null type: ConstrainedType(Func) vars: a, f
BOXUNBOX EQUAL ARITY: expStr=purust_core::Func2<a, crate::UnknownType, crate::UnknownType> actStr=purust_core::Func2<a, bool, bool>
BOXUNBOX EQUAL ARITY: expStr=purust_core::Func1<crate::UnknownType, bool> actStr=purust_core::Func1<crate::UnknownType, crate::UnknownType>
FUNCTION Data_Foldable_null args: 2 extracted: Nothing
BindingGroup: Data_Foldable_indexr type: ConstrainedType(Func) vars: a, f
FUNCTION Data_Foldable_indexr args: 3 extracted: Just
BindingGroup: Data_Foldable_foldr type: ForAll(ConstrainedType(Func)) vars: 
FUNCTION Data_Foldable_foldr args: 4 extracted: Nothing
BindingGroup: Data_Foldable_monoidFreeMonoidTree type: Other vars: a
BindingGroup: Data_Foldable_semigroupFreeMonoidTree type: Other vars: a
BOXUNBOX EQUAL ARITY: expStr=purust_core::Func2<std::rc::Rc<crate::FreeMonoidTree<a>>, std::rc::Rc<crate::FreeMonoidTree<a>>, std::rc::Rc<crate::FreeMonoidTree<a>>> actStr=purust_core::Func2<std::rc::Rc<crate::FreeMonoidTree<a>>, std::rc::Rc<crate::FreeMonoidTree<a>>, std::rc::Rc<crate::FreeMonoidTree<crate::UnknownType>>>
BindingGroup: Data_Foldable_Append type: Func vars: a
FUNCTION Data_Foldable_Append args: 2 extracted: Nothing
BindingGroup: Data_Foldable_Node type: Func vars: a
FUNCTION Data_Foldable_Node args: 1 extracted: Nothing
BindingGroup: Data_Foldable_Empty type: Other vars: 
BindingGroup: Data_Foldable_foldableArray type: Other vars: 
BindingGroup: Data_Foldable_and type: ConstrainedType(Func) vars: a, f
BOXUNBOX EQUAL ARITY: expStr=purust_core::Func1<a, crate::UnknownType> actStr=purust_core::Func1<a, a>
BOXUNBOX EQUAL ARITY: expStr=purust_core::Func1<crate::UnknownType, a> actStr=purust_core::Func1<crate::UnknownType, crate::UnknownType>
FUNCTION Data_Foldable_and args: 3 extracted: Nothing
BindingGroup: Data_Foldable_all type: ConstrainedType(Func) vars: a, b, f
UNSAFE_COERCE GENERATED: expStr=b actStr=a expTy=TypeVar(b) actTy=TypeVar(a)
UNSAFE_COERCE GENERATED: expStr=b actStr=a expTy=TypeVar(b) actTy=TypeVar(a)
UNSAFE_COERCE GENERATED: expStr=a actStr=b expTy=TypeVar(a) actTy=TypeVar(b)
UNSAFE_COERCE GENERATED: expStr=a actStr=b expTy=TypeVar(a) actTy=TypeVar(b)
BOXUNBOX EQUAL ARITY: expStr=purust_core::Func1<a, crate::UnknownType> actStr=purust_core::Func1<a, b>
BOXUNBOX EQUAL ARITY: expStr=purust_core::Func2<purust_core::Func1<a, b>, crate::UnknownType, b> actStr=purust_core::Func2<purust_core::Func1<a, crate::UnknownType>, crate::UnknownType, crate::UnknownType>
FUNCTION Data_Foldable_all args: 4 extracted: Nothing
BindingGroup: Data_Foldable_or type: ConstrainedType(Func) vars: a, f
BOXUNBOX EQUAL ARITY: expStr=purust_core::Func1<a, crate::UnknownType> actStr=purust_core::Func1<a, a>
BOXUNBOX EQUAL ARITY: expStr=purust_core::Func1<crate::UnknownType, a> actStr=purust_core::Func1<crate::UnknownType, crate::UnknownType>
FUNCTION Data_Foldable_or args: 3 extracted: Nothing
BindingGroup: Data_Foldable_notElem type: ConstrainedType(Func) vars: a, f
BOXUNBOX EQUAL ARITY: expStr=purust_core::Func1<crate::UnknownType, bool> actStr=purust_core::Func1<crate::UnknownType, crate::UnknownType>
FUNCTION Data_Foldable_notElem args: 4 extracted: Just
BindingGroup: Data_Foldable_elem type: ConstrainedType(Func) vars: a, f
BOXUNBOX EQUAL ARITY: expStr=purust_core::Func1<a, crate::UnknownType> actStr=purust_core::Func1<a, bool>
BOXUNBOX EQUAL ARITY: expStr=purust_core::Func2<purust_core::Func1<a, bool>, crate::UnknownType, bool> actStr=purust_core::Func2<purust_core::Func1<a, crate::UnknownType>, crate::UnknownType, crate::UnknownType>
FUNCTION Data_Foldable_elem args: 4 extracted: Nothing
BindingGroup: Data_Foldable_any type: ConstrainedType(Func) vars: a, b, f
UNSAFE_COERCE GENERATED: expStr=b actStr=a expTy=TypeVar(b) actTy=TypeVar(a)
UNSAFE_COERCE GENERATED: expStr=b actStr=a expTy=TypeVar(b) actTy=TypeVar(a)
UNSAFE_COERCE GENERATED: expStr=a actStr=b expTy=TypeVar(a) actTy=TypeVar(b)
UNSAFE_COERCE GENERATED: expStr=a actStr=b expTy=TypeVar(a) actTy=TypeVar(b)
BOXUNBOX EQUAL ARITY: expStr=purust_core::Func1<a, crate::UnknownType> actStr=purust_core::Func1<a, b>
BOXUNBOX EQUAL ARITY: expStr=purust_core::Func2<purust_core::Func1<a, b>, crate::UnknownType, b> actStr=purust_core::Func2<purust_core::Func1<a, crate::UnknownType>, crate::UnknownType, crate::UnknownType>
FUNCTION Data_Foldable_any args: 4 extracted: Nothing
BindingGroup: Data_Foldable_find type: ConstrainedType(Func) vars: a, f
BOXUNBOX EQUAL ARITY: expStr=purust_core::Func2<crate::UnknownType, a, crate::UnknownType> actStr=purust_core::Func2<std::rc::Rc<Purs_Data_Maybe::Maybe<a>>, a, std::rc::Rc<Purs_Data_Maybe::Maybe<a>>>
BOXUNBOX EQUAL ARITY: expStr=purust_core::Func1<crate::UnknownType, std::rc::Rc<Purs_Data_Maybe::Maybe<a>>> actStr=purust_core::Func1<crate::UnknownType, crate::UnknownType>
FUNCTION Data_Foldable_find args: 3 extracted: Nothing
BindingGroup: Data_Foldable_findMap type: ConstrainedType(Func) vars: a, b, f
UNSAFE_COERCE GENERATED: expStr=std::rc::Rc<Purs_Data_Maybe::Maybe<b>> actStr=b expTy=Other actTy=TypeVar(b)
UNSAFE_COERCE GENERATED: expStr=b actStr=std::rc::Rc<Purs_Data_Maybe::Maybe<b>> expTy=TypeVar(b) actTy=Other
BOXUNBOX EQUAL ARITY: expStr=purust_core::Func2<b, a, b> actStr=purust_core::Func2<std::rc::Rc<Purs_Data_Maybe::Maybe<b>>, a, std::rc::Rc<Purs_Data_Maybe::Maybe<b>>>
UNSAFE_COERCE GENERATED: expStr=b actStr=std::rc::Rc<Purs_Data_Maybe::Maybe<b>> expTy=TypeVar(b) actTy=Other
UNSAFE_COERCE GENERATED: expStr=std::rc::Rc<Purs_Data_Maybe::Maybe<b>> actStr=b expTy=Other actTy=TypeVar(b)
BOXUNBOX EQUAL ARITY: expStr=purust_core::Func1<crate::UnknownType, std::rc::Rc<Purs_Data_Maybe::Maybe<b>>> actStr=purust_core::Func1<crate::UnknownType, b>
FUNCTION Data_Foldable_findMap args: 3 extracted: Nothing
BindingGroup: Data_Foldable_fold type: ConstrainedType(Func) vars: f, m
BOXUNBOX EQUAL ARITY: expStr=purust_core::Func1<crate::UnknownType, m> actStr=purust_core::Func1<m, m>
FUNCTION Data_Foldable_fold args: 3 extracted: Nothing
BindingGroup: Data_Foldable_foldM type: ConstrainedType(Func) vars: a, b, f, m
UNSAFE_COERCE GENERATED: expStr=a actStr=b expTy=TypeVar(a) actTy=TypeVar(b)
UNSAFE_COERCE GENERATED: expStr=b actStr=a expTy=TypeVar(b) actTy=TypeVar(a)
UNSAFE_COERCE GENERATED: expStr=a actStr=b expTy=TypeVar(a) actTy=TypeVar(b)
UNSAFE_COERCE GENERATED: expStr=b actStr=a expTy=TypeVar(b) actTy=TypeVar(a)
BOXUNBOX EQUAL ARITY: expStr=purust_core::Func1<a, crate::UnknownType> actStr=purust_core::Func1<b, crate::UnknownType>
UNSAFE_COERCE GENERATED: expStr=a actStr=b expTy=TypeVar(a) actTy=TypeVar(b)
BOXUNBOX EQUAL ARITY: expStr=purust_core::Func2<b, a, b> actStr=purust_core::Func2<crate::UnknownType, a, crate::UnknownType>
BOXUNBOX EQUAL ARITY: expStr=purust_core::Func1<crate::UnknownType, crate::UnknownType> actStr=purust_core::Func1<crate::UnknownType, b>
FUNCTION Data_Foldable_foldM args: 5 extracted: Nothing
BindingGroup: Data_Foldable_surround type: ConstrainedType(Func) vars: f, m
BOXUNBOX EQUAL ARITY: expStr=purust_core::Func1<crate::UnknownType, m> actStr=purust_core::Func1<crate::UnknownType, crate::UnknownType>
FUNCTION Data_Foldable_surround args: 4 extracted: Just
BindingGroup: Data_Foldable_surroundMap type: ConstrainedType(Func) vars: a, f, m
BOXUNBOX EQUAL ARITY: expStr=purust_core::Func1<a, m> actStr=purust_core::Func1<a, crate::UnknownType>
FUNCTION Data_Foldable_surroundMap args: 5 extracted: Just
BindingGroup: Data_Foldable_lookup type: ConstrainedType(Func) vars: a, b, f
UNSAFE_COERCE GENERATED: expStr=a actStr=b expTy=TypeVar(a) actTy=TypeVar(b)
UNSAFE_COERCE GENERATED: expStr=std::rc::Rc<Purs_Data_Tuple::Tuple<a, b>> actStr=a expTy=Other actTy=TypeVar(a)
BOXUNBOX EQUAL ARITY: expStr=purust_core::Func1<a, crate::UnknownType> actStr=purust_core::Func1<std::rc::Rc<Purs_Data_Tuple::Tuple<a, b>>, std::rc::Rc<Purs_Data_Maybe::Maybe<b>>>
FUNCTION Data_Foldable_lookup args: 4 extracted: Just
BindingGroup: Data_Foldable_foldrDefault type: ConstrainedType(Func) vars: a, b, f
BOXUNBOX EQUAL ARITY: expStr=purust_core::Func1<a, std::rc::Rc<crate::FreeMonoidTree<a>>> actStr=purust_core::Func1<a, std::rc::Rc<crate::FreeMonoidTree<crate::UnknownType>>>
BOXUNBOX EQUAL ARITY: expStr=purust_core::Func1<a, crate::UnknownType> actStr=purust_core::Func1<a, std::rc::Rc<crate::FreeMonoidTree<a>>>
FUNCTION Data_Foldable_foldrDefault args: 4 extracted: Just
BindingGroup: Data_Foldable_foldlDefault type: ConstrainedType(Func) vars: a, b, f
BOXUNBOX EQUAL ARITY: expStr=purust_core::Func1<a, std::rc::Rc<crate::FreeMonoidTree<a>>> actStr=purust_core::Func1<a, std::rc::Rc<crate::FreeMonoidTree<crate::UnknownType>>>
BOXUNBOX EQUAL ARITY: expStr=purust_core::Func1<a, crate::UnknownType> actStr=purust_core::Func1<a, std::rc::Rc<crate::FreeMonoidTree<a>>>
FUNCTION Data_Foldable_foldlDefault args: 4 extracted: Just
BindingGroup: Data_Foldable_foldableProduct type: ConstrainedType(Other) vars: a, f, g
FUNCTION Data_Foldable_foldableProduct args: 2 extracted: Just
BindingGroup: Data_Foldable_foldableLast type: Other vars: a
BOXUNBOX EQUAL ARITY: expStr=purust_core::Func3<purust_core::Func2<a, crate::UnknownType, crate::UnknownType>, crate::UnknownType, std::rc::Rc<Purs_Data_Maybe::Maybe<a, a>>, crate::UnknownType> actStr=purust_core::Func3<purust_core::Func2<a, crate::UnknownType, crate::UnknownType>, crate::UnknownType, std::rc::Rc<Purs_Data_Maybe::Maybe<a>>, crate::UnknownType>
BOXUNBOX EQUAL ARITY: expStr=purust_core::Func3<purust_core::Func2<crate::UnknownType, a, crate::UnknownType>, crate::UnknownType, std::rc::Rc<Purs_Data_Maybe::Maybe<a, a>>, crate::UnknownType> actStr=purust_core::Func3<purust_core::Func2<crate::UnknownType, a, crate::UnknownType>, crate::UnknownType, std::rc::Rc<Purs_Data_Maybe::Maybe<a>>, crate::UnknownType>
BOXUNBOX EQUAL ARITY: expStr=purust_core::Func3<std::rc::Rc<Purs_Data_Monoid::Monoid<crate::UnknownType>>, purust_core::Func1<a, crate::UnknownType>, std::rc::Rc<Purs_Data_Maybe::Maybe<a, a>>, crate::UnknownType> actStr=purust_core::Func3<std::rc::Rc<Purs_Data_Monoid::Monoid<crate::UnknownType>>, purust_core::Func1<a, crate::UnknownType>, std::rc::Rc<Purs_Data_Maybe::Maybe<a>>, crate::UnknownType>
BindingGroup: Data_Foldable_foldableFirst type: Other vars: a
BOXUNBOX EQUAL ARITY: expStr=purust_core::Func3<purust_core::Func2<a, crate::UnknownType, crate::UnknownType>, crate::UnknownType, std::rc::Rc<Purs_Data_Maybe::Maybe<a, a>>, crate::UnknownType> actStr=purust_core::Func3<purust_core::Func2<a, crate::UnknownType, crate::UnknownType>, crate::UnknownType, std::rc::Rc<Purs_Data_Maybe::Maybe<a>>, crate::UnknownType>
BOXUNBOX EQUAL ARITY: expStr=purust_core::Func3<purust_core::Func2<crate::UnknownType, a, crate::UnknownType>, crate::UnknownType, std::rc::Rc<Purs_Data_Maybe::Maybe<a, a>>, crate::UnknownType> actStr=purust_core::Func3<purust_core::Func2<crate::UnknownType, a, crate::UnknownType>, crate::UnknownType, std::rc::Rc<Purs_Data_Maybe::Maybe<a>>, crate::UnknownType>
BOXUNBOX EQUAL ARITY: expStr=purust_core::Func3<std::rc::Rc<Purs_Data_Monoid::Monoid<crate::UnknownType>>, purust_core::Func1<a, crate::UnknownType>, std::rc::Rc<Purs_Data_Maybe::Maybe<a, a>>, crate::UnknownType> actStr=purust_core::Func3<std::rc::Rc<Purs_Data_Monoid::Monoid<crate::UnknownType>>, purust_core::Func1<a, crate::UnknownType>, std::rc::Rc<Purs_Data_Maybe::Maybe<a>>, crate::UnknownType>
BindingGroup: Data_Foldable_foldableCoproduct type: ConstrainedType(Other) vars: a, f, g
FUNCTION Data_Foldable_foldableCoproduct args: 2 extracted: Just
BindingGroup: Data_Foldable_foldableCompose type: ConstrainedType(Other) vars: a, f, g
BOXUNBOX EQUAL ARITY: expStr=purust_core::Func2<crate::UnknownType, crate::UnknownType, crate::UnknownType> actStr=purust_core::Func2<crate::UnknownType, a, crate::UnknownType>
BOXUNBOX EQUAL ARITY: expStr=purust_core::Func2<a, crate::UnknownType, crate::UnknownType> actStr=purust_core::Func2<crate::UnknownType, crate::UnknownType, crate::UnknownType>
BOXUNBOX EQUAL ARITY: expStr=purust_core::Func2<crate::UnknownType, a, crate::UnknownType> actStr=purust_core::Func2<crate::UnknownType, crate::UnknownType, crate::UnknownType>
BOXUNBOX EQUAL ARITY: expStr=purust_core::Func1<a, crate::UnknownType> actStr=purust_core::Func1<crate::UnknownType, crate::UnknownType>
FUNCTION Data_Foldable_foldableCompose args: 2 extracted: Just
BindingGroup: Data_Foldable_foldableApp type: ConstrainedType(Other) vars: a, f
FUNCTION Data_Foldable_foldableApp args: 1 extracted: Just
BindingGroup: Data_Foldable_foldMap type: ForAll(ConstrainedType(Func)) vars: 
FUNCTION Data_Foldable_foldMap args: 4 extracted: Nothing
BindingGroup: Data_Foldable_foldMapDefaultL type: ConstrainedType(Func) vars: a, f, m
BOXUNBOX EQUAL ARITY: expStr=purust_core::Func2<crate::UnknownType, a, crate::UnknownType> actStr=purust_core::Func2<m, a, m>
BOXUNBOX EQUAL ARITY: expStr=purust_core::Func1<crate::UnknownType, m> actStr=purust_core::Func1<crate::UnknownType, crate::UnknownType>
FUNCTION Data_Foldable_foldMapDefaultL args: 4 extracted: Nothing
findFfiFile [Data.Foldable] -> ../purust-foldable-traversable/src/Data/Foldable.rs
Found FFI for Data.Foldable at: (Just "../purust-foldable-traversable/src/Data/Foldable.rs")
Found FFI for Data.Foldable at: (Just "../purust-foldable-traversable/src/Data/Foldable.rs")
BindingGroup: Data_Ord_Max_ordMax type: ConstrainedType(Other) vars: a
FUNCTION Data_Ord_Max_ordMax args: 1 extracted: Just
BindingGroup: Data_Ord_Max_eqMax type: ConstrainedType(Other) vars: a
FUNCTION Data_Ord_Max_eqMax args: 1 extracted: Just
BindingGroup: Data_Ord_Max_monoidMax type: ConstrainedType(Other) vars: a
UNSAFE_COERCE GENERATED: expStr=a actStr=std::rc::Rc<Purs_Data_Ordering::Ordering> expTy=TypeVar(a) actTy=Other
UNSAFE_COERCE GENERATED: expStr=a actStr=std::rc::Rc<Purs_Data_Ordering::Ordering> expTy=TypeVar(a) actTy=Other
FUNCTION Data_Ord_Max_monoidMax args: 1 extracted: Just
BindingGroup: Data_Ord_Max_newtypeMax type: TypeApp(Other, [...]) vars: a
BindingGroup: Data_Ord_Max_semigroupMax type: ConstrainedType(Other) vars: a
UNSAFE_COERCE GENERATED: expStr=a actStr=std::rc::Rc<Purs_Data_Ordering::Ordering> expTy=TypeVar(a) actTy=Other
UNSAFE_COERCE GENERATED: expStr=a actStr=std::rc::Rc<Purs_Data_Ordering::Ordering> expTy=TypeVar(a) actTy=Other
FUNCTION Data_Ord_Max_semigroupMax args: 1 extracted: Just
BindingGroup: Data_Ord_Max_showMax type: ConstrainedType(Other) vars: a
FUNCTION Data_Ord_Max_showMax args: 1 extracted: Just
BindingGroup: Data_Ord_Max_Max type: Func vars: 
FUNCTION Data_Ord_Max_Max args: 1 extracted: Just
findFfiFile [Data.Ord.Max] -> null
Found FFI for Data.Ord.Max at: Nothing
Found FFI for Data.Ord.Max at: Nothing
BindingGroup: Data_Ord_Min_ordMin type: ConstrainedType(Other) vars: a
FUNCTION Data_Ord_Min_ordMin args: 1 extracted: Just
BindingGroup: Data_Ord_Min_eqMin type: ConstrainedType(Other) vars: a
FUNCTION Data_Ord_Min_eqMin args: 1 extracted: Just
BindingGroup: Data_Ord_Min_monoidMin type: ConstrainedType(Other) vars: a
UNSAFE_COERCE GENERATED: expStr=a actStr=std::rc::Rc<Purs_Data_Ordering::Ordering> expTy=TypeVar(a) actTy=Other
UNSAFE_COERCE GENERATED: expStr=a actStr=std::rc::Rc<Purs_Data_Ordering::Ordering> expTy=TypeVar(a) actTy=Other
FUNCTION Data_Ord_Min_monoidMin args: 1 extracted: Just
BindingGroup: Data_Ord_Min_newtypeMin type: TypeApp(Other, [...]) vars: a
BindingGroup: Data_Ord_Min_semigroupMin type: ConstrainedType(Other) vars: a
UNSAFE_COERCE GENERATED: expStr=a actStr=std::rc::Rc<Purs_Data_Ordering::Ordering> expTy=TypeVar(a) actTy=Other
UNSAFE_COERCE GENERATED: expStr=a actStr=std::rc::Rc<Purs_Data_Ordering::Ordering> expTy=TypeVar(a) actTy=Other
FUNCTION Data_Ord_Min_semigroupMin args: 1 extracted: Just
BindingGroup: Data_Ord_Min_showMin type: ConstrainedType(Other) vars: a
FUNCTION Data_Ord_Min_showMin args: 1 extracted: Just
BindingGroup: Data_Ord_Min_Min type: Func vars: 
FUNCTION Data_Ord_Min_Min args: 1 extracted: Just
findFfiFile [Data.Ord.Min] -> null
Found FFI for Data.Ord.Min at: Nothing
Found FFI for Data.Ord.Min at: Nothing
BindingGroup: Data_Semigroup_Foldable_fold1 type: ConstrainedType(Func) vars: m, t
UNSAFE_COERCE GENERATED: expStr=t actStr=m expTy=TypeVar(t) actTy=TypeVar(m)
UNSAFE_COERCE GENERATED: expStr=m actStr=t expTy=TypeVar(m) actTy=TypeVar(t)
BOXUNBOX EQUAL ARITY: expStr=purust_core::Func1<crate::UnknownType, m> actStr=purust_core::Func1<m, m>
FUNCTION Data_Semigroup_Foldable_fold1 args: 3 extracted: Nothing
BindingGroup: Data_Semigroup_Foldable_sequence1_ type: ConstrainedType(Func) vars: a, f, t
BOXUNBOX EQUAL ARITY: expStr=purust_core::Func1<a, crate::UnknownType> actStr=purust_core::Func1<crate::UnknownType, crate::UnknownType>
FUNCTION Data_Semigroup_Foldable_sequence1_ args: 3 extracted: Nothing
BindingGroup: Data_Semigroup_Foldable_for1_ type: ConstrainedType(Func) vars: a, b, f, t
FUNCTION Data_Semigroup_Foldable_for1_ args: 4 extracted: Just
BindingGroup: Data_Semigroup_Foldable_traverse1_ type: ConstrainedType(Func) vars: a, b, f, t
UNSAFE_COERCE GENERATED: expStr=a actStr=t expTy=TypeVar(a) actTy=TypeVar(t)
BOXUNBOX FUNC: expStr=purust_core::Func1<a, b> actStr=purust_core::Func2<a, b, b>
UNSAFE_COERCE GENERATED: expStr=b actStr=a expTy=TypeVar(b) actTy=TypeVar(a)
UNSAFE_COERCE GENERATED: expStr=a actStr=b expTy=TypeVar(a) actTy=TypeVar(b)
UNSAFE_COERCE GENERATED: expStr=b actStr=a expTy=TypeVar(b) actTy=TypeVar(a)
UNSAFE_COERCE GENERATED: expStr=b actStr=a expTy=TypeVar(b) actTy=TypeVar(a)
BOXUNBOX EQUAL ARITY: expStr=purust_core::Func1<a, b> actStr=purust_core::Func1<b, a>
FUNCTION Data_Semigroup_Foldable_traverse1_ args: 4 extracted: Just
BindingGroup: Data_Semigroup_Foldable_minimum type: ConstrainedType(Func) vars: a, f
UNSAFE_COERCE GENERATED: expStr=a actStr=std::rc::Rc<Purs_Data_Ordering::Ordering> expTy=TypeVar(a) actTy=Other
UNSAFE_COERCE GENERATED: expStr=a actStr=std::rc::Rc<Purs_Data_Ordering::Ordering> expTy=TypeVar(a) actTy=Other
VAR UNSAFE_COERCE: ty=Func genTy=ForAll(Func) mKeys=(fromFoldable ["a","b"]) mVals=TypeVar(b),TypeVar(s)
BOXUNBOX UNSAFE_COERCE: expStr=purust_core::Func1<a, crate::UnknownType> actStr=purust_core::Func1<crate::UnknownType, crate::UnknownType> ty=Func actTy=Func
BOXUNBOX EQUAL ARITY: expStr=purust_core::Func1<a, crate::UnknownType> actStr=purust_core::Func1<crate::UnknownType, crate::UnknownType>
BOXUNBOX UNSAFE_COERCE: expStr=purust_core::Func1<crate::UnknownType, a> actStr=purust_core::Func1<crate::UnknownType, crate::UnknownType> ty=Func actTy=Func
BOXUNBOX EQUAL ARITY: expStr=purust_core::Func1<crate::UnknownType, a> actStr=purust_core::Func1<crate::UnknownType, crate::UnknownType>
FUNCTION Data_Semigroup_Foldable_minimum args: 3 extracted: Nothing
BindingGroup: Data_Semigroup_Foldable_maximum type: ConstrainedType(Func) vars: a, f
UNSAFE_COERCE GENERATED: expStr=a actStr=std::rc::Rc<Purs_Data_Ordering::Ordering> expTy=TypeVar(a) actTy=Other
UNSAFE_COERCE GENERATED: expStr=a actStr=std::rc::Rc<Purs_Data_Ordering::Ordering> expTy=TypeVar(a) actTy=Other
VAR UNSAFE_COERCE: ty=Func genTy=ForAll(Func) mKeys=(fromFoldable ["a","b"]) mVals=TypeVar(b),TypeVar(s)
BOXUNBOX UNSAFE_COERCE: expStr=purust_core::Func1<a, crate::UnknownType> actStr=purust_core::Func1<crate::UnknownType, crate::UnknownType> ty=Func actTy=Func
BOXUNBOX EQUAL ARITY: expStr=purust_core::Func1<a, crate::UnknownType> actStr=purust_core::Func1<crate::UnknownType, crate::UnknownType>
BOXUNBOX UNSAFE_COERCE: expStr=purust_core::Func1<crate::UnknownType, a> actStr=purust_core::Func1<crate::UnknownType, crate::UnknownType> ty=Func actTy=Func
BOXUNBOX EQUAL ARITY: expStr=purust_core::Func1<crate::UnknownType, a> actStr=purust_core::Func1<crate::UnknownType, crate::UnknownType>
FUNCTION Data_Semigroup_Foldable_maximum args: 3 extracted: Nothing
BindingGroup: Data_Semigroup_Foldable_intercalate type: ConstrainedType(Func) vars: f, m
BOXUNBOX EQUAL ARITY: expStr=purust_core::Func1<crate::UnknownType, crate::UnknownType> actStr=purust_core::Func1<m, m>
BOXUNBOX EQUAL ARITY: expStr=purust_core::Func1<crate::UnknownType, crate::UnknownType> actStr=purust_core::Func1<m, m>
BOXUNBOX EQUAL ARITY: expStr=purust_core::Func1<m, m> actStr=purust_core::Func1<crate::UnknownType, crate::UnknownType>
BOXUNBOX FUNC: expStr=purust_core::Func2<purust_core::Func1<m, m>, purust_core::Func1<m, m>, purust_core::Func1<m, m>> actStr=purust_core::Func3<purust_core::Func1<crate::UnknownType, crate::UnknownType>, purust_core::Func1<crate::UnknownType, crate::UnknownType>, crate::UnknownType, crate::UnknownType>
BOXUNBOX FUNC: expStr=purust_core::Func1<crate::UnknownType, m> actStr=purust_core::Func2<crate::UnknownType, m, m>
FUNCTION Data_Semigroup_Foldable_intercalate args: 4 extracted: Just
BindingGroup: Data_Semigroup_Foldable_intercalateMap type: ConstrainedType(Func) vars: a, f, m
UNSAFE_COERCE GENERATED: expStr=m actStr=a expTy=TypeVar(m) actTy=TypeVar(a)
UNSAFE_COERCE GENERATED: expStr=m actStr=a expTy=TypeVar(m) actTy=TypeVar(a)
UNSAFE_COERCE GENERATED: expStr=a actStr=m expTy=TypeVar(a) actTy=TypeVar(m)
UNSAFE_COERCE GENERATED: expStr=m actStr=a expTy=TypeVar(m) actTy=TypeVar(a)
UNSAFE_COERCE GENERATED: expStr=m actStr=a expTy=TypeVar(m) actTy=TypeVar(a)
UNSAFE_COERCE GENERATED: expStr=a actStr=m expTy=TypeVar(a) actTy=TypeVar(m)
UNSAFE_COERCE GENERATED: expStr=m actStr=a expTy=TypeVar(m) actTy=TypeVar(a)
UNSAFE_COERCE GENERATED: expStr=a actStr=m expTy=TypeVar(a) actTy=TypeVar(m)
BOXUNBOX EQUAL ARITY: expStr=purust_core::Func1<a, a> actStr=purust_core::Func1<m, m>
UNSAFE_COERCE GENERATED: expStr=m actStr=a expTy=TypeVar(m) actTy=TypeVar(a)
UNSAFE_COERCE GENERATED: expStr=a actStr=m expTy=TypeVar(a) actTy=TypeVar(m)
BOXUNBOX EQUAL ARITY: expStr=purust_core::Func1<a, a> actStr=purust_core::Func1<m, m>
UNSAFE_COERCE GENERATED: expStr=a actStr=m expTy=TypeVar(a) actTy=TypeVar(m)
UNSAFE_COERCE GENERATED: expStr=m actStr=a expTy=TypeVar(m) actTy=TypeVar(a)
BOXUNBOX EQUAL ARITY: expStr=purust_core::Func1<m, m> actStr=purust_core::Func1<a, a>
BOXUNBOX FUNC: expStr=purust_core::Func2<purust_core::Func1<m, m>, purust_core::Func1<m, m>, purust_core::Func1<m, m>> actStr=purust_core::Func3<purust_core::Func1<a, a>, purust_core::Func1<a, a>, a, a>
UNSAFE_COERCE GENERATED: expStr=a actStr=m expTy=TypeVar(a) actTy=TypeVar(m)
BOXUNBOX FUNC: expStr=purust_core::Func1<a, m> actStr=purust_core::Func2<a, m, m>
FUNCTION Data_Semigroup_Foldable_intercalateMap args: 5 extracted: Just
BindingGroup: Data_Semigroup_Foldable_foldr1Default type: ConstrainedType(Func) vars: a, t
BOXUNBOX EQUAL ARITY: expStr=purust_core::Func1<a, crate::UnknownType> actStr=purust_core::Func1<a, std::rc::Rc<crate::FoldRight1<a>>>
FUNCTION Data_Semigroup_Foldable_foldr1Default args: 3 extracted: Just
BindingGroup: Data_Semigroup_Foldable_foldl1Default type: ConstrainedType(Func) vars: a, t
BOXUNBOX EQUAL ARITY: expStr=purust_core::Func1<a, crate::UnknownType> actStr=purust_core::Func1<a, std::rc::Rc<crate::FoldRight1<a>>>
BOXUNBOX EQUAL ARITY: expStr=purust_core::Func1<crate::UnknownType, std::rc::Rc<crate::FoldRight1<a>>> actStr=purust_core::Func1<crate::UnknownType, crate::UnknownType>
FUNCTION Data_Semigroup_Foldable_foldl1Default args: 3 extracted: Just
BindingGroup: Data_Semigroup_Foldable_foldMap1 type: ForAll(ConstrainedType(Func)) vars: 
FUNCTION Data_Semigroup_Foldable_foldMap1 args: 4 extracted: Nothing
BindingGroup: Data_Semigroup_Foldable_foldMap1DefaultL type: ConstrainedType(Func) vars: a, m, t
BOXUNBOX EQUAL ARITY: expStr=purust_core::Func1<a, crate::UnknownType> actStr=purust_core::Func1<a, m>
UNSAFE_COERCE GENERATED: expStr=m actStr=a expTy=TypeVar(m) actTy=TypeVar(a)
UNSAFE_COERCE GENERATED: expStr=m actStr=a expTy=TypeVar(m) actTy=TypeVar(a)
UNSAFE_COERCE GENERATED: expStr=a actStr=m expTy=TypeVar(a) actTy=TypeVar(m)
BOXUNBOX EQUAL ARITY: expStr=purust_core::Func2<a, a, a> actStr=purust_core::Func2<m, m, m>
UNSAFE_COERCE GENERATED: expStr=m actStr=a expTy=TypeVar(m) actTy=TypeVar(a)
BOXUNBOX EQUAL ARITY: expStr=purust_core::Func1<crate::UnknownType, m> actStr=purust_core::Func1<crate::UnknownType, a>
FUNCTION Data_Semigroup_Foldable_foldMap1DefaultL args: 5 extracted: Just
BindingGroup: Data_Semigroup_Foldable_foldMap1DefaultR type: ConstrainedType(Func) vars: a, m, t
BOXUNBOX EQUAL ARITY: expStr=purust_core::Func1<a, crate::UnknownType> actStr=purust_core::Func1<a, m>
UNSAFE_COERCE GENERATED: expStr=m actStr=a expTy=TypeVar(m) actTy=TypeVar(a)
UNSAFE_COERCE GENERATED: expStr=m actStr=a expTy=TypeVar(m) actTy=TypeVar(a)
UNSAFE_COERCE GENERATED: expStr=a actStr=m expTy=TypeVar(a) actTy=TypeVar(m)
BOXUNBOX EQUAL ARITY: expStr=purust_core::Func2<a, a, a> actStr=purust_core::Func2<m, m, m>
UNSAFE_COERCE GENERATED: expStr=m actStr=a expTy=TypeVar(m) actTy=TypeVar(a)
BOXUNBOX EQUAL ARITY: expStr=purust_core::Func1<crate::UnknownType, m> actStr=purust_core::Func1<crate::UnknownType, a>
FUNCTION Data_Semigroup_Foldable_foldMap1DefaultR args: 5 extracted: Just
BindingGroup: Data_Semigroup_Foldable_semigroupDual type: Any vars: 
BindingGroup: Data_Semigroup_Foldable_foldRight1Semigroup type: Other vars: a
BindingGroup: Data_Semigroup_Foldable_foldableDual type: Other vars: a
BOXUNBOX EQUAL ARITY: expStr=purust_core::Func2<purust_core::Func2<a, a, a>, crate::UnknownType, a> actStr=purust_core::Func2<purust_core::Func2<a, a, a>, a, a>
BOXUNBOX EQUAL ARITY: expStr=purust_core::Func2<purust_core::Func2<a, a, a>, crate::UnknownType, a> actStr=purust_core::Func2<purust_core::Func2<a, a, a>, a, a>
BOXUNBOX EQUAL ARITY: expStr=purust_core::Func3<std::rc::Rc<Purs_Data_Semigroup::Semigroup<crate::UnknownType>>, purust_core::Func1<a, crate::UnknownType>, crate::UnknownType, crate::UnknownType> actStr=purust_core::Func3<std::rc::Rc<Purs_Data_Semigroup::Semigroup<crate::UnknownType>>, purust_core::Func1<a, crate::UnknownType>, a, crate::UnknownType>
BindingGroup: Data_Semigroup_Foldable_foldableIdentity type: Other vars: a
BOXUNBOX EQUAL ARITY: expStr=purust_core::Func3<std::rc::Rc<Purs_Data_Semigroup::Semigroup<crate::UnknownType>>, purust_core::Func1<a, crate::UnknownType>, crate::UnknownType, crate::UnknownType> actStr=purust_core::Func3<std::rc::Rc<Purs_Data_Semigroup::Semigroup<crate::UnknownType>>, purust_core::Func1<a, crate::UnknownType>, a, crate::UnknownType>
BOXUNBOX EQUAL ARITY: expStr=purust_core::Func2<purust_core::Func2<a, a, a>, crate::UnknownType, a> actStr=purust_core::Func2<purust_core::Func2<a, a, a>, a, a>
BOXUNBOX EQUAL ARITY: expStr=purust_core::Func2<purust_core::Func2<a, a, a>, crate::UnknownType, a> actStr=purust_core::Func2<purust_core::Func2<a, a, a>, a, a>
BindingGroup: Data_Semigroup_Foldable_foldableMultiplicative type: Other vars: a
BOXUNBOX EQUAL ARITY: expStr=purust_core::Func2<purust_core::Func2<a, a, a>, crate::UnknownType, a> actStr=purust_core::Func2<purust_core::Func2<a, a, a>, a, a>
BOXUNBOX EQUAL ARITY: expStr=purust_core::Func2<purust_core::Func2<a, a, a>, crate::UnknownType, a> actStr=purust_core::Func2<purust_core::Func2<a, a, a>, a, a>
BOXUNBOX EQUAL ARITY: expStr=purust_core::Func3<std::rc::Rc<Purs_Data_Semigroup::Semigroup<crate::UnknownType>>, purust_core::Func1<a, crate::UnknownType>, crate::UnknownType, crate::UnknownType> actStr=purust_core::Func3<std::rc::Rc<Purs_Data_Semigroup::Semigroup<crate::UnknownType>>, purust_core::Func1<a, crate::UnknownType>, a, crate::UnknownType>
BindingGroup: Data_Semigroup_Foldable_foldableTuple type: Other vars: a
BindingGroup: Data_Semigroup_Foldable_minimumBy type: ConstrainedType(Func) vars: a, f
FUNCTION Data_Semigroup_Foldable_minimumBy args: 3 extracted: Nothing
BindingGroup: Data_Semigroup_Foldable_maximumBy type: ConstrainedType(Func) vars: a, f
FUNCTION Data_Semigroup_Foldable_maximumBy args: 3 extracted: Nothing
BindingGroup: Data_Semigroup_Foldable_foldl1 type: ForAll(ConstrainedType(Func)) vars: 
FUNCTION Data_Semigroup_Foldable_foldl1 args: 3 extracted: Nothing
BindingGroup: Data_Semigroup_Foldable_foldr1 type: ForAll(ConstrainedType(Func)) vars: 
FUNCTION Data_Semigroup_Foldable_foldr1 args: 3 extracted: Nothing
BindingGroup: Data_Semigroup_Foldable_mkFoldRight1 type: Func vars: a
BOXUNBOX EQUAL ARITY: expStr=purust_core::Func1<a, std::rc::Rc<crate::FoldRight1<a>>> actStr=purust_core::Func1<a, std::rc::Rc<crate::FoldRight1<crate::UnknownType>>>
FUNCTION Data_Semigroup_Foldable_mkFoldRight1 args: 1 extracted: Nothing
BindingGroup: Data_Semigroup_Foldable_FoldRight1 type: Func vars: a
FUNCTION Data_Semigroup_Foldable_FoldRight1 args: 2 extracted: Nothing
findFfiFile [Data.Semigroup.Foldable] -> null
Found FFI for Data.Semigroup.Foldable at: Nothing
Found FFI for Data.Semigroup.Foldable at: Nothing
findFfiFile [Data.Traversable.Accum] -> null
Found FFI for Data.Traversable.Accum at: Nothing
Found FFI for Data.Traversable.Accum at: Nothing
BindingGroup: Data_Traversable_Accum_Internal_applicativeStateL type: Other vars: a, s
BOXUNBOX FUNC: expStr=purust_core::Func1<a, crate::UnknownType> actStr=purust_core::Func2<a, s, crate::UnknownType>
BindingGroup: Data_Traversable_Accum_Internal_applicativeStateR type: Other vars: a, s
BOXUNBOX FUNC: expStr=purust_core::Func1<a, crate::UnknownType> actStr=purust_core::Func2<a, s, crate::UnknownType>
BindingGroup: Data_Traversable_Accum_Internal_applyStateL type: Other vars: a, s
BOXUNBOX FUNC: expStr=purust_core::Func2<crate::UnknownType, crate::UnknownType, crate::UnknownType> actStr=purust_core::Func3<purust_core::Func1<s, crate::UnknownType>, purust_core::Func1<s, crate::UnknownType>, s, crate::UnknownType>
BindingGroup: Data_Traversable_Accum_Internal_applyStateR type: Other vars: a, s
BOXUNBOX FUNC: expStr=purust_core::Func2<crate::UnknownType, crate::UnknownType, crate::UnknownType> actStr=purust_core::Func3<purust_core::Func1<s, crate::UnknownType>, purust_core::Func1<s, crate::UnknownType>, s, crate::UnknownType>
BindingGroup: Data_Traversable_Accum_Internal_functorStateL type: Other vars: a, s
BOXUNBOX FUNC: expStr=purust_core::Func2<purust_core::Func1<a, crate::UnknownType>, crate::UnknownType, crate::UnknownType> actStr=purust_core::Func3<purust_core::Func1<a, crate::UnknownType>, purust_core::Func1<s, crate::UnknownType>, s, crate::UnknownType>
BindingGroup: Data_Traversable_Accum_Internal_functorStateR type: Other vars: a, s
BOXUNBOX FUNC: expStr=purust_core::Func2<purust_core::Func1<a, crate::UnknownType>, crate::UnknownType, crate::UnknownType> actStr=purust_core::Func3<purust_core::Func1<a, crate::UnknownType>, purust_core::Func1<s, crate::UnknownType>, s, crate::UnknownType>
BindingGroup: Data_Traversable_Accum_Internal_stateL type: Func vars: a, s
FUNCTION Data_Traversable_Accum_Internal_stateL args: 2 extracted: Nothing
BindingGroup: Data_Traversable_Accum_Internal_stateR type: Func vars: a, s
FUNCTION Data_Traversable_Accum_Internal_stateR args: 2 extracted: Nothing
BindingGroup: Data_Traversable_Accum_Internal_StateL type: Func vars: 
FUNCTION Data_Traversable_Accum_Internal_StateL args: 1 extracted: Just
BindingGroup: Data_Traversable_Accum_Internal_StateR type: Func vars: 
FUNCTION Data_Traversable_Accum_Internal_StateR args: 1 extracted: Just
findFfiFile [Data.Traversable.Accum.Internal] -> null
Found FFI for Data.Traversable.Accum.Internal at: Nothing
Found FFI for Data.Traversable.Accum.Internal at: Nothing
BindingGroup: Data_Traversable_traversableConj type: Other vars: a
BOXUNBOX EQUAL ARITY: expStr=purust_core::Func1<a, crate::UnknownType> actStr=purust_core::Func1<crate::UnknownType, crate::UnknownType>
BOXUNBOX EQUAL ARITY: expStr=purust_core::Func3<std::rc::Rc<Purs_Control_Applicative::Applicative<crate::UnknownType>>, purust_core::Func1<a, crate::UnknownType>, crate::UnknownType, crate::UnknownType> actStr=purust_core::Func3<std::rc::Rc<Purs_Control_Applicative::Applicative<crate::UnknownType>>, purust_core::Func1<a, crate::UnknownType>, a, crate::UnknownType>
BOXUNBOX EQUAL ARITY: expStr=purust_core::Func1<a, a> actStr=purust_core::Func1<crate::UnknownType, crate::UnknownType>
BOXUNBOX EQUAL ARITY: expStr=purust_core::Func1<a, crate::UnknownType> actStr=purust_core::Func1<a, a>
BindingGroup: Data_Traversable_traversableConst type: Other vars: a
BindingGroup: Data_Traversable_traversableDisj type: Other vars: a
BOXUNBOX EQUAL ARITY: expStr=purust_core::Func1<a, crate::UnknownType> actStr=purust_core::Func1<crate::UnknownType, crate::UnknownType>
BOXUNBOX EQUAL ARITY: expStr=purust_core::Func3<std::rc::Rc<Purs_Control_Applicative::Applicative<crate::UnknownType>>, purust_core::Func1<a, crate::UnknownType>, crate::UnknownType, crate::UnknownType> actStr=purust_core::Func3<std::rc::Rc<Purs_Control_Applicative::Applicative<crate::UnknownType>>, purust_core::Func1<a, crate::UnknownType>, a, crate::UnknownType>
BOXUNBOX EQUAL ARITY: expStr=purust_core::Func1<a, a> actStr=purust_core::Func1<crate::UnknownType, crate::UnknownType>
BOXUNBOX EQUAL ARITY: expStr=purust_core::Func1<a, crate::UnknownType> actStr=purust_core::Func1<a, a>
BindingGroup: Data_Traversable_traversableDual type: Other vars: a
BOXUNBOX EQUAL ARITY: expStr=purust_core::Func1<a, crate::UnknownType> actStr=purust_core::Func1<crate::UnknownType, crate::UnknownType>
BOXUNBOX EQUAL ARITY: expStr=purust_core::Func3<std::rc::Rc<Purs_Control_Applicative::Applicative<crate::UnknownType>>, purust_core::Func1<a, crate::UnknownType>, crate::UnknownType, crate::UnknownType> actStr=purust_core::Func3<std::rc::Rc<Purs_Control_Applicative::Applicative<crate::UnknownType>>, purust_core::Func1<a, crate::UnknownType>, a, crate::UnknownType>
BOXUNBOX EQUAL ARITY: expStr=purust_core::Func1<a, a> actStr=purust_core::Func1<crate::UnknownType, crate::UnknownType>
BOXUNBOX EQUAL ARITY: expStr=purust_core::Func1<a, crate::UnknownType> actStr=purust_core::Func1<a, a>
BindingGroup: Data_Traversable_traversableEither type: Other vars: a
UNSAFE_COERCE GENERATED: expStr=a actStr=std::rc::Rc<Purs_Data_Either::Either<a, crate::UnknownType>> expTy=TypeVar(a) actTy=Other
BOXUNBOX EQUAL ARITY: expStr=purust_core::Func1<crate::UnknownType, std::rc::Rc<Purs_Data_Either::Either<a, crate::UnknownType>>> actStr=purust_core::Func1<crate::UnknownType, std::rc::Rc<Purs_Data_Either::Either<crate::UnknownType, crate::UnknownType>>>
BOXUNBOX EQUAL ARITY: expStr=purust_core::Func1<a, crate::UnknownType> actStr=purust_core::Func1<crate::UnknownType, std::rc::Rc<Purs_Data_Either::Either<a, crate::UnknownType>>>
UNSAFE_COERCE GENERATED: expStr=a actStr=std::rc::Rc<Purs_Data_Either::Either<a, a>> expTy=TypeVar(a) actTy=Other
BOXUNBOX EQUAL ARITY: expStr=purust_core::Func1<a, std::rc::Rc<Purs_Data_Either::Either<a, a>>> actStr=purust_core::Func1<a, std::rc::Rc<Purs_Data_Either::Either<crate::UnknownType, crate::UnknownType>>>
BOXUNBOX EQUAL ARITY: expStr=purust_core::Func1<a, crate::UnknownType> actStr=purust_core::Func1<a, std::rc::Rc<Purs_Data_Either::Either<a, a>>>
BindingGroup: Data_Traversable_traversableIdentity type: Other vars: a
BOXUNBOX EQUAL ARITY: expStr=purust_core::Func1<a, crate::UnknownType> actStr=purust_core::Func1<crate::UnknownType, crate::UnknownType>
BOXUNBOX EQUAL ARITY: expStr=purust_core::Func3<std::rc::Rc<Purs_Control_Applicative::Applicative<crate::UnknownType>>, purust_core::Func1<a, crate::UnknownType>, crate::UnknownType, crate::UnknownType> actStr=purust_core::Func3<std::rc::Rc<Purs_Control_Applicative::Applicative<crate::UnknownType>>, purust_core::Func1<a, crate::UnknownType>, a, crate::UnknownType>
BOXUNBOX EQUAL ARITY: expStr=purust_core::Func1<a, a> actStr=purust_core::Func1<crate::UnknownType, crate::UnknownType>
BOXUNBOX EQUAL ARITY: expStr=purust_core::Func1<a, crate::UnknownType> actStr=purust_core::Func1<a, a>
BindingGroup: Data_Traversable_traversableMaybe type: Other vars: 
BOXUNBOX EQUAL ARITY: expStr=purust_core::Func1<crate::UnknownType, crate::UnknownType> actStr=purust_core::Func1<crate::UnknownType, std::rc::Rc<Purs_Data_Maybe::Maybe<crate::UnknownType>>>
BOXUNBOX EQUAL ARITY: expStr=purust_core::Func1<crate::UnknownType, crate::UnknownType> actStr=purust_core::Func1<crate::UnknownType, std::rc::Rc<Purs_Data_Maybe::Maybe<crate::UnknownType>>>
BindingGroup: Data_Traversable_traversableMultiplicative type: Other vars: a
BOXUNBOX EQUAL ARITY: expStr=purust_core::Func1<a, crate::UnknownType> actStr=purust_core::Func1<crate::UnknownType, crate::UnknownType>
BOXUNBOX EQUAL ARITY: expStr=purust_core::Func3<std::rc::Rc<Purs_Control_Applicative::Applicative<crate::UnknownType>>, purust_core::Func1<a, crate::UnknownType>, crate::UnknownType, crate::UnknownType> actStr=purust_core::Func3<std::rc::Rc<Purs_Control_Applicative::Applicative<crate::UnknownType>>, purust_core::Func1<a, crate::UnknownType>, a, crate::UnknownType>
BOXUNBOX EQUAL ARITY: expStr=purust_core::Func1<a, a> actStr=purust_core::Func1<crate::UnknownType, crate::UnknownType>
BOXUNBOX EQUAL ARITY: expStr=purust_core::Func1<a, crate::UnknownType> actStr=purust_core::Func1<a, a>
BindingGroup: Data_Traversable_traversableTuple type: Other vars: a
BOXUNBOX EQUAL ARITY: expStr=purust_core::Func1<crate::UnknownType, std::rc::Rc<Purs_Data_Tuple::Tuple<a, crate::UnknownType>>> actStr=purust_core::Func1<crate::UnknownType, std::rc::Rc<Purs_Data_Tuple::Tuple<crate::UnknownType, crate::UnknownType>>>
BOXUNBOX EQUAL ARITY: expStr=purust_core::Func1<a, crate::UnknownType> actStr=purust_core::Func1<crate::UnknownType, std::rc::Rc<Purs_Data_Tuple::Tuple<a, crate::UnknownType>>>
BOXUNBOX EQUAL ARITY: expStr=purust_core::Func1<a, std::rc::Rc<Purs_Data_Tuple::Tuple<a, a>>> actStr=purust_core::Func1<crate::UnknownType, std::rc::Rc<Purs_Data_Tuple::Tuple<crate::UnknownType, crate::UnknownType>>>
BOXUNBOX EQUAL ARITY: expStr=purust_core::Func1<a, crate::UnknownType> actStr=purust_core::Func1<a, std::rc::Rc<Purs_Data_Tuple::Tuple<a, a>>>
BindingGroup: Data_Traversable_traverse type: ForAll(ConstrainedType(Func)) vars: 
FUNCTION Data_Traversable_traverse args: 4 extracted: Nothing
BindingGroup: Data_Traversable_traversableCompose type: ConstrainedType(Other) vars: a, f, g
BOXUNBOX EQUAL ARITY: expStr=purust_core::Func1<a, crate::UnknownType> actStr=purust_core::Func1<crate::UnknownType, crate::UnknownType>
BOXUNBOX EQUAL ARITY: expStr=purust_core::Func2<crate::UnknownType, crate::UnknownType, crate::UnknownType> actStr=purust_core::Func2<crate::UnknownType, a, crate::UnknownType>
BOXUNBOX EQUAL ARITY: expStr=purust_core::Func2<a, crate::UnknownType, crate::UnknownType> actStr=purust_core::Func2<crate::UnknownType, crate::UnknownType, crate::UnknownType>
BOXUNBOX EQUAL ARITY: expStr=purust_core::Func2<crate::UnknownType, a, crate::UnknownType> actStr=purust_core::Func2<crate::UnknownType, crate::UnknownType, crate::UnknownType>
BOXUNBOX EQUAL ARITY: expStr=purust_core::Func1<a, crate::UnknownType> actStr=purust_core::Func1<crate::UnknownType, crate::UnknownType>
BOXUNBOX EQUAL ARITY: expStr=purust_core::Func1<a, crate::UnknownType> actStr=purust_core::Func1<crate::UnknownType, crate::UnknownType>
BOXUNBOX EQUAL ARITY: expStr=purust_core::Func1<a, crate::UnknownType> actStr=purust_core::Func1<crate::UnknownType, crate::UnknownType>
BOXUNBOX EQUAL ARITY: expStr=purust_core::Func1<a, crate::UnknownType> actStr=purust_core::Func1<crate::UnknownType, crate::UnknownType>
FUNCTION Data_Traversable_traversableCompose args: 2 extracted: Just
BindingGroup: Data_Traversable_sequenceDefault type: ConstrainedType(Func) vars: a, m, t
BOXUNBOX EQUAL ARITY: expStr=purust_core::Func1<a, crate::UnknownType> actStr=purust_core::Func1<crate::UnknownType, crate::UnknownType>
FUNCTION Data_Traversable_sequenceDefault args: 3 extracted: Nothing
BindingGroup: Data_Traversable_traversableAdditive type: Other vars: a
BOXUNBOX EQUAL ARITY: expStr=purust_core::Func1<a, crate::UnknownType> actStr=purust_core::Func1<crate::UnknownType, crate::UnknownType>
BOXUNBOX EQUAL ARITY: expStr=purust_core::Func3<std::rc::Rc<Purs_Control_Applicative::Applicative<crate::UnknownType>>, purust_core::Func1<a, crate::UnknownType>, crate::UnknownType, crate::UnknownType> actStr=purust_core::Func3<std::rc::Rc<Purs_Control_Applicative::Applicative<crate::UnknownType>>, purust_core::Func1<a, crate::UnknownType>, a, crate::UnknownType>
BOXUNBOX EQUAL ARITY: expStr=purust_core::Func1<a, a> actStr=purust_core::Func1<crate::UnknownType, crate::UnknownType>
BOXUNBOX EQUAL ARITY: expStr=purust_core::Func1<a, crate::UnknownType> actStr=purust_core::Func1<a, a>
BindingGroup: Data_Traversable_traversableArray type: Other vars: 
BindingGroup: Data_Traversable_for type: ConstrainedType(Func) vars: a, b, m, t
FUNCTION Data_Traversable_for args: 4 extracted: Just
BindingGroup: Data_Traversable_scanl type: ConstrainedType(Func) vars: a, b, f
FUNCTION Data_Traversable_scanl args: 4 extracted: Just
BindingGroup: Data_Traversable_mapAccumL type: ConstrainedType(Func) vars: a, f, s
BOXUNBOX FUNC: expStr=purust_core::Func1<a, crate::UnknownType> actStr=purust_core::Func2<a, s, crate::UnknownType>
FUNCTION Data_Traversable_mapAccumL args: 4 extracted: Just
BindingGroup: Data_Traversable_scanr type: ConstrainedType(Func) vars: a, b, f
FUNCTION Data_Traversable_scanr args: 4 extracted: Just
BindingGroup: Data_Traversable_mapAccumR type: ConstrainedType(Func) vars: a, f, s
BOXUNBOX FUNC: expStr=purust_core::Func1<a, crate::UnknownType> actStr=purust_core::Func2<a, s, crate::UnknownType>
FUNCTION Data_Traversable_mapAccumR args: 4 extracted: Just
BindingGroup: Data_Traversable_traverseDefault type: ConstrainedType(Func) vars: a, b, m, t
BOXUNBOX EQUAL ARITY: expStr=purust_core::Func1<a, b> actStr=purust_core::Func1<a, crate::UnknownType>
FUNCTION Data_Traversable_traverseDefault args: 4 extracted: Just
BindingGroup: Data_Traversable_traversableProduct type: ConstrainedType(Other) vars: a, f, g
BOXUNBOX EQUAL ARITY: expStr=purust_core::Func2<a, crate::UnknownType, crate::UnknownType> actStr=purust_core::Func2<crate::UnknownType, crate::UnknownType, std::rc::Rc<Purs_Data_Tuple::Tuple<crate::UnknownType, crate::UnknownType, f, g, a>>>
BOXUNBOX FUNC: expStr=purust_core::Func1<a, crate::UnknownType> actStr=purust_core::Func2<a, crate::UnknownType, crate::UnknownType>
BOXUNBOX EQUAL ARITY: expStr=purust_core::Func2<a, crate::UnknownType, crate::UnknownType> actStr=purust_core::Func2<crate::UnknownType, crate::UnknownType, std::rc::Rc<Purs_Data_Tuple::Tuple<crate::UnknownType, crate::UnknownType, f, g, a>>>
BOXUNBOX FUNC: expStr=purust_core::Func1<a, crate::UnknownType> actStr=purust_core::Func2<a, crate::UnknownType, crate::UnknownType>
FUNCTION Data_Traversable_traversableProduct args: 2 extracted: Just
BindingGroup: Data_Traversable_traversableLast type: Other vars: a
BOXUNBOX EQUAL ARITY: expStr=purust_core::Func1<std::rc::Rc<Purs_Data_Maybe::Maybe<crate::UnknownType>>, std::rc::Rc<Purs_Data_Maybe::Maybe<crate::UnknownType>>> actStr=purust_core::Func1<crate::UnknownType, crate::UnknownType>
UNSAFE_COERCE GENERATED: expStr=a actStr=std::rc::Rc<Purs_Data_Maybe::Maybe<crate::UnknownType>> expTy=TypeVar(a) actTy=Other
BOXUNBOX EQUAL ARITY: expStr=purust_core::Func1<a, crate::UnknownType> actStr=purust_core::Func1<crate::UnknownType, std::rc::Rc<Purs_Data_Maybe::Maybe<crate::UnknownType>>>
UNSAFE_COERCE GENERATED: expStr=std::rc::Rc<Purs_Data_Maybe::Maybe<crate::UnknownType>> actStr=a expTy=Other actTy=TypeVar(a)
BOXUNBOX EQUAL ARITY: expStr=purust_core::Func1<a, crate::UnknownType> actStr=purust_core::Func1<std::rc::Rc<Purs_Data_Maybe::Maybe<crate::UnknownType>>, std::rc::Rc<Purs_Data_Maybe::Maybe<crate::UnknownType>>>
BOXUNBOX EQUAL ARITY: expStr=purust_core::Func3<std::rc::Rc<Purs_Control_Applicative::Applicative<crate::UnknownType>>, purust_core::Func1<a, crate::UnknownType>, std::rc::Rc<Purs_Data_Maybe::Maybe<a, a>>, crate::UnknownType> actStr=purust_core::Func3<std::rc::Rc<Purs_Control_Applicative::Applicative<crate::UnknownType>>, purust_core::Func1<a, crate::UnknownType>, std::rc::Rc<Purs_Data_Maybe::Maybe<a>>, crate::UnknownType>
BOXUNBOX EQUAL ARITY: expStr=purust_core::Func1<std::rc::Rc<Purs_Data_Maybe::Maybe<a>>, std::rc::Rc<Purs_Data_Maybe::Maybe<a>>> actStr=purust_core::Func1<crate::UnknownType, crate::UnknownType>
UNSAFE_COERCE GENERATED: expStr=a actStr=std::rc::Rc<Purs_Data_Maybe::Maybe<a>> expTy=TypeVar(a) actTy=Other
BOXUNBOX EQUAL ARITY: expStr=purust_core::Func1<a, std::rc::Rc<Purs_Data_Maybe::Maybe<a>>> actStr=purust_core::Func1<a, std::rc::Rc<Purs_Data_Maybe::Maybe<crate::UnknownType>>>
BOXUNBOX EQUAL ARITY: expStr=purust_core::Func1<a, crate::UnknownType> actStr=purust_core::Func1<a, std::rc::Rc<Purs_Data_Maybe::Maybe<a>>>
UNSAFE_COERCE GENERATED: expStr=std::rc::Rc<Purs_Data_Maybe::Maybe<a>> actStr=a expTy=Other actTy=TypeVar(a)
BOXUNBOX EQUAL ARITY: expStr=purust_core::Func1<a, crate::UnknownType> actStr=purust_core::Func1<std::rc::Rc<Purs_Data_Maybe::Maybe<a>>, std::rc::Rc<Purs_Data_Maybe::Maybe<a>>>
BOXUNBOX EQUAL ARITY: expStr=purust_core::Func2<std::rc::Rc<Purs_Control_Applicative::Applicative<crate::UnknownType>>, std::rc::Rc<Purs_Data_Maybe::Maybe<a, crate::UnknownType>>, crate::UnknownType> actStr=purust_core::Func2<std::rc::Rc<Purs_Control_Applicative::Applicative<crate::UnknownType>>, std::rc::Rc<Purs_Data_Maybe::Maybe<crate::UnknownType>>, crate::UnknownType>
BindingGroup: Data_Traversable_traversableFirst type: Other vars: a
BOXUNBOX EQUAL ARITY: expStr=purust_core::Func1<std::rc::Rc<Purs_Data_Maybe::Maybe<crate::UnknownType>>, std::rc::Rc<Purs_Data_Maybe::Maybe<crate::UnknownType>>> actStr=purust_core::Func1<crate::UnknownType, crate::UnknownType>
UNSAFE_COERCE GENERATED: expStr=a actStr=std::rc::Rc<Purs_Data_Maybe::Maybe<crate::UnknownType>> expTy=TypeVar(a) actTy=Other
BOXUNBOX EQUAL ARITY: expStr=purust_core::Func1<a, crate::UnknownType> actStr=purust_core::Func1<crate::UnknownType, std::rc::Rc<Purs_Data_Maybe::Maybe<crate::UnknownType>>>
UNSAFE_COERCE GENERATED: expStr=std::rc::Rc<Purs_Data_Maybe::Maybe<crate::UnknownType>> actStr=a expTy=Other actTy=TypeVar(a)
BOXUNBOX EQUAL ARITY: expStr=purust_core::Func1<a, crate::UnknownType> actStr=purust_core::Func1<std::rc::Rc<Purs_Data_Maybe::Maybe<crate::UnknownType>>, std::rc::Rc<Purs_Data_Maybe::Maybe<crate::UnknownType>>>
BOXUNBOX EQUAL ARITY: expStr=purust_core::Func3<std::rc::Rc<Purs_Control_Applicative::Applicative<crate::UnknownType>>, purust_core::Func1<a, crate::UnknownType>, std::rc::Rc<Purs_Data_Maybe::Maybe<a, a>>, crate::UnknownType> actStr=purust_core::Func3<std::rc::Rc<Purs_Control_Applicative::Applicative<crate::UnknownType>>, purust_core::Func1<a, crate::UnknownType>, std::rc::Rc<Purs_Data_Maybe::Maybe<a>>, crate::UnknownType>
BOXUNBOX EQUAL ARITY: expStr=purust_core::Func1<std::rc::Rc<Purs_Data_Maybe::Maybe<a>>, std::rc::Rc<Purs_Data_Maybe::Maybe<a>>> actStr=purust_core::Func1<crate::UnknownType, crate::UnknownType>
UNSAFE_COERCE GENERATED: expStr=a actStr=std::rc::Rc<Purs_Data_Maybe::Maybe<a>> expTy=TypeVar(a) actTy=Other
BOXUNBOX EQUAL ARITY: expStr=purust_core::Func1<a, std::rc::Rc<Purs_Data_Maybe::Maybe<a>>> actStr=purust_core::Func1<a, std::rc::Rc<Purs_Data_Maybe::Maybe<crate::UnknownType>>>
BOXUNBOX EQUAL ARITY: expStr=purust_core::Func1<a, crate::UnknownType> actStr=purust_core::Func1<a, std::rc::Rc<Purs_Data_Maybe::Maybe<a>>>
UNSAFE_COERCE GENERATED: expStr=std::rc::Rc<Purs_Data_Maybe::Maybe<a>> actStr=a expTy=Other actTy=TypeVar(a)
BOXUNBOX EQUAL ARITY: expStr=purust_core::Func1<a, crate::UnknownType> actStr=purust_core::Func1<std::rc::Rc<Purs_Data_Maybe::Maybe<a>>, std::rc::Rc<Purs_Data_Maybe::Maybe<a>>>
BOXUNBOX EQUAL ARITY: expStr=purust_core::Func2<std::rc::Rc<Purs_Control_Applicative::Applicative<crate::UnknownType>>, std::rc::Rc<Purs_Data_Maybe::Maybe<a, crate::UnknownType>>, crate::UnknownType> actStr=purust_core::Func2<std::rc::Rc<Purs_Control_Applicative::Applicative<crate::UnknownType>>, std::rc::Rc<Purs_Data_Maybe::Maybe<crate::UnknownType>>, crate::UnknownType>
BindingGroup: Data_Traversable_traversableCoproduct type: ConstrainedType(Other) vars: a, f, g
BOXUNBOX EQUAL ARITY: expStr=purust_core::Func1<a, crate::UnknownType> actStr=purust_core::Func1<crate::UnknownType, std::rc::Rc<Purs_Data_Either::Either<crate::UnknownType, crate::UnknownType, f, g, crate::UnknownType>>>
BOXUNBOX EQUAL ARITY: expStr=purust_core::Func1<a, crate::UnknownType> actStr=purust_core::Func1<crate::UnknownType, std::rc::Rc<Purs_Data_Either::Either<crate::UnknownType, crate::UnknownType, f, g, crate::UnknownType>>>
BOXUNBOX EQUAL ARITY: expStr=purust_core::Func1<a, crate::UnknownType> actStr=purust_core::Func1<crate::UnknownType, std::rc::Rc<Purs_Data_Either::Either<crate::UnknownType, crate::UnknownType, f, g, a>>>
BOXUNBOX EQUAL ARITY: expStr=purust_core::Func1<a, crate::UnknownType> actStr=purust_core::Func1<crate::UnknownType, std::rc::Rc<Purs_Data_Either::Either<crate::UnknownType, crate::UnknownType, f, g, a>>>
BOXUNBOX EQUAL ARITY: expStr=purust_core::Func1<std::rc::Rc<Purs_Data_Either::Either<crate::UnknownType, crate::UnknownType, f, g, crate::UnknownType>>, crate::UnknownType> actStr=purust_core::Func1<std::rc::Rc<Purs_Data_Either::Either<crate::UnknownType, crate::UnknownType, f, g, a>>, crate::UnknownType>
FUNCTION Data_Traversable_traversableCoproduct args: 2 extracted: Just
BindingGroup: Data_Traversable_traversableApp type: ConstrainedType(Other) vars: a, f
BOXUNBOX EQUAL ARITY: expStr=purust_core::Func1<a, crate::UnknownType> actStr=purust_core::Func1<crate::UnknownType, crate::UnknownType>
BOXUNBOX EQUAL ARITY: expStr=purust_core::Func1<a, crate::UnknownType> actStr=purust_core::Func1<crate::UnknownType, crate::UnknownType>
FUNCTION Data_Traversable_traversableApp args: 1 extracted: Just
BindingGroup: Data_Traversable_sequence type: ForAll(ConstrainedType(Func)) vars: 
FUNCTION Data_Traversable_sequence args: 3 extracted: Nothing
findFfiFile [Data.Traversable] -> null
Found FFI for Data.Traversable at: Nothing
Found FFI for Data.Traversable at: Nothing
genFallback traverseArrayImpl args: ["mut a0: purust_core::Func2<crate::UnknownType, crate::UnknownType, crate::UnknownType>","mut a1: purust_core::Func2<purust_core::Func1<x, y>, crate::UnknownType, crate::UnknownType>","mut a2: purust_core::Func1<x, crate::UnknownType>","mut a3: purust_core::Func1<a, crate::UnknownType>","mut a4: crate::UnknownType"]
BindingGroup: Data_Semigroup_Traversable_sequence1Default type: ConstrainedType(Func) vars: a, m, t
BOXUNBOX EQUAL ARITY: expStr=purust_core::Func1<a, crate::UnknownType> actStr=purust_core::Func1<crate::UnknownType, crate::UnknownType>
FUNCTION Data_Semigroup_Traversable_sequence1Default args: 3 extracted: Nothing
BindingGroup: Data_Semigroup_Traversable_traversableIdentity type: Other vars: a
BOXUNBOX EQUAL ARITY: expStr=purust_core::Func1<a, crate::UnknownType> actStr=purust_core::Func1<crate::UnknownType, crate::UnknownType>
BOXUNBOX EQUAL ARITY: expStr=purust_core::Func3<std::rc::Rc<Purs_Control_Apply::Apply<crate::UnknownType>>, purust_core::Func1<a, crate::UnknownType>, crate::UnknownType, crate::UnknownType> actStr=purust_core::Func3<std::rc::Rc<Purs_Control_Apply::Apply<crate::UnknownType>>, purust_core::Func1<a, crate::UnknownType>, a, crate::UnknownType>
BOXUNBOX EQUAL ARITY: expStr=purust_core::Func1<a, crate::UnknownType> actStr=purust_core::Func1<crate::UnknownType, crate::UnknownType>
BindingGroup: Data_Semigroup_Traversable_traversableTuple type: Other vars: a
BOXUNBOX EQUAL ARITY: expStr=purust_core::Func1<crate::UnknownType, std::rc::Rc<Purs_Data_Tuple::Tuple<a, crate::UnknownType>>> actStr=purust_core::Func1<crate::UnknownType, std::rc::Rc<Purs_Data_Tuple::Tuple<crate::UnknownType, crate::UnknownType>>>
BOXUNBOX EQUAL ARITY: expStr=purust_core::Func1<a, crate::UnknownType> actStr=purust_core::Func1<crate::UnknownType, std::rc::Rc<Purs_Data_Tuple::Tuple<a, crate::UnknownType>>>
BOXUNBOX EQUAL ARITY: expStr=purust_core::Func1<crate::UnknownType, std::rc::Rc<Purs_Data_Tuple::Tuple<a, crate::UnknownType>>> actStr=purust_core::Func1<crate::UnknownType, std::rc::Rc<Purs_Data_Tuple::Tuple<crate::UnknownType, crate::UnknownType>>>
BOXUNBOX EQUAL ARITY: expStr=purust_core::Func1<a, crate::UnknownType> actStr=purust_core::Func1<crate::UnknownType, std::rc::Rc<Purs_Data_Tuple::Tuple<a, crate::UnknownType>>>
BindingGroup: Data_Semigroup_Traversable_traverse1 type: ForAll(ConstrainedType(Func)) vars: 
FUNCTION Data_Semigroup_Traversable_traverse1 args: 4 extracted: Nothing
BindingGroup: Data_Semigroup_Traversable_traversableDual type: Other vars: a
BOXUNBOX EQUAL ARITY: expStr=purust_core::Func1<a, crate::UnknownType> actStr=purust_core::Func1<crate::UnknownType, crate::UnknownType>
BOXUNBOX EQUAL ARITY: expStr=purust_core::Func3<std::rc::Rc<Purs_Control_Apply::Apply<crate::UnknownType>>, purust_core::Func1<a, crate::UnknownType>, crate::UnknownType, crate::UnknownType> actStr=purust_core::Func3<std::rc::Rc<Purs_Control_Apply::Apply<crate::UnknownType>>, purust_core::Func1<a, crate::UnknownType>, a, crate::UnknownType>
BOXUNBOX EQUAL ARITY: expStr=purust_core::Func1<a, crate::UnknownType> actStr=purust_core::Func1<crate::UnknownType, crate::UnknownType>
BindingGroup: Data_Semigroup_Traversable_traversableMultiplicative type: Other vars: a
BOXUNBOX EQUAL ARITY: expStr=purust_core::Func1<a, crate::UnknownType> actStr=purust_core::Func1<crate::UnknownType, crate::UnknownType>
BOXUNBOX EQUAL ARITY: expStr=purust_core::Func3<std::rc::Rc<Purs_Control_Apply::Apply<crate::UnknownType>>, purust_core::Func1<a, crate::UnknownType>, crate::UnknownType, crate::UnknownType> actStr=purust_core::Func3<std::rc::Rc<Purs_Control_Apply::Apply<crate::UnknownType>>, purust_core::Func1<a, crate::UnknownType>, a, crate::UnknownType>
BOXUNBOX EQUAL ARITY: expStr=purust_core::Func1<a, crate::UnknownType> actStr=purust_core::Func1<crate::UnknownType, crate::UnknownType>
BindingGroup: Data_Semigroup_Traversable_traverse1Default type: ConstrainedType(Func) vars: a, b, m, t
BOXUNBOX EQUAL ARITY: expStr=purust_core::Func1<a, b> actStr=purust_core::Func1<a, crate::UnknownType>
FUNCTION Data_Semigroup_Traversable_traverse1Default args: 4 extracted: Just
BindingGroup: Data_Semigroup_Traversable_sequence1 type: ForAll(ConstrainedType(Func)) vars: 
FUNCTION Data_Semigroup_Traversable_sequence1 args: 3 extracted: Nothing
findFfiFile [Data.Semigroup.Traversable] -> null
Found FFI for Data.Semigroup.Traversable at: Nothing
Found FFI for Data.Semigroup.Traversable at: Nothing
BindingGroup: Data_Unfoldable1_iterateN type: ConstrainedType(Func) vars: a, f
UNSAFE_COERCE GENERATED: expStr=a actStr=std::rc::Rc<Purs_Data_Tuple::Tuple> expTy=TypeVar(a) actTy=Other
BOXUNBOX EQUAL ARITY: expStr=purust_core::Func1<crate::UnknownType, std::rc::Rc<Purs_Data_Tuple::Tuple<a, std::rc::Rc<Purs_Data_Maybe::Maybe<crate::UnknownType>>>>> actStr=purust_core::Func1<std::rc::Rc<Purs_Data_Tuple::Tuple<a, i64>>, std::rc::Rc<Purs_Data_Tuple::Tuple<a, std::rc::Rc<Purs_Data_Maybe::Maybe<std::rc::Rc<Purs_Data_Tuple::Tuple<a, i64>>>>>>>
FUNCTION Data_Unfoldable1_iterateN args: 4 extracted: Just
BindingGroup: Data_Unfoldable1_range type: ConstrainedType(Func) vars: f
BOXUNBOX EQUAL ARITY: expStr=purust_core::Func1<crate::UnknownType, std::rc::Rc<Purs_Data_Tuple::Tuple<crate::UnknownType, std::rc::Rc<Purs_Data_Maybe::Maybe<crate::UnknownType>>>>> actStr=purust_core::Func1<i64, std::rc::Rc<Purs_Data_Tuple::Tuple<i64, std::rc::Rc<Purs_Data_Maybe::Maybe<i64>>>>>
FUNCTION Data_Unfoldable1_range args: 3 extracted: Just
BindingGroup: Data_Unfoldable1_singleton type: ConstrainedType(Func) vars: a, f
BOXUNBOX EQUAL ARITY: expStr=purust_core::Func1<crate::UnknownType, std::rc::Rc<Purs_Data_Tuple::Tuple<a, std::rc::Rc<Purs_Data_Maybe::Maybe<crate::UnknownType>>>>> actStr=purust_core::Func1<i64, std::rc::Rc<Purs_Data_Tuple::Tuple<a, std::rc::Rc<Purs_Data_Maybe::Maybe<i64>>>>>
FUNCTION Data_Unfoldable1_singleton args: 2 extracted: Just
BindingGroup: Data_Unfoldable1_replicate1A type: ConstrainedType(Func) vars: a, f, m
BOXUNBOX EQUAL ARITY: expStr=purust_core::Func1<crate::UnknownType, std::rc::Rc<Purs_Data_Tuple::Tuple<a, std::rc::Rc<Purs_Data_Maybe::Maybe<crate::UnknownType>>>>> actStr=purust_core::Func1<i64, std::rc::Rc<Purs_Data_Tuple::Tuple<a, std::rc::Rc<Purs_Data_Maybe::Maybe<i64>>>>>
FUNCTION Data_Unfoldable1_replicate1A args: 5 extracted: Just
BindingGroup: Data_Unfoldable1_replicate1 type: ConstrainedType(Func) vars: a, f
BOXUNBOX EQUAL ARITY: expStr=purust_core::Func1<crate::UnknownType, std::rc::Rc<Purs_Data_Tuple::Tuple<a, std::rc::Rc<Purs_Data_Maybe::Maybe<crate::UnknownType>>>>> actStr=purust_core::Func1<i64, std::rc::Rc<Purs_Data_Tuple::Tuple<a, std::rc::Rc<Purs_Data_Maybe::Maybe<i64>>>>>
FUNCTION Data_Unfoldable1_replicate1 args: 3 extracted: Just
BindingGroup: Data_Unfoldable1_unfoldable1Array type: Other vars: 
BindingGroup: Data_Unfoldable1_unfoldable1Maybe type: Other vars: 
BindingGroup: Data_Unfoldable1_unfoldr1 type: ForAll(ConstrainedType(Func)) vars: 
FUNCTION Data_Unfoldable1_unfoldr1 args: 3 extracted: Nothing
findFfiFile [Data.Unfoldable1] -> null
Found FFI for Data.Unfoldable1 at: Nothing
Found FFI for Data.Unfoldable1 at: Nothing
genFallback unfoldr1ArrayImpl args: ["mut a0: purust_core::Func1<std::rc::Rc<Purs_Data_Maybe::Maybe<x>>, bool>","mut a1: purust_core::Func1<std::rc::Rc<Purs_Data_Maybe::Maybe<x>>, x>","mut a2: purust_core::Func1<std::rc::Rc<Purs_Data_Tuple::Tuple<x, y>>, x>","mut a3: purust_core::Func1<std::rc::Rc<Purs_Data_Tuple::Tuple<x, y>>, y>","mut a4: purust_core::Func1<b, std::rc::Rc<Purs_Data_Tuple::Tuple<a, std::rc::Rc<Purs_Data_Maybe::Maybe<b>>>>>","mut a5: b"]
BindingGroup: Data_Unfoldable_fromMaybe type: ConstrainedType(Func) vars: a, f
BOXUNBOX EQUAL ARITY: expStr=purust_core::Func1<crate::UnknownType, std::rc::Rc<Purs_Data_Maybe::Maybe<std::rc::Rc<Purs_Data_Tuple::Tuple<a, crate::UnknownType>>>>> actStr=purust_core::Func1<std::rc::Rc<Purs_Data_Maybe::Maybe<a>>, std::rc::Rc<Purs_Data_Maybe::Maybe<std::rc::Rc<Purs_Data_Tuple::Tuple<a, std::rc::Rc<Purs_Data_Maybe::Maybe<a>>>>>>>
BOXUNBOX EQUAL ARITY: expStr=purust_core::Func1<std::rc::Rc<Purs_Data_Maybe::Maybe<a>>, crate::UnknownType> actStr=purust_core::Func1<crate::UnknownType, crate::UnknownType>
FUNCTION Data_Unfoldable_fromMaybe args: 2 extracted: Nothing
BindingGroup: Data_Unfoldable_none type: ConstrainedType(TypeApp(TypeVar(f), [...])) vars: a, f
UNSAFE_COERCE GENERATED: expStr=a actStr=std::rc::Rc<Purs_Data_Maybe::Maybe> expTy=TypeVar(a) actTy=Other
UNSAFE_COERCE GENERATED: expStr=std::rc::Rc<Purs_Data_Maybe::Maybe<std::rc::Rc<Purs_Data_Tuple::Tuple<a, crate::UnknownType>>>> actStr=a expTy=Other actTy=TypeVar(a)
FUNCTION Data_Unfoldable_none args: 1 extracted: Just
BindingGroup: Data_Unfoldable_replicateA type: ConstrainedType(Func) vars: a, f, m
UNSAFE_COERCE GENERATED: expStr=a actStr=std::rc::Rc<Purs_Data_Tuple::Tuple> expTy=TypeVar(a) actTy=Other
BOXUNBOX EQUAL ARITY: expStr=purust_core::Func1<crate::UnknownType, std::rc::Rc<Purs_Data_Maybe::Maybe<std::rc::Rc<Purs_Data_Tuple::Tuple<a, crate::UnknownType>>>>> actStr=purust_core::Func1<i64, std::rc::Rc<Purs_Data_Maybe::Maybe<std::rc::Rc<Purs_Data_Tuple::Tuple<a, i64>>>>>
FUNCTION Data_Unfoldable_replicateA args: 5 extracted: Just
BindingGroup: Data_Unfoldable_replicate type: ConstrainedType(Func) vars: a, f
UNSAFE_COERCE GENERATED: expStr=a actStr=std::rc::Rc<Purs_Data_Tuple::Tuple> expTy=TypeVar(a) actTy=Other
BOXUNBOX EQUAL ARITY: expStr=purust_core::Func1<crate::UnknownType, std::rc::Rc<Purs_Data_Maybe::Maybe<std::rc::Rc<Purs_Data_Tuple::Tuple<a, crate::UnknownType>>>>> actStr=purust_core::Func1<i64, std::rc::Rc<Purs_Data_Maybe::Maybe<std::rc::Rc<Purs_Data_Tuple::Tuple<a, i64>>>>>
FUNCTION Data_Unfoldable_replicate args: 3 extracted: Just
BindingGroup: Data_Unfoldable_unfoldableArray type: Other vars: 
BindingGroup: Data_Unfoldable_unfoldableMaybe type: Other vars: 
BindingGroup: Data_Unfoldable_unfoldr type: ForAll(ConstrainedType(Func)) vars: 
FUNCTION Data_Unfoldable_unfoldr args: 3 extracted: Nothing
findFfiFile [Data.Unfoldable] -> null
Found FFI for Data.Unfoldable at: Nothing
Found FFI for Data.Unfoldable at: Nothing
genFallback unfoldrArrayImpl args: ["mut a0: purust_core::Func1<std::rc::Rc<Purs_Data_Maybe::Maybe<x>>, bool>","mut a1: purust_core::Func1<std::rc::Rc<Purs_Data_Maybe::Maybe<x>>, x>","mut a2: purust_core::Func1<std::rc::Rc<Purs_Data_Tuple::Tuple<x, y>>, x>","mut a3: purust_core::Func1<std::rc::Rc<Purs_Data_Tuple::Tuple<x, y>>, y>","mut a4: purust_core::Func1<b, std::rc::Rc<Purs_Data_Maybe::Maybe<std::rc::Rc<Purs_Data_Tuple::Tuple<a, b>>>>>","mut a5: b"]
BindingGroup: Control_Monad_Gen_choose type: ConstrainedType(Func) vars: a, m
BOXUNBOX EQUAL ARITY: expStr=purust_core::Func1<a, crate::UnknownType> actStr=purust_core::Func1<bool, crate::UnknownType>
FUNCTION Control_Monad_Gen_choose args: 3 extracted: Just
BindingGroup: Control_Monad_Gen_elements type: ConstrainedType(Func) vars: a, f, m
BOXUNBOX EQUAL ARITY: expStr=purust_core::Func1<a, crate::UnknownType> actStr=purust_core::Func1<i64, crate::UnknownType>
FUNCTION Control_Monad_Gen_elements args: 3 extracted: Just
BindingGroup: Control_Monad_Gen_suchThat type: ConstrainedType(Func) vars: a, m
FUNCTION Control_Monad_Gen_suchThat args: 4 extracted: Just
BindingGroup: Control_Monad_Gen_filtered type: ConstrainedType(Func) vars: a, m
UNSAFE_COERCE GENERATED: expStr=std::rc::Rc<Purs_Data_Maybe::Maybe> actStr=a expTy=Other actTy=TypeVar(a)
BOXUNBOX EQUAL ARITY: expStr=purust_core::Func1<a, crate::UnknownType> actStr=purust_core::Func1<crate::UnknownType, crate::UnknownType>
FUNCTION Control_Monad_Gen_filtered args: 3 extracted: Just
BindingGroup: Control_Monad_Gen_frequency type: ConstrainedType(Func) vars: a, f, m
UNSAFE_COERCE GENERATED: expStr=std::rc::Rc<Purs_Data_Tuple::Tuple<f64, crate::UnknownType>> actStr=a expTy=Other actTy=TypeVar(a)
BOXUNBOX EQUAL ARITY: expStr=purust_core::Func1<a, m> actStr=purust_core::Func1<std::rc::Rc<Purs_Data_Tuple::Tuple<f64, crate::UnknownType>>, f64>
BOXUNBOX EQUAL ARITY: expStr=purust_core::Func2<purust_core::Func1<std::rc::Rc<Purs_Data_Tuple::Tuple<f64, crate::UnknownType>>, f64>, crate::UnknownType, f64> actStr=purust_core::Func2<purust_core::Func1<a, m>, crate::UnknownType, m>
UNSAFE_COERCE GENERATED: expStr=std::rc::Rc<Purs_Data_Tuple::Tuple<f64, crate::UnknownType>> actStr=a expTy=Other actTy=TypeVar(a)
BOXUNBOX FUNC: expStr=purust_core::Func1<a, m> actStr=purust_core::Func2<std::rc::Rc<Purs_Data_Tuple::Tuple<f64, crate::UnknownType>>, f64, std::rc::Rc<Purs_Data_Tuple::Tuple<std::rc::Rc<Purs_Data_Maybe::Maybe<f64>>, crate::UnknownType>>>
BOXUNBOX EQUAL ARITY: expStr=purust_core::Func1<f64, crate::UnknownType> actStr=purust_core::Func1<crate::UnknownType, crate::UnknownType>
BOXUNBOX EQUAL ARITY: expStr=purust_core::Func1<a, crate::UnknownType> actStr=purust_core::Func1<f64, crate::UnknownType>
FUNCTION Control_Monad_Gen_frequency args: 3 extracted: Just
BindingGroup: Control_Monad_Gen_freqSemigroup type: Func vars: a
UNSAFE_COERCE GENERATED: expStr=a actStr=std::rc::Rc<Purs_Data_Maybe::Maybe> expTy=TypeVar(a) actTy=Other
UNSAFE_COERCE GENERATED: expStr=a actStr=std::rc::Rc<Purs_Data_Maybe::Maybe> expTy=TypeVar(a) actTy=Other
FUNCTION Control_Monad_Gen_freqSemigroup args: 2 extracted: Just
BindingGroup: Control_Monad_Gen_oneOf type: ConstrainedType(Func) vars: a, f, m
BOXUNBOX EQUAL ARITY: expStr=purust_core::Func1<a, crate::UnknownType> actStr=purust_core::Func1<i64, crate::UnknownType>
FUNCTION Control_Monad_Gen_oneOf args: 3 extracted: Just
BindingGroup: Control_Monad_Gen_fromIndex type: ConstrainedType(Func) vars: a, f
BOXUNBOX EQUAL ARITY: expStr=purust_core::Func1<a, a> actStr=purust_core::Func1<crate::UnknownType, crate::UnknownType>
BOXUNBOX EQUAL ARITY: expStr=purust_core::Func1<a, crate::UnknownType> actStr=purust_core::Func1<a, a>
BOXUNBOX EQUAL ARITY: expStr=purust_core::Func2<a, std::rc::Rc<crate::LL<a>>, std::rc::Rc<crate::LL<a>>> actStr=purust_core::Func2<a, std::rc::Rc<crate::LL<a>>, std::rc::Rc<crate::LL<crate::UnknownType>>>
BOXUNBOX EQUAL ARITY: expStr=purust_core::Func2<a, crate::UnknownType, crate::UnknownType> actStr=purust_core::Func2<a, std::rc::Rc<crate::LL<a>>, std::rc::Rc<crate::LL<a>>>
FUNCTION Control_Monad_Gen_fromIndex args: 3 extracted: Just
BindingGroup: Control_Monad_Gen_semigroupFreqSemigroup type: Other vars: a
UNSAFE_COERCE GENERATED: expStr=std::rc::Rc<Purs_Data_Maybe::Maybe> actStr=a expTy=Other actTy=TypeVar(a)
BOXUNBOX FUNC: expStr=purust_core::Func2<purust_core::Func1<f64, std::rc::Rc<Purs_Data_Tuple::Tuple<std::rc::Rc<Purs_Data_Maybe::Maybe<f64>>, a>>>, purust_core::Func1<f64, std::rc::Rc<Purs_Data_Tuple::Tuple<std::rc::Rc<Purs_Data_Maybe::Maybe<f64>>, a>>>, purust_core::Func1<f64, std::rc::Rc<Purs_Data_Tuple::Tuple<std::rc::Rc<Purs_Data_Maybe::Maybe<f64>>, a>>>> actStr=purust_core::Func3<purust_core::Func1<f64, std::rc::Rc<Purs_Data_Tuple::Tuple<std::rc::Rc<Purs_Data_Maybe::Maybe<f64>>, a>>>, purust_core::Func1<f64, std::rc::Rc<Purs_Data_Tuple::Tuple<std::rc::Rc<Purs_Data_Maybe::Maybe<f64>>, a>>>, f64, std::rc::Rc<Purs_Data_Tuple::Tuple<std::rc::Rc<Purs_Data_Maybe::Maybe<f64>>, a>>>
BindingGroup: Control_Monad_Gen_unfoldable type: ConstrainedType(Func) vars: a, f, m
UNSAFE_COERCE GENERATED: expStr=a actStr=std::rc::Rc<Purs_Control_Monad_Rec_Class::Step<std::rc::Rc<Purs_Data_Tuple::Tuple<std::rc::Rc<crate::LL<a>>, i64>>, std::rc::Rc<crate::LL<a>>>> expTy=TypeVar(a) actTy=Other
BOXUNBOX EQUAL ARITY: expStr=purust_core::Func1<std::rc::Rc<Purs_Control_Monad_Rec_Class::Step<std::rc::Rc<Purs_Data_Tuple::Tuple<std::rc::Rc<crate::LL<a>>, i64>>, std::rc::Rc<crate::LL<a>>>>, crate::UnknownType> actStr=purust_core::Func1<a, crate::UnknownType>
UNSAFE_COERCE GENERATED: expStr=a actStr=std::rc::Rc<Purs_Data_Tuple::Tuple> expTy=TypeVar(a) actTy=Other
BOXUNBOX EQUAL ARITY: expStr=purust_core::Func1<crate::UnknownType, std::rc::Rc<Purs_Data_Maybe::Maybe<std::rc::Rc<Purs_Data_Tuple::Tuple<a, crate::UnknownType>>>>> actStr=purust_core::Func1<std::rc::Rc<crate::LL<a>>, std::rc::Rc<Purs_Data_Maybe::Maybe<std::rc::Rc<Purs_Data_Tuple::Tuple<a, std::rc::Rc<crate::LL<a>>>>>>>
BOXUNBOX EQUAL ARITY: expStr=purust_core::Func1<std::rc::Rc<crate::LL<a>>, crate::UnknownType> actStr=purust_core::Func1<crate::UnknownType, crate::UnknownType>
UNSAFE_COERCE GENERATED: expStr=std::rc::Rc<crate::LL<a>> actStr=a expTy=Other actTy=TypeVar(a)
UNSAFE_COERCE GENERATED: expStr=a actStr=std::rc::Rc<crate::LL> expTy=TypeVar(a) actTy=Other
UNSAFE_COERCE GENERATED: expStr=a actStr=std::rc::Rc<Purs_Data_Tuple::Tuple> expTy=TypeVar(a) actTy=Other
UNSAFE_COERCE GENERATED: expStr=std::rc::Rc<Purs_Data_Tuple::Tuple<std::rc::Rc<crate::LL<a>>, i64>> actStr=a expTy=Other actTy=TypeVar(a)
BOXUNBOX EQUAL ARITY: expStr=purust_core::Func1<a, crate::UnknownType> actStr=purust_core::Func1<std::rc::Rc<Purs_Data_Tuple::Tuple<std::rc::Rc<crate::LL<a>>, i64>>, crate::UnknownType>
BOXUNBOX EQUAL ARITY: expStr=purust_core::Func1<crate::UnknownType, crate::UnknownType> actStr=purust_core::Func1<i64, crate::UnknownType>
UNSAFE_COERCE GENERATED: expStr=std::rc::Rc<crate::LL<a>> actStr=a expTy=Other actTy=TypeVar(a)
BOXUNBOX EQUAL ARITY: expStr=purust_core::Func1<a, crate::UnknownType> actStr=purust_core::Func1<std::rc::Rc<crate::LL<a>>, crate::UnknownType>
FUNCTION Control_Monad_Gen_unfoldable args: 4 extracted: Just
BindingGroup: Control_Monad_Gen_Nil type: Other vars: 
BindingGroup: Control_Monad_Gen_Cons type: Func vars: a
FUNCTION Control_Monad_Gen_Cons args: 2 extracted: Nothing
findFfiFile [Control.Monad.Gen] -> null
Found FFI for Control.Monad.Gen at: Nothing
Found FFI for Control.Monad.Gen at: Nothing
BindingGroup: Data_FunctorWithIndex_functorWithIndexAdditive type: Other vars: a
BOXUNBOX EQUAL ARITY: expStr=purust_core::Func2<purust_core::Func2<crate::UnknownType, a, crate::UnknownType>, crate::UnknownType, crate::UnknownType> actStr=purust_core::Func2<purust_core::Func2<crate::UnknownType, a, crate::UnknownType>, a, crate::UnknownType>
BindingGroup: Data_FunctorWithIndex_functorWithIndexApp type: ConstrainedType(Other) vars: a, f
FUNCTION Data_FunctorWithIndex_functorWithIndexApp args: 1 extracted: Just
BindingGroup: Data_FunctorWithIndex_functorWithIndexArray type: Other vars: 
BindingGroup: Data_FunctorWithIndex_functorWithIndexCompose type: ConstrainedType(Other) vars: a, b, f, g
BOXUNBOX EQUAL ARITY: expStr=purust_core::Func1<a, b> actStr=purust_core::Func1<crate::UnknownType, crate::UnknownType>
UNSAFE_COERCE GENERATED: expStr=b actStr=a expTy=TypeVar(b) actTy=TypeVar(a)
UNSAFE_COERCE GENERATED: expStr=a actStr=b expTy=TypeVar(a) actTy=TypeVar(b)
BOXUNBOX EQUAL ARITY: expStr=purust_core::Func2<a, a, b> actStr=purust_core::Func2<a, crate::UnknownType, crate::UnknownType>
FUNCTION Data_FunctorWithIndex_functorWithIndexCompose args: 2 extracted: Just
BindingGroup: Data_FunctorWithIndex_functorWithIndexConj type: Other vars: a
BOXUNBOX EQUAL ARITY: expStr=purust_core::Func2<purust_core::Func2<crate::UnknownType, a, crate::UnknownType>, crate::UnknownType, crate::UnknownType> actStr=purust_core::Func2<purust_core::Func2<crate::UnknownType, a, crate::UnknownType>, a, crate::UnknownType>
BindingGroup: Data_FunctorWithIndex_functorWithIndexConst type: Other vars: a
BindingGroup: Data_FunctorWithIndex_functorWithIndexCoproduct type: ConstrainedType(Other) vars: a, b, f, g
FUNCTION Data_FunctorWithIndex_functorWithIndexCoproduct args: 2 extracted: Just
BindingGroup: Data_FunctorWithIndex_functorWithIndexDisj type: Other vars: a
BOXUNBOX EQUAL ARITY: expStr=purust_core::Func2<purust_core::Func2<crate::UnknownType, a, crate::UnknownType>, crate::UnknownType, crate::UnknownType> actStr=purust_core::Func2<purust_core::Func2<crate::UnknownType, a, crate::UnknownType>, a, crate::UnknownType>
BindingGroup: Data_FunctorWithIndex_functorWithIndexDual type: Other vars: a
BOXUNBOX EQUAL ARITY: expStr=purust_core::Func2<purust_core::Func2<crate::UnknownType, a, crate::UnknownType>, crate::UnknownType, crate::UnknownType> actStr=purust_core::Func2<purust_core::Func2<crate::UnknownType, a, crate::UnknownType>, a, crate::UnknownType>
BindingGroup: Data_FunctorWithIndex_functorWithIndexEither type: Other vars: a
BindingGroup: Data_FunctorWithIndex_functorWithIndexFirst type: Other vars: a
BOXUNBOX EQUAL ARITY: expStr=purust_core::Func2<purust_core::Func2<crate::UnknownType, a, crate::UnknownType>, std::rc::Rc<Purs_Data_Maybe::Maybe<a, a>>, std::rc::Rc<Purs_Data_Maybe::Maybe<a, crate::UnknownType>>> actStr=purust_core::Func2<purust_core::Func2<crate::UnknownType, a, crate::UnknownType>, std::rc::Rc<Purs_Data_Maybe::Maybe<a>>, std::rc::Rc<Purs_Data_Maybe::Maybe<crate::UnknownType>>>
BindingGroup: Data_FunctorWithIndex_functorWithIndexIdentity type: Other vars: a
BOXUNBOX EQUAL ARITY: expStr=purust_core::Func2<purust_core::Func2<crate::UnknownType, a, crate::UnknownType>, crate::UnknownType, crate::UnknownType> actStr=purust_core::Func2<purust_core::Func2<crate::UnknownType, a, crate::UnknownType>, a, crate::UnknownType>
BindingGroup: Data_FunctorWithIndex_functorWithIndexLast type: Other vars: a
BOXUNBOX EQUAL ARITY: expStr=purust_core::Func2<purust_core::Func2<crate::UnknownType, a, crate::UnknownType>, std::rc::Rc<Purs_Data_Maybe::Maybe<a, a>>, std::rc::Rc<Purs_Data_Maybe::Maybe<a, crate::UnknownType>>> actStr=purust_core::Func2<purust_core::Func2<crate::UnknownType, a, crate::UnknownType>, std::rc::Rc<Purs_Data_Maybe::Maybe<a>>, std::rc::Rc<Purs_Data_Maybe::Maybe<crate::UnknownType>>>
BindingGroup: Data_FunctorWithIndex_functorWithIndexMaybe type: Other vars: 
BindingGroup: Data_FunctorWithIndex_functorWithIndexMultiplicative type: Other vars: a
BOXUNBOX EQUAL ARITY: expStr=purust_core::Func2<purust_core::Func2<crate::UnknownType, a, crate::UnknownType>, crate::UnknownType, crate::UnknownType> actStr=purust_core::Func2<purust_core::Func2<crate::UnknownType, a, crate::UnknownType>, a, crate::UnknownType>
BindingGroup: Data_FunctorWithIndex_functorWithIndexProduct type: ConstrainedType(Other) vars: a, b, f, g
FUNCTION Data_FunctorWithIndex_functorWithIndexProduct args: 2 extracted: Just
BindingGroup: Data_FunctorWithIndex_functorWithIndexTuple type: Other vars: a
BindingGroup: Data_FunctorWithIndex_mapDefault type: ConstrainedType(Func) vars: a, b, f, i
BOXUNBOX EQUAL ARITY: expStr=purust_core::Func2<i, a, b> actStr=purust_core::Func2<crate::UnknownType, a, b>
FUNCTION Data_FunctorWithIndex_mapDefault args: 3 extracted: Nothing
BindingGroup: Data_FunctorWithIndex_mapWithIndex type: ForAll(ConstrainedType(Func)) vars: 
FUNCTION Data_FunctorWithIndex_mapWithIndex args: 3 extracted: Nothing
findFfiFile [Data.FunctorWithIndex] -> null
Found FFI for Data.FunctorWithIndex at: Nothing
Found FFI for Data.FunctorWithIndex at: Nothing
genFallback mapWithIndexArray args: ["mut a0: purust_core::Func2<i64, a, b>","mut a1: crate::UnknownType"]
BindingGroup: Data_FoldableWithIndex_foldMapWithIndexDefaultR type: ConstrainedType(Func) vars: a, f, i, m
BOXUNBOX EQUAL ARITY: expStr=purust_core::Func3<i, a, crate::UnknownType, crate::UnknownType> actStr=purust_core::Func3<i, a, m, m>
BOXUNBOX EQUAL ARITY: expStr=purust_core::Func1<crate::UnknownType, m> actStr=purust_core::Func1<crate::UnknownType, crate::UnknownType>
FUNCTION Data_FoldableWithIndex_foldMapWithIndexDefaultR args: 4 extracted: Nothing
BindingGroup: Data_FoldableWithIndex_foldWithIndexM type: ConstrainedType(Func) vars: a, b, f, i, m
UNSAFE_COERCE GENERATED: expStr=b actStr=a expTy=TypeVar(b) actTy=TypeVar(a)
BOXUNBOX EQUAL ARITY: expStr=purust_core::Func3<i, b, a, b> actStr=purust_core::Func3<i, crate::UnknownType, b, crate::UnknownType>
BOXUNBOX EQUAL ARITY: expStr=purust_core::Func1<crate::UnknownType, crate::UnknownType> actStr=purust_core::Func1<crate::UnknownType, b>
FUNCTION Data_FoldableWithIndex_foldWithIndexM args: 5 extracted: Nothing
BindingGroup: Data_FoldableWithIndex_foldableWithIndexAdditive type: Other vars: a
BOXUNBOX EQUAL ARITY: expStr=purust_core::Func3<purust_core::Func3<crate::UnknownType, a, crate::UnknownType, crate::UnknownType>, crate::UnknownType, crate::UnknownType, crate::UnknownType> actStr=purust_core::Func3<purust_core::Func3<crate::UnknownType, a, crate::UnknownType, crate::UnknownType>, crate::UnknownType, a, crate::UnknownType>
BOXUNBOX EQUAL ARITY: expStr=purust_core::Func3<purust_core::Func3<crate::UnknownType, crate::UnknownType, a, crate::UnknownType>, crate::UnknownType, crate::UnknownType, crate::UnknownType> actStr=purust_core::Func3<purust_core::Func3<crate::UnknownType, crate::UnknownType, a, crate::UnknownType>, crate::UnknownType, a, crate::UnknownType>
BOXUNBOX EQUAL ARITY: expStr=purust_core::Func3<std::rc::Rc<Purs_Data_Monoid::Monoid<crate::UnknownType>>, purust_core::Func2<crate::UnknownType, a, crate::UnknownType>, crate::UnknownType, crate::UnknownType> actStr=purust_core::Func3<std::rc::Rc<Purs_Data_Monoid::Monoid<crate::UnknownType>>, purust_core::Func2<crate::UnknownType, a, crate::UnknownType>, a, crate::UnknownType>
BindingGroup: Data_FoldableWithIndex_foldableWithIndexConj type: Other vars: a
BOXUNBOX EQUAL ARITY: expStr=purust_core::Func3<purust_core::Func3<crate::UnknownType, a, crate::UnknownType, crate::UnknownType>, crate::UnknownType, crate::UnknownType, crate::UnknownType> actStr=purust_core::Func3<purust_core::Func3<crate::UnknownType, a, crate::UnknownType, crate::UnknownType>, crate::UnknownType, a, crate::UnknownType>
BOXUNBOX EQUAL ARITY: expStr=purust_core::Func3<purust_core::Func3<crate::UnknownType, crate::UnknownType, a, crate::UnknownType>, crate::UnknownType, crate::UnknownType, crate::UnknownType> actStr=purust_core::Func3<purust_core::Func3<crate::UnknownType, crate::UnknownType, a, crate::UnknownType>, crate::UnknownType, a, crate::UnknownType>
BOXUNBOX EQUAL ARITY: expStr=purust_core::Func3<std::rc::Rc<Purs_Data_Monoid::Monoid<crate::UnknownType>>, purust_core::Func2<crate::UnknownType, a, crate::UnknownType>, crate::UnknownType, crate::UnknownType> actStr=purust_core::Func3<std::rc::Rc<Purs_Data_Monoid::Monoid<crate::UnknownType>>, purust_core::Func2<crate::UnknownType, a, crate::UnknownType>, a, crate::UnknownType>
BindingGroup: Data_FoldableWithIndex_foldableWithIndexConst type: Other vars: a
BindingGroup: Data_FoldableWithIndex_foldableWithIndexDisj type: Other vars: a
BOXUNBOX EQUAL ARITY: expStr=purust_core::Func3<purust_core::Func3<crate::UnknownType, a, crate::UnknownType, crate::UnknownType>, crate::UnknownType, crate::UnknownType, crate::UnknownType> actStr=purust_core::Func3<purust_core::Func3<crate::UnknownType, a, crate::UnknownType, crate::UnknownType>, crate::UnknownType, a, crate::UnknownType>
BOXUNBOX EQUAL ARITY: expStr=purust_core::Func3<purust_core::Func3<crate::UnknownType, crate::UnknownType, a, crate::UnknownType>, crate::UnknownType, crate::UnknownType, crate::UnknownType> actStr=purust_core::Func3<purust_core::Func3<crate::UnknownType, crate::UnknownType, a, crate::UnknownType>, crate::UnknownType, a, crate::UnknownType>
BOXUNBOX EQUAL ARITY: expStr=purust_core::Func3<std::rc::Rc<Purs_Data_Monoid::Monoid<crate::UnknownType>>, purust_core::Func2<crate::UnknownType, a, crate::UnknownType>, crate::UnknownType, crate::UnknownType> actStr=purust_core::Func3<std::rc::Rc<Purs_Data_Monoid::Monoid<crate::UnknownType>>, purust_core::Func2<crate::UnknownType, a, crate::UnknownType>, a, crate::UnknownType>
BindingGroup: Data_FoldableWithIndex_foldableWithIndexDual type: Other vars: a
BOXUNBOX EQUAL ARITY: expStr=purust_core::Func3<purust_core::Func3<crate::UnknownType, a, crate::UnknownType, crate::UnknownType>, crate::UnknownType, crate::UnknownType, crate::UnknownType> actStr=purust_core::Func3<purust_core::Func3<crate::UnknownType, a, crate::UnknownType, crate::UnknownType>, crate::UnknownType, a, crate::UnknownType>
BOXUNBOX EQUAL ARITY: expStr=purust_core::Func3<purust_core::Func3<crate::UnknownType, crate::UnknownType, a, crate::UnknownType>, crate::UnknownType, crate::UnknownType, crate::UnknownType> actStr=purust_core::Func3<purust_core::Func3<crate::UnknownType, crate::UnknownType, a, crate::UnknownType>, crate::UnknownType, a, crate::UnknownType>
BOXUNBOX EQUAL ARITY: expStr=purust_core::Func3<std::rc::Rc<Purs_Data_Monoid::Monoid<crate::UnknownType>>, purust_core::Func2<crate::UnknownType, a, crate::UnknownType>, crate::UnknownType, crate::UnknownType> actStr=purust_core::Func3<std::rc::Rc<Purs_Data_Monoid::Monoid<crate::UnknownType>>, purust_core::Func2<crate::UnknownType, a, crate::UnknownType>, a, crate::UnknownType>
BindingGroup: Data_FoldableWithIndex_foldableWithIndexEither type: Other vars: a
BindingGroup: Data_FoldableWithIndex_foldableWithIndexFirst type: Other vars: a
BOXUNBOX EQUAL ARITY: expStr=purust_core::Func3<purust_core::Func3<crate::UnknownType, a, crate::UnknownType, crate::UnknownType>, crate::UnknownType, std::rc::Rc<Purs_Data_Maybe::Maybe<a, a>>, crate::UnknownType> actStr=purust_core::Func3<purust_core::Func3<crate::UnknownType, a, crate::UnknownType, crate::UnknownType>, crate::UnknownType, std::rc::Rc<Purs_Data_Maybe::Maybe<a>>, crate::UnknownType>
BOXUNBOX EQUAL ARITY: expStr=purust_core::Func3<purust_core::Func3<crate::UnknownType, crate::UnknownType, a, crate::UnknownType>, crate::UnknownType, std::rc::Rc<Purs_Data_Maybe::Maybe<a, a>>, crate::UnknownType> actStr=purust_core::Func3<purust_core::Func3<crate::UnknownType, crate::UnknownType, a, crate::UnknownType>, crate::UnknownType, std::rc::Rc<Purs_Data_Maybe::Maybe<a>>, crate::UnknownType>
BOXUNBOX EQUAL ARITY: expStr=purust_core::Func3<std::rc::Rc<Purs_Data_Monoid::Monoid<crate::UnknownType>>, purust_core::Func2<crate::UnknownType, a, crate::UnknownType>, std::rc::Rc<Purs_Data_Maybe::Maybe<a, a>>, crate::UnknownType> actStr=purust_core::Func3<std::rc::Rc<Purs_Data_Monoid::Monoid<crate::UnknownType>>, purust_core::Func2<crate::UnknownType, a, crate::UnknownType>, std::rc::Rc<Purs_Data_Maybe::Maybe<a>>, crate::UnknownType>
BindingGroup: Data_FoldableWithIndex_foldableWithIndexIdentity type: Other vars: a
BOXUNBOX EQUAL ARITY: expStr=purust_core::Func3<purust_core::Func3<crate::UnknownType, a, crate::UnknownType, crate::UnknownType>, crate::UnknownType, crate::UnknownType, crate::UnknownType> actStr=purust_core::Func3<purust_core::Func3<crate::UnknownType, a, crate::UnknownType, crate::UnknownType>, crate::UnknownType, a, crate::UnknownType>
BOXUNBOX EQUAL ARITY: expStr=purust_core::Func3<purust_core::Func3<crate::UnknownType, crate::UnknownType, a, crate::UnknownType>, crate::UnknownType, crate::UnknownType, crate::UnknownType> actStr=purust_core::Func3<purust_core::Func3<crate::UnknownType, crate::UnknownType, a, crate::UnknownType>, crate::UnknownType, a, crate::UnknownType>
BOXUNBOX EQUAL ARITY: expStr=purust_core::Func3<std::rc::Rc<Purs_Data_Monoid::Monoid<crate::UnknownType>>, purust_core::Func2<crate::UnknownType, a, crate::UnknownType>, crate::UnknownType, crate::UnknownType> actStr=purust_core::Func3<std::rc::Rc<Purs_Data_Monoid::Monoid<crate::UnknownType>>, purust_core::Func2<crate::UnknownType, a, crate::UnknownType>, a, crate::UnknownType>
BindingGroup: Data_FoldableWithIndex_foldableWithIndexLast type: Other vars: a
BOXUNBOX EQUAL ARITY: expStr=purust_core::Func3<purust_core::Func3<crate::UnknownType, a, crate::UnknownType, crate::UnknownType>, crate::UnknownType, std::rc::Rc<Purs_Data_Maybe::Maybe<a, a>>, crate::UnknownType> actStr=purust_core::Func3<purust_core::Func3<crate::UnknownType, a, crate::UnknownType, crate::UnknownType>, crate::UnknownType, std::rc::Rc<Purs_Data_Maybe::Maybe<a>>, crate::UnknownType>
BOXUNBOX EQUAL ARITY: expStr=purust_core::Func3<purust_core::Func3<crate::UnknownType, crate::UnknownType, a, crate::UnknownType>, crate::UnknownType, std::rc::Rc<Purs_Data_Maybe::Maybe<a, a>>, crate::UnknownType> actStr=purust_core::Func3<purust_core::Func3<crate::UnknownType, crate::UnknownType, a, crate::UnknownType>, crate::UnknownType, std::rc::Rc<Purs_Data_Maybe::Maybe<a>>, crate::UnknownType>
BOXUNBOX EQUAL ARITY: expStr=purust_core::Func3<std::rc::Rc<Purs_Data_Monoid::Monoid<crate::UnknownType>>, purust_core::Func2<crate::UnknownType, a, crate::UnknownType>, std::rc::Rc<Purs_Data_Maybe::Maybe<a, a>>, crate::UnknownType> actStr=purust_core::Func3<std::rc::Rc<Purs_Data_Monoid::Monoid<crate::UnknownType>>, purust_core::Func2<crate::UnknownType, a, crate::UnknownType>, std::rc::Rc<Purs_Data_Maybe::Maybe<a>>, crate::UnknownType>
BindingGroup: Data_FoldableWithIndex_foldableWithIndexMaybe type: Other vars: 
BindingGroup: Data_FoldableWithIndex_foldableWithIndexMultiplicative type: Other vars: a
BOXUNBOX EQUAL ARITY: expStr=purust_core::Func3<purust_core::Func3<crate::UnknownType, a, crate::UnknownType, crate::UnknownType>, crate::UnknownType, crate::UnknownType, crate::UnknownType> actStr=purust_core::Func3<purust_core::Func3<crate::UnknownType, a, crate::UnknownType, crate::UnknownType>, crate::UnknownType, a, crate::UnknownType>
BOXUNBOX EQUAL ARITY: expStr=purust_core::Func3<purust_core::Func3<crate::UnknownType, crate::UnknownType, a, crate::UnknownType>, crate::UnknownType, crate::UnknownType, crate::UnknownType> actStr=purust_core::Func3<purust_core::Func3<crate::UnknownType, crate::UnknownType, a, crate::UnknownType>, crate::UnknownType, a, crate::UnknownType>
BOXUNBOX EQUAL ARITY: expStr=purust_core::Func3<std::rc::Rc<Purs_Data_Monoid::Monoid<crate::UnknownType>>, purust_core::Func2<crate::UnknownType, a, crate::UnknownType>, crate::UnknownType, crate::UnknownType> actStr=purust_core::Func3<std::rc::Rc<Purs_Data_Monoid::Monoid<crate::UnknownType>>, purust_core::Func2<crate::UnknownType, a, crate::UnknownType>, a, crate::UnknownType>
BindingGroup: Data_FoldableWithIndex_foldableWithIndexTuple type: Other vars: a
BindingGroup: Data_FoldableWithIndex_foldlDefault type: ConstrainedType(Func) vars: a, b, f, i
BOXUNBOX EQUAL ARITY: expStr=purust_core::Func3<i, b, a, b> actStr=purust_core::Func3<crate::UnknownType, b, a, b>
FUNCTION Data_FoldableWithIndex_foldlDefault args: 4 extracted: Nothing
BindingGroup: Data_FoldableWithIndex_foldlWithIndex type: ForAll(ConstrainedType(Func)) vars: 
FUNCTION Data_FoldableWithIndex_foldlWithIndex args: 4 extracted: Nothing
BindingGroup: Data_FoldableWithIndex_foldrDefault type: ConstrainedType(Func) vars: a, b, f, i
BOXUNBOX EQUAL ARITY: expStr=purust_core::Func3<i, a, b, b> actStr=purust_core::Func3<crate::UnknownType, a, b, b>
FUNCTION Data_FoldableWithIndex_foldrDefault args: 4 extracted: Nothing
BindingGroup: Data_FoldableWithIndex_forWithIndex_ type: ConstrainedType(Func) vars: a, b, f, i, m
FUNCTION Data_FoldableWithIndex_forWithIndex_ args: 4 extracted: Just
BindingGroup: Data_FoldableWithIndex_traverseWithIndex_ type: ConstrainedType(Func) vars: a, b, f, i, m
BOXUNBOX FUNC: expStr=purust_core::Func1<a, b> actStr=purust_core::Func2<a, b, b>
UNSAFE_COERCE GENERATED: expStr=b actStr=a expTy=TypeVar(b) actTy=TypeVar(a)
UNSAFE_COERCE GENERATED: expStr=a actStr=b expTy=TypeVar(a) actTy=TypeVar(b)
BOXUNBOX EQUAL ARITY: expStr=purust_core::Func3<i, a, b, b> actStr=purust_core::Func3<i, a, crate::UnknownType, crate::UnknownType>
BOXUNBOX EQUAL ARITY: expStr=purust_core::Func1<crate::UnknownType, crate::UnknownType> actStr=purust_core::Func1<crate::UnknownType, b>
FUNCTION Data_FoldableWithIndex_traverseWithIndex_ args: 4 extracted: Nothing
BindingGroup: Data_FoldableWithIndex_foldrWithIndex type: ForAll(ConstrainedType(Func)) vars: 
FUNCTION Data_FoldableWithIndex_foldrWithIndex args: 4 extracted: Nothing
BindingGroup: Data_FoldableWithIndex_foldableWithIndexArray type: Other vars: 
BOXUNBOX EQUAL ARITY: expStr=purust_core::Func2<crate::UnknownType, crate::UnknownType, crate::UnknownType> actStr=purust_core::Func2<std::rc::Rc<Purs_Data_Tuple::Tuple<i64, crate::UnknownType>>, crate::UnknownType, crate::UnknownType>
BOXUNBOX EQUAL ARITY: expStr=purust_core::Func2<i64, crate::UnknownType, std::rc::Rc<Purs_Data_Tuple::Tuple<i64, crate::UnknownType>>> actStr=purust_core::Func2<i64, crate::UnknownType, std::rc::Rc<Purs_Data_Tuple::Tuple<crate::UnknownType, crate::UnknownType>>>
BOXUNBOX EQUAL ARITY: expStr=purust_core::Func2<i64, crate::UnknownType, crate::UnknownType> actStr=purust_core::Func2<i64, crate::UnknownType, std::rc::Rc<Purs_Data_Tuple::Tuple<i64, crate::UnknownType>>>
BOXUNBOX EQUAL ARITY: expStr=purust_core::Func2<crate::UnknownType, crate::UnknownType, crate::UnknownType> actStr=purust_core::Func2<crate::UnknownType, std::rc::Rc<Purs_Data_Tuple::Tuple<i64, crate::UnknownType>>, crate::UnknownType>
BOXUNBOX EQUAL ARITY: expStr=purust_core::Func2<i64, crate::UnknownType, std::rc::Rc<Purs_Data_Tuple::Tuple<i64, crate::UnknownType>>> actStr=purust_core::Func2<i64, crate::UnknownType, std::rc::Rc<Purs_Data_Tuple::Tuple<crate::UnknownType, crate::UnknownType>>>
BOXUNBOX EQUAL ARITY: expStr=purust_core::Func2<i64, crate::UnknownType, crate::UnknownType> actStr=purust_core::Func2<i64, crate::UnknownType, std::rc::Rc<Purs_Data_Tuple::Tuple<i64, crate::UnknownType>>>
BOXUNBOX EQUAL ARITY: expStr=purust_core::Func3<i64, crate::UnknownType, crate::UnknownType, crate::UnknownType> actStr=purust_core::Func3<crate::UnknownType, crate::UnknownType, crate::UnknownType, crate::UnknownType>
BOXUNBOX EQUAL ARITY: expStr=purust_core::Func2<crate::UnknownType, crate::UnknownType, crate::UnknownType> actStr=purust_core::Func2<i64, crate::UnknownType, crate::UnknownType>
BOXUNBOX EQUAL ARITY: expStr=purust_core::Func2<purust_core::Func2<i64, crate::UnknownType, crate::UnknownType>, crate::UnknownType, crate::UnknownType> actStr=purust_core::Func2<purust_core::Func2<crate::UnknownType, crate::UnknownType, crate::UnknownType>, crate::UnknownType, crate::UnknownType>
BindingGroup: Data_FoldableWithIndex_allWithIndex type: ConstrainedType(Func) vars: a, b, f, i
UNSAFE_COERCE GENERATED: expStr=b actStr=a expTy=TypeVar(b) actTy=TypeVar(a)
UNSAFE_COERCE GENERATED: expStr=b actStr=a expTy=TypeVar(b) actTy=TypeVar(a)
UNSAFE_COERCE GENERATED: expStr=a actStr=b expTy=TypeVar(a) actTy=TypeVar(b)
UNSAFE_COERCE GENERATED: expStr=a actStr=b expTy=TypeVar(a) actTy=TypeVar(b)
UNSAFE_COERCE GENERATED: expStr=b actStr=a expTy=TypeVar(b) actTy=TypeVar(a)
UNSAFE_COERCE GENERATED: expStr=a actStr=b expTy=TypeVar(a) actTy=TypeVar(b)
BOXUNBOX EQUAL ARITY: expStr=purust_core::Func2<i, a, crate::UnknownType> actStr=purust_core::Func2<i, a, b>
FUNCTION Data_FoldableWithIndex_allWithIndex args: 4 extracted: Just
BindingGroup: Data_FoldableWithIndex_anyWithIndex type: ConstrainedType(Func) vars: a, b, f, i
UNSAFE_COERCE GENERATED: expStr=b actStr=a expTy=TypeVar(b) actTy=TypeVar(a)
UNSAFE_COERCE GENERATED: expStr=b actStr=a expTy=TypeVar(b) actTy=TypeVar(a)
UNSAFE_COERCE GENERATED: expStr=a actStr=b expTy=TypeVar(a) actTy=TypeVar(b)
UNSAFE_COERCE GENERATED: expStr=a actStr=b expTy=TypeVar(a) actTy=TypeVar(b)
UNSAFE_COERCE GENERATED: expStr=b actStr=a expTy=TypeVar(b) actTy=TypeVar(a)
UNSAFE_COERCE GENERATED: expStr=a actStr=b expTy=TypeVar(a) actTy=TypeVar(b)
BOXUNBOX EQUAL ARITY: expStr=purust_core::Func2<i, a, crate::UnknownType> actStr=purust_core::Func2<i, a, b>
FUNCTION Data_FoldableWithIndex_anyWithIndex args: 4 extracted: Just
BindingGroup: Data_FoldableWithIndex_findMapWithIndex type: ConstrainedType(Func) vars: a, b, f, i
UNSAFE_COERCE GENERATED: expStr=std::rc::Rc<Purs_Data_Maybe::Maybe<b>> actStr=b expTy=Other actTy=TypeVar(b)
UNSAFE_COERCE GENERATED: expStr=b actStr=std::rc::Rc<Purs_Data_Maybe::Maybe<b>> expTy=TypeVar(b) actTy=Other
BOXUNBOX EQUAL ARITY: expStr=purust_core::Func3<i, b, a, b> actStr=purust_core::Func3<i, std::rc::Rc<Purs_Data_Maybe::Maybe<b>>, a, std::rc::Rc<Purs_Data_Maybe::Maybe<b>>>
UNSAFE_COERCE GENERATED: expStr=b actStr=std::rc::Rc<Purs_Data_Maybe::Maybe<b>> expTy=TypeVar(b) actTy=Other
UNSAFE_COERCE GENERATED: expStr=std::rc::Rc<Purs_Data_Maybe::Maybe<b>> actStr=b expTy=Other actTy=TypeVar(b)
BOXUNBOX EQUAL ARITY: expStr=purust_core::Func1<crate::UnknownType, std::rc::Rc<Purs_Data_Maybe::Maybe<b>>> actStr=purust_core::Func1<crate::UnknownType, b>
FUNCTION Data_FoldableWithIndex_findMapWithIndex args: 3 extracted: Nothing
BindingGroup: Data_FoldableWithIndex_findWithIndex type: ConstrainedType(Func) vars: a, f, i
BOXUNBOX EQUAL ARITY: expStr=purust_core::Func3<i, crate::UnknownType, a, crate::UnknownType> actStr=purust_core::Func3<i, std::rc::Rc<Purs_Data_Maybe::Maybe<crate::UnknownType>>, a, std::rc::Rc<Purs_Data_Maybe::Maybe<crate::UnknownType>>>
BOXUNBOX EQUAL ARITY: expStr=purust_core::Func1<crate::UnknownType, std::rc::Rc<Purs_Data_Maybe::Maybe<crate::UnknownType>>> actStr=purust_core::Func1<crate::UnknownType, crate::UnknownType>
FUNCTION Data_FoldableWithIndex_findWithIndex args: 3 extracted: Nothing
BindingGroup: Data_FoldableWithIndex_foldMapDefault type: ConstrainedType(Func) vars: a, f, i, m
BOXUNBOX EQUAL ARITY: expStr=purust_core::Func2<i, a, m> actStr=purust_core::Func2<crate::UnknownType, a, m>
FUNCTION Data_FoldableWithIndex_foldMapDefault args: 4 extracted: Nothing
BindingGroup: Data_FoldableWithIndex_surroundMapWithIndex type: ConstrainedType(Func) vars: a, f, i, m
BOXUNBOX EQUAL ARITY: expStr=purust_core::Func2<i, a, m> actStr=purust_core::Func2<i, a, crate::UnknownType>
FUNCTION Data_FoldableWithIndex_surroundMapWithIndex args: 5 extracted: Just
BindingGroup: Data_FoldableWithIndex_foldrWithIndexDefault type: ConstrainedType(Func) vars: a, b, f, i
UNSAFE_COERCE GENERATED: expStr=b actStr=a expTy=TypeVar(b) actTy=TypeVar(a)
UNSAFE_COERCE GENERATED: expStr=a actStr=b expTy=TypeVar(a) actTy=TypeVar(b)
FUNCTION Data_FoldableWithIndex_foldrWithIndexDefault args: 4 extracted: Just
BindingGroup: Data_FoldableWithIndex_foldlWithIndexDefault type: ConstrainedType(Func) vars: a, b, f, i
UNSAFE_COERCE GENERATED: expStr=b actStr=a expTy=TypeVar(b) actTy=TypeVar(a)
UNSAFE_COERCE GENERATED: expStr=b actStr=a expTy=TypeVar(b) actTy=TypeVar(a)
UNSAFE_COERCE GENERATED: expStr=a actStr=b expTy=TypeVar(a) actTy=TypeVar(b)
FUNCTION Data_FoldableWithIndex_foldlWithIndexDefault args: 4 extracted: Just
BindingGroup: Data_FoldableWithIndex_foldableWithIndexProduct type: ConstrainedType(Other) vars: a, b, f, g
FUNCTION Data_FoldableWithIndex_foldableWithIndexProduct args: 2 extracted: Just
BindingGroup: Data_FoldableWithIndex_foldableWithIndexCoproduct type: ConstrainedType(Other) vars: a, b, f, g
BOXUNBOX EQUAL ARITY: expStr=purust_core::Func1<std::rc::Rc<Purs_Data_Either::Either<crate::UnknownType, crate::UnknownType, f, g, a>>, crate::UnknownType> actStr=purust_core::Func1<std::rc::Rc<Purs_Data_Either::Either<crate::UnknownType, crate::UnknownType, f, g, a>>, b>
FUNCTION Data_FoldableWithIndex_foldableWithIndexCoproduct args: 2 extracted: Just
BindingGroup: Data_FoldableWithIndex_foldableWithIndexCompose type: ConstrainedType(Other) vars: a, b, f, g
UNSAFE_COERCE GENERATED: expStr=b actStr=a expTy=TypeVar(b) actTy=TypeVar(a)
UNSAFE_COERCE GENERATED: expStr=a actStr=b expTy=TypeVar(a) actTy=TypeVar(b)
BOXUNBOX EQUAL ARITY: expStr=purust_core::Func2<crate::UnknownType, b, b> actStr=purust_core::Func2<b, a, crate::UnknownType>
BOXUNBOX EQUAL ARITY: expStr=purust_core::Func2<a, b, b> actStr=purust_core::Func2<crate::UnknownType, b, b>
BOXUNBOX EQUAL ARITY: expStr=purust_core::Func2<b, a, b> actStr=purust_core::Func2<b, crate::UnknownType, b>
BOXUNBOX EQUAL ARITY: expStr=purust_core::Func1<a, crate::UnknownType> actStr=purust_core::Func1<crate::UnknownType, crate::UnknownType>
UNSAFE_COERCE GENERATED: expStr=b actStr=a expTy=TypeVar(b) actTy=TypeVar(a)
UNSAFE_COERCE GENERATED: expStr=a actStr=b expTy=TypeVar(a) actTy=TypeVar(b)
BOXUNBOX EQUAL ARITY: expStr=purust_core::Func2<crate::UnknownType, b, b> actStr=purust_core::Func2<b, a, crate::UnknownType>
BOXUNBOX EQUAL ARITY: expStr=purust_core::Func3<a, a, b, b> actStr=purust_core::Func3<a, crate::UnknownType, b, b>
UNSAFE_COERCE GENERATED: expStr=b actStr=a expTy=TypeVar(b) actTy=TypeVar(a)
UNSAFE_COERCE GENERATED: expStr=a actStr=b expTy=TypeVar(a) actTy=TypeVar(b)
BOXUNBOX EQUAL ARITY: expStr=purust_core::Func3<a, b, a, b> actStr=purust_core::Func3<a, b, crate::UnknownType, b>
UNSAFE_COERCE GENERATED: expStr=b actStr=a expTy=TypeVar(b) actTy=TypeVar(a)
UNSAFE_COERCE GENERATED: expStr=a actStr=b expTy=TypeVar(a) actTy=TypeVar(b)
BOXUNBOX EQUAL ARITY: expStr=purust_core::Func2<a, a, crate::UnknownType> actStr=purust_core::Func2<a, crate::UnknownType, crate::UnknownType>
FUNCTION Data_FoldableWithIndex_foldableWithIndexCompose args: 2 extracted: Just
BindingGroup: Data_FoldableWithIndex_foldableWithIndexApp type: ConstrainedType(Other) vars: a, f
FUNCTION Data_FoldableWithIndex_foldableWithIndexApp args: 1 extracted: Just
BindingGroup: Data_FoldableWithIndex_foldMapWithIndex type: ForAll(ConstrainedType(Func)) vars: 
FUNCTION Data_FoldableWithIndex_foldMapWithIndex args: 4 extracted: Nothing
BindingGroup: Data_FoldableWithIndex_foldMapWithIndexDefaultL type: ConstrainedType(Func) vars: a, f, i, m
BOXUNBOX EQUAL ARITY: expStr=purust_core::Func3<i, crate::UnknownType, a, crate::UnknownType> actStr=purust_core::Func3<i, m, a, m>
BOXUNBOX EQUAL ARITY: expStr=purust_core::Func1<crate::UnknownType, m> actStr=purust_core::Func1<crate::UnknownType, crate::UnknownType>
FUNCTION Data_FoldableWithIndex_foldMapWithIndexDefaultL args: 4 extracted: Nothing
findFfiFile [Data.FoldableWithIndex] -> null
Found FFI for Data.FoldableWithIndex at: Nothing
Found FFI for Data.FoldableWithIndex at: Nothing
BindingGroup: Data_TraversableWithIndex_traversableWithIndexCompose type: ConstrainedType(Other) vars: a, b, f, g
BOXUNBOX EQUAL ARITY: expStr=purust_core::Func1<a, b> actStr=purust_core::Func1<crate::UnknownType, crate::UnknownType>
UNSAFE_COERCE GENERATED: expStr=b actStr=a expTy=TypeVar(b) actTy=TypeVar(a)
UNSAFE_COERCE GENERATED: expStr=a actStr=b expTy=TypeVar(a) actTy=TypeVar(b)
BOXUNBOX EQUAL ARITY: expStr=purust_core::Func2<a, a, b> actStr=purust_core::Func2<a, crate::UnknownType, crate::UnknownType>
UNSAFE_COERCE GENERATED: expStr=b actStr=a expTy=TypeVar(b) actTy=TypeVar(a)
UNSAFE_COERCE GENERATED: expStr=a actStr=b expTy=TypeVar(a) actTy=TypeVar(b)
BOXUNBOX EQUAL ARITY: expStr=purust_core::Func2<a, a, crate::UnknownType> actStr=purust_core::Func2<a, crate::UnknownType, crate::UnknownType>
BOXUNBOX EQUAL ARITY: expStr=purust_core::Func1<a, b> actStr=purust_core::Func1<crate::UnknownType, crate::UnknownType>
FUNCTION Data_TraversableWithIndex_traversableWithIndexCompose args: 2 extracted: Just
BindingGroup: Data_TraversableWithIndex_traversableWithIndexConj type: Other vars: a
BOXUNBOX EQUAL ARITY: expStr=purust_core::Func2<purust_core::Func1<a, crate::UnknownType>, a, crate::UnknownType> actStr=purust_core::Func2<purust_core::Func1<a, crate::UnknownType>, crate::UnknownType, crate::UnknownType>
BOXUNBOX EQUAL ARITY: expStr=purust_core::Func3<std::rc::Rc<Purs_Control_Applicative::Applicative<crate::UnknownType>>, purust_core::Func2<crate::UnknownType, a, crate::UnknownType>, crate::UnknownType, crate::UnknownType> actStr=purust_core::Func3<std::rc::Rc<Purs_Control_Applicative::Applicative<crate::UnknownType>>, purust_core::Func2<crate::UnknownType, a, crate::UnknownType>, a, crate::UnknownType>
BindingGroup: Data_TraversableWithIndex_traversableWithIndexConst type: Other vars: a
BindingGroup: Data_TraversableWithIndex_traversableWithIndexCoproduct type: ConstrainedType(Other) vars: a, b, f, g
UNSAFE_COERCE GENERATED: expStr=b actStr=std::rc::Rc<Purs_Data_Either::Either<crate::UnknownType, crate::UnknownType, f, g, b>> expTy=TypeVar(b) actTy=TypeApp(Other, [...])
BOXUNBOX EQUAL ARITY: expStr=purust_core::Func1<a, b> actStr=purust_core::Func1<crate::UnknownType, std::rc::Rc<Purs_Data_Either::Either<crate::UnknownType, crate::UnknownType, f, g, b>>>
UNSAFE_COERCE GENERATED: expStr=b actStr=std::rc::Rc<Purs_Data_Either::Either<crate::UnknownType, crate::UnknownType, f, g, b>> expTy=TypeVar(b) actTy=TypeApp(Other, [...])
BOXUNBOX EQUAL ARITY: expStr=purust_core::Func1<a, b> actStr=purust_core::Func1<crate::UnknownType, std::rc::Rc<Purs_Data_Either::Either<crate::UnknownType, crate::UnknownType, f, g, b>>>
UNSAFE_COERCE GENERATED: expStr=b actStr=a expTy=TypeVar(b) actTy=TypeVar(a)
BOXUNBOX EQUAL ARITY: expStr=purust_core::Func1<std::rc::Rc<Purs_Data_Either::Either<crate::UnknownType, crate::UnknownType, f, g, a>>, crate::UnknownType> actStr=purust_core::Func1<std::rc::Rc<Purs_Data_Either::Either<crate::UnknownType, crate::UnknownType, f, g, a>>, b>
FUNCTION Data_TraversableWithIndex_traversableWithIndexCoproduct args: 2 extracted: Just
BindingGroup: Data_TraversableWithIndex_traversableWithIndexDisj type: Other vars: a
BOXUNBOX EQUAL ARITY: expStr=purust_core::Func2<purust_core::Func1<a, crate::UnknownType>, a, crate::UnknownType> actStr=purust_core::Func2<purust_core::Func1<a, crate::UnknownType>, crate::UnknownType, crate::UnknownType>
BOXUNBOX EQUAL ARITY: expStr=purust_core::Func3<std::rc::Rc<Purs_Control_Applicative::Applicative<crate::UnknownType>>, purust_core::Func2<crate::UnknownType, a, crate::UnknownType>, crate::UnknownType, crate::UnknownType> actStr=purust_core::Func3<std::rc::Rc<Purs_Control_Applicative::Applicative<crate::UnknownType>>, purust_core::Func2<crate::UnknownType, a, crate::UnknownType>, a, crate::UnknownType>
BindingGroup: Data_TraversableWithIndex_traversableWithIndexDual type: Other vars: a
BOXUNBOX EQUAL ARITY: expStr=purust_core::Func2<purust_core::Func1<a, crate::UnknownType>, a, crate::UnknownType> actStr=purust_core::Func2<purust_core::Func1<a, crate::UnknownType>, crate::UnknownType, crate::UnknownType>
BOXUNBOX EQUAL ARITY: expStr=purust_core::Func3<std::rc::Rc<Purs_Control_Applicative::Applicative<crate::UnknownType>>, purust_core::Func2<crate::UnknownType, a, crate::UnknownType>, crate::UnknownType, crate::UnknownType> actStr=purust_core::Func3<std::rc::Rc<Purs_Control_Applicative::Applicative<crate::UnknownType>>, purust_core::Func2<crate::UnknownType, a, crate::UnknownType>, a, crate::UnknownType>
BindingGroup: Data_TraversableWithIndex_traversableWithIndexEither type: Other vars: a
UNSAFE_COERCE GENERATED: expStr=a actStr=std::rc::Rc<Purs_Data_Either::Either<a, crate::UnknownType>> expTy=TypeVar(a) actTy=Other
BOXUNBOX EQUAL ARITY: expStr=purust_core::Func1<crate::UnknownType, std::rc::Rc<Purs_Data_Either::Either<a, crate::UnknownType>>> actStr=purust_core::Func1<crate::UnknownType, std::rc::Rc<Purs_Data_Either::Either<crate::UnknownType, crate::UnknownType>>>
BOXUNBOX EQUAL ARITY: expStr=purust_core::Func1<a, crate::UnknownType> actStr=purust_core::Func1<crate::UnknownType, std::rc::Rc<Purs_Data_Either::Either<a, crate::UnknownType>>>
BindingGroup: Data_TraversableWithIndex_traversableWithIndexFirst type: Other vars: a
BOXUNBOX EQUAL ARITY: expStr=purust_core::Func2<purust_core::Func1<a, crate::UnknownType>, std::rc::Rc<Purs_Data_Maybe::Maybe<a>>, crate::UnknownType> actStr=purust_core::Func2<purust_core::Func1<a, crate::UnknownType>, std::rc::Rc<Purs_Data_Maybe::Maybe<a, a>>, crate::UnknownType>
BOXUNBOX EQUAL ARITY: expStr=purust_core::Func3<std::rc::Rc<Purs_Control_Applicative::Applicative<crate::UnknownType>>, purust_core::Func2<crate::UnknownType, a, crate::UnknownType>, std::rc::Rc<Purs_Data_Maybe::Maybe<a, a>>, crate::UnknownType> actStr=purust_core::Func3<std::rc::Rc<Purs_Control_Applicative::Applicative<crate::UnknownType>>, purust_core::Func2<crate::UnknownType, a, crate::UnknownType>, std::rc::Rc<Purs_Data_Maybe::Maybe<a>>, crate::UnknownType>
BindingGroup: Data_TraversableWithIndex_traversableWithIndexIdentity type: Other vars: a
BOXUNBOX EQUAL ARITY: expStr=purust_core::Func1<a, crate::UnknownType> actStr=purust_core::Func1<crate::UnknownType, crate::UnknownType>
BOXUNBOX EQUAL ARITY: expStr=purust_core::Func3<std::rc::Rc<Purs_Control_Applicative::Applicative<crate::UnknownType>>, purust_core::Func2<crate::UnknownType, a, crate::UnknownType>, crate::UnknownType, crate::UnknownType> actStr=purust_core::Func3<std::rc::Rc<Purs_Control_Applicative::Applicative<crate::UnknownType>>, purust_core::Func2<crate::UnknownType, a, crate::UnknownType>, a, crate::UnknownType>
BindingGroup: Data_TraversableWithIndex_traversableWithIndexLast type: Other vars: a
BOXUNBOX EQUAL ARITY: expStr=purust_core::Func2<purust_core::Func1<a, crate::UnknownType>, std::rc::Rc<Purs_Data_Maybe::Maybe<a>>, crate::UnknownType> actStr=purust_core::Func2<purust_core::Func1<a, crate::UnknownType>, std::rc::Rc<Purs_Data_Maybe::Maybe<a, a>>, crate::UnknownType>
BOXUNBOX EQUAL ARITY: expStr=purust_core::Func3<std::rc::Rc<Purs_Control_Applicative::Applicative<crate::UnknownType>>, purust_core::Func2<crate::UnknownType, a, crate::UnknownType>, std::rc::Rc<Purs_Data_Maybe::Maybe<a, a>>, crate::UnknownType> actStr=purust_core::Func3<std::rc::Rc<Purs_Control_Applicative::Applicative<crate::UnknownType>>, purust_core::Func2<crate::UnknownType, a, crate::UnknownType>, std::rc::Rc<Purs_Data_Maybe::Maybe<a>>, crate::UnknownType>
BindingGroup: Data_TraversableWithIndex_traversableWithIndexMaybe type: Other vars: 
BindingGroup: Data_TraversableWithIndex_traversableWithIndexMultiplicative type: Other vars: a
BOXUNBOX EQUAL ARITY: expStr=purust_core::Func2<purust_core::Func1<a, crate::UnknownType>, a, crate::UnknownType> actStr=purust_core::Func2<purust_core::Func1<a, crate::UnknownType>, crate::UnknownType, crate::UnknownType>
BOXUNBOX EQUAL ARITY: expStr=purust_core::Func3<std::rc::Rc<Purs_Control_Applicative::Applicative<crate::UnknownType>>, purust_core::Func2<crate::UnknownType, a, crate::UnknownType>, crate::UnknownType, crate::UnknownType> actStr=purust_core::Func3<std::rc::Rc<Purs_Control_Applicative::Applicative<crate::UnknownType>>, purust_core::Func2<crate::UnknownType, a, crate::UnknownType>, a, crate::UnknownType>
BindingGroup: Data_TraversableWithIndex_traversableWithIndexProduct type: ConstrainedType(Other) vars: a, b, f, g
BOXUNBOX EQUAL ARITY: expStr=purust_core::Func2<a, b, crate::UnknownType> actStr=purust_core::Func2<crate::UnknownType, crate::UnknownType, std::rc::Rc<Purs_Data_Tuple::Tuple<crate::UnknownType, crate::UnknownType, f, g, a>>>
BOXUNBOX FUNC: expStr=purust_core::Func1<a, b> actStr=purust_core::Func2<a, b, crate::UnknownType>
FUNCTION Data_TraversableWithIndex_traversableWithIndexProduct args: 2 extracted: Just
BindingGroup: Data_TraversableWithIndex_traversableWithIndexTuple type: Other vars: a
BOXUNBOX EQUAL ARITY: expStr=purust_core::Func1<crate::UnknownType, std::rc::Rc<Purs_Data_Tuple::Tuple<a, crate::UnknownType>>> actStr=purust_core::Func1<crate::UnknownType, std::rc::Rc<Purs_Data_Tuple::Tuple<crate::UnknownType, crate::UnknownType>>>
BOXUNBOX EQUAL ARITY: expStr=purust_core::Func1<a, crate::UnknownType> actStr=purust_core::Func1<crate::UnknownType, std::rc::Rc<Purs_Data_Tuple::Tuple<a, crate::UnknownType>>>
BindingGroup: Data_TraversableWithIndex_traverseDefault type: ConstrainedType(Func) vars: a, b, i, m, t
BOXUNBOX EQUAL ARITY: expStr=purust_core::Func2<i, a, crate::UnknownType> actStr=purust_core::Func2<crate::UnknownType, a, crate::UnknownType>
FUNCTION Data_TraversableWithIndex_traverseDefault args: 4 extracted: Nothing
BindingGroup: Data_TraversableWithIndex_traverseWithIndex type: ForAll(ConstrainedType(Func)) vars: 
FUNCTION Data_TraversableWithIndex_traverseWithIndex args: 4 extracted: Nothing
BindingGroup: Data_TraversableWithIndex_traverseWithIndexDefault type: ConstrainedType(Func) vars: a, b, i, m, t
BOXUNBOX EQUAL ARITY: expStr=purust_core::Func2<i, a, b> actStr=purust_core::Func2<i, a, crate::UnknownType>
FUNCTION Data_TraversableWithIndex_traverseWithIndexDefault args: 4 extracted: Just
BindingGroup: Data_TraversableWithIndex_traversableWithIndexArray type: Other vars: 
BOXUNBOX EQUAL ARITY: expStr=purust_core::Func2<i64, crate::UnknownType, crate::UnknownType> actStr=purust_core::Func2<crate::UnknownType, crate::UnknownType, crate::UnknownType>
BOXUNBOX EQUAL ARITY: expStr=purust_core::Func2<crate::UnknownType, crate::UnknownType, crate::UnknownType> actStr=purust_core::Func2<i64, crate::UnknownType, crate::UnknownType>
BOXUNBOX EQUAL ARITY: expStr=purust_core::Func2<purust_core::Func2<i64, crate::UnknownType, crate::UnknownType>, crate::UnknownType, crate::UnknownType> actStr=purust_core::Func2<purust_core::Func2<crate::UnknownType, crate::UnknownType, crate::UnknownType>, crate::UnknownType, crate::UnknownType>
BindingGroup: Data_TraversableWithIndex_forWithIndex type: ConstrainedType(Func) vars: a, b, i, m, t
FUNCTION Data_TraversableWithIndex_forWithIndex args: 4 extracted: Just
BindingGroup: Data_TraversableWithIndex_scanlWithIndex type: ConstrainedType(Func) vars: a, b, f, i
FUNCTION Data_TraversableWithIndex_scanlWithIndex args: 4 extracted: Just
BindingGroup: Data_TraversableWithIndex_mapAccumLWithIndex type: ConstrainedType(Func) vars: a, f, i, s
BOXUNBOX FUNC: expStr=purust_core::Func2<i, a, crate::UnknownType> actStr=purust_core::Func3<i, a, s, crate::UnknownType>
FUNCTION Data_TraversableWithIndex_mapAccumLWithIndex args: 4 extracted: Just
BindingGroup: Data_TraversableWithIndex_scanrWithIndex type: ConstrainedType(Func) vars: a, b, f, i
FUNCTION Data_TraversableWithIndex_scanrWithIndex args: 4 extracted: Just
BindingGroup: Data_TraversableWithIndex_mapAccumRWithIndex type: ConstrainedType(Func) vars: a, f, i, s
BOXUNBOX FUNC: expStr=purust_core::Func2<i, a, crate::UnknownType> actStr=purust_core::Func3<i, a, s, crate::UnknownType>
FUNCTION Data_TraversableWithIndex_mapAccumRWithIndex args: 4 extracted: Just
BindingGroup: Data_TraversableWithIndex_traversableWithIndexAdditive type: Other vars: a
BOXUNBOX EQUAL ARITY: expStr=purust_core::Func2<purust_core::Func1<a, crate::UnknownType>, a, crate::UnknownType> actStr=purust_core::Func2<purust_core::Func1<a, crate::UnknownType>, crate::UnknownType, crate::UnknownType>
BOXUNBOX EQUAL ARITY: expStr=purust_core::Func3<std::rc::Rc<Purs_Control_Applicative::Applicative<crate::UnknownType>>, purust_core::Func2<crate::UnknownType, a, crate::UnknownType>, crate::UnknownType, crate::UnknownType> actStr=purust_core::Func3<std::rc::Rc<Purs_Control_Applicative::Applicative<crate::UnknownType>>, purust_core::Func2<crate::UnknownType, a, crate::UnknownType>, a, crate::UnknownType>
BindingGroup: Data_TraversableWithIndex_traversableWithIndexApp type: ConstrainedType(Other) vars: a, f
BOXUNBOX EQUAL ARITY: expStr=purust_core::Func1<a, crate::UnknownType> actStr=purust_core::Func1<crate::UnknownType, crate::UnknownType>
FUNCTION Data_TraversableWithIndex_traversableWithIndexApp args: 1 extracted: Just
findFfiFile [Data.TraversableWithIndex] -> null
Found FFI for Data.TraversableWithIndex at: Nothing
Found FFI for Data.TraversableWithIndex at: Nothing
BindingGroup: Data_NonEmpty_ord1NonEmpty type: ConstrainedType(Other) vars: f
FUNCTION Data_NonEmpty_ord1NonEmpty args: 1 extracted: Just
BindingGroup: Data_NonEmpty_eq1NonEmpty type: ConstrainedType(Other) vars: f
FUNCTION Data_NonEmpty_eq1NonEmpty args: 1 extracted: Just
BindingGroup: Data_NonEmpty_ordNonEmpty type: ConstrainedType(Other) vars: a, f
FUNCTION Data_NonEmpty_ordNonEmpty args: 2 extracted: Just
BindingGroup: Data_NonEmpty_eqNonEmpty type: ConstrainedType(Other) vars: a, f
FUNCTION Data_NonEmpty_eqNonEmpty args: 2 extracted: Just
BindingGroup: Data_NonEmpty_foldl1 type: ConstrainedType(Func) vars: a, f
BOXUNBOX EQUAL ARITY: expStr=purust_core::Func2<crate::UnknownType, a, crate::UnknownType> actStr=purust_core::Func2<a, a, a>
FUNCTION Data_NonEmpty_foldl1 args: 3 extracted: Just
BindingGroup: Data_NonEmpty_foldable1NonEmpty type: ConstrainedType(Other) vars: f
BOXUNBOX EQUAL ARITY: expStr=purust_core::Func2<crate::UnknownType, crate::UnknownType, crate::UnknownType> actStr=purust_core::Func2<crate::UnknownType, std::rc::Rc<Purs_Data_Maybe::Maybe<crate::UnknownType>>, std::rc::Rc<Purs_Data_Maybe::Maybe<crate::UnknownType>>>
FUNCTION Data_NonEmpty_foldable1NonEmpty args: 1 extracted: Just
BindingGroup: Data_NonEmpty_traversableWithIndexNonEmpty type: ConstrainedType(Other) vars: f, i
BOXUNBOX EQUAL ARITY: expStr=purust_core::Func2<crate::UnknownType, crate::UnknownType, std::rc::Rc<crate::NonEmpty<f, crate::UnknownType>>> actStr=purust_core::Func2<crate::UnknownType, crate::UnknownType, std::rc::Rc<crate::NonEmpty<crate::UnknownType, crate::UnknownType>>>
BOXUNBOX FUNC: expStr=purust_core::Func1<crate::UnknownType, crate::UnknownType> actStr=purust_core::Func2<crate::UnknownType, crate::UnknownType, std::rc::Rc<crate::NonEmpty<f, crate::UnknownType>>>
BOXUNBOX EQUAL ARITY: expStr=purust_core::Func2<crate::UnknownType, crate::UnknownType, std::rc::Rc<crate::NonEmpty<f, crate::UnknownType>>> actStr=purust_core::Func2<crate::UnknownType, crate::UnknownType, std::rc::Rc<crate::NonEmpty<crate::UnknownType, crate::UnknownType>>>
BOXUNBOX FUNC: expStr=purust_core::Func1<crate::UnknownType, crate::UnknownType> actStr=purust_core::Func2<crate::UnknownType, crate::UnknownType, std::rc::Rc<crate::NonEmpty<f, crate::UnknownType>>>
BOXUNBOX EQUAL ARITY: expStr=purust_core::Func2<crate::UnknownType, crate::UnknownType, std::rc::Rc<crate::NonEmpty<f, crate::UnknownType>>> actStr=purust_core::Func2<crate::UnknownType, crate::UnknownType, std::rc::Rc<crate::NonEmpty<crate::UnknownType, crate::UnknownType>>>
BOXUNBOX FUNC: expStr=purust_core::Func1<crate::UnknownType, crate::UnknownType> actStr=purust_core::Func2<crate::UnknownType, crate::UnknownType, std::rc::Rc<crate::NonEmpty<f, crate::UnknownType>>>
FUNCTION Data_NonEmpty_traversableWithIndexNonEmpty args: 1 extracted: Just
BindingGroup: Data_NonEmpty_traversableNonEmpty type: ConstrainedType(Other) vars: f
BOXUNBOX EQUAL ARITY: expStr=purust_core::Func2<crate::UnknownType, crate::UnknownType, std::rc::Rc<crate::NonEmpty<f, crate::UnknownType>>> actStr=purust_core::Func2<crate::UnknownType, crate::UnknownType, std::rc::Rc<crate::NonEmpty<crate::UnknownType, crate::UnknownType>>>
BOXUNBOX FUNC: expStr=purust_core::Func1<crate::UnknownType, crate::UnknownType> actStr=purust_core::Func2<crate::UnknownType, crate::UnknownType, std::rc::Rc<crate::NonEmpty<f, crate::UnknownType>>>
BOXUNBOX EQUAL ARITY: expStr=purust_core::Func2<crate::UnknownType, crate::UnknownType, std::rc::Rc<crate::NonEmpty<f, crate::UnknownType>>> actStr=purust_core::Func2<crate::UnknownType, crate::UnknownType, std::rc::Rc<crate::NonEmpty<crate::UnknownType, crate::UnknownType>>>
BOXUNBOX FUNC: expStr=purust_core::Func1<crate::UnknownType, crate::UnknownType> actStr=purust_core::Func2<crate::UnknownType, crate::UnknownType, std::rc::Rc<crate::NonEmpty<f, crate::UnknownType>>>
FUNCTION Data_NonEmpty_traversableNonEmpty args: 1 extracted: Just
BindingGroup: Data_NonEmpty_foldableWithIndexNonEmpty type: ConstrainedType(Other) vars: f, i
FUNCTION Data_NonEmpty_foldableWithIndexNonEmpty args: 1 extracted: Just
BindingGroup: Data_NonEmpty_foldableNonEmpty type: ConstrainedType(Other) vars: f
FUNCTION Data_NonEmpty_foldableNonEmpty args: 1 extracted: Just
BindingGroup: Data_NonEmpty_fromNonEmpty type: Func vars: a, f, r
FUNCTION Data_NonEmpty_fromNonEmpty args: 2 extracted: Just
BindingGroup: Data_NonEmpty_functorWithIndex type: ConstrainedType(Other) vars: f, i
FUNCTION Data_NonEmpty_functorWithIndex args: 1 extracted: Just
BindingGroup: Data_NonEmpty_functorNonEmpty type: ConstrainedType(Other) vars: f
FUNCTION Data_NonEmpty_functorNonEmpty args: 1 extracted: Just
BindingGroup: Data_NonEmpty_head type: Func vars: a, f
FUNCTION Data_NonEmpty_head args: 1 extracted: Just
BindingGroup: Data_NonEmpty_oneOf type: ConstrainedType(Func) vars: a, f
FUNCTION Data_NonEmpty_oneOf args: 2 extracted: Just
BindingGroup: Data_NonEmpty_semigroupNonEmpty type: ConstrainedType(Other) vars: a, f
FUNCTION Data_NonEmpty_semigroupNonEmpty args: 2 extracted: Just
BindingGroup: Data_NonEmpty_showNonEmpty type: ConstrainedType(Other) vars: a, f
FUNCTION Data_NonEmpty_showNonEmpty args: 2 extracted: Just
BindingGroup: Data_NonEmpty_singleton type: ConstrainedType(Func) vars: a, f
FUNCTION Data_NonEmpty_singleton args: 2 extracted: Just
BindingGroup: Data_NonEmpty_tail type: Func vars: a, f
FUNCTION Data_NonEmpty_tail args: 1 extracted: Just
BindingGroup: Data_NonEmpty_unfoldable1NonEmpty type: ConstrainedType(Other) vars: f
BOXUNBOX EQUAL ARITY: expStr=purust_core::Func1<crate::UnknownType, std::rc::Rc<Purs_Data_Maybe::Maybe<std::rc::Rc<Purs_Data_Tuple::Tuple<crate::UnknownType, crate::UnknownType>>>>> actStr=purust_core::Func1<std::rc::Rc<Purs_Data_Maybe::Maybe<crate::UnknownType>>, std::rc::Rc<Purs_Data_Maybe::Maybe<std::rc::Rc<Purs_Data_Tuple::Tuple<crate::UnknownType, std::rc::Rc<Purs_Data_Maybe::Maybe<crate::UnknownType>>>>>>>
FUNCTION Data_NonEmpty_unfoldable1NonEmpty args: 1 extracted: Just
BindingGroup: Data_NonEmpty_NonEmpty type: Func vars: a, f
FUNCTION Data_NonEmpty_NonEmpty args: 2 extracted: Nothing
findFfiFile [Data.NonEmpty] -> null
Found FFI for Data.NonEmpty at: Nothing
Found FFI for Data.NonEmpty at: Nothing
BindingGroup: Control_Monad_Gen_Common_genEither type: ConstrainedType(Func) vars: a, b, m
FUNCTION Control_Monad_Gen_Common_genEither args: 3 extracted: Nothing
BindingGroup: Control_Monad_Gen_Common_genEither_prime type: ConstrainedType(Func) vars: a, b, m
BOXUNBOX EQUAL ARITY: expStr=purust_core::Func1<b, std::rc::Rc<Purs_Data_Either::Either<a, b>>> actStr=purust_core::Func1<b, std::rc::Rc<Purs_Data_Either::Either<crate::UnknownType, crate::UnknownType>>>
UNSAFE_COERCE GENERATED: expStr=b actStr=a expTy=TypeVar(b) actTy=TypeVar(a)
UNSAFE_COERCE GENERATED: expStr=b actStr=std::rc::Rc<Purs_Data_Either::Either<a, b>> expTy=TypeVar(b) actTy=Other
BOXUNBOX EQUAL ARITY: expStr=purust_core::Func1<a, b> actStr=purust_core::Func1<b, std::rc::Rc<Purs_Data_Either::Either<a, b>>>
BOXUNBOX EQUAL ARITY: expStr=purust_core::Func1<a, std::rc::Rc<Purs_Data_Either::Either<a, b>>> actStr=purust_core::Func1<a, std::rc::Rc<Purs_Data_Either::Either<crate::UnknownType, crate::UnknownType>>>
UNSAFE_COERCE GENERATED: expStr=b actStr=std::rc::Rc<Purs_Data_Either::Either<a, b>> expTy=TypeVar(b) actTy=Other
BOXUNBOX EQUAL ARITY: expStr=purust_core::Func1<a, b> actStr=purust_core::Func1<a, std::rc::Rc<Purs_Data_Either::Either<a, b>>>
BOXUNBOX EQUAL ARITY: expStr=purust_core::Func1<a, crate::UnknownType> actStr=purust_core::Func1<f64, crate::UnknownType>
FUNCTION Control_Monad_Gen_Common_genEither_prime args: 4 extracted: Just
BindingGroup: Control_Monad_Gen_Common_genIdentity type: ConstrainedType(Func) vars: a, m
BOXUNBOX EQUAL ARITY: expStr=purust_core::Func1<a, a> actStr=purust_core::Func1<crate::UnknownType, crate::UnknownType>
BOXUNBOX EQUAL ARITY: expStr=purust_core::Func1<a, crate::UnknownType> actStr=purust_core::Func1<a, a>
FUNCTION Control_Monad_Gen_Common_genIdentity args: 2 extracted: Nothing
BindingGroup: Control_Monad_Gen_Common_genMaybe type: ConstrainedType(Func) vars: a, m
FUNCTION Control_Monad_Gen_Common_genMaybe args: 2 extracted: Nothing
BindingGroup: Control_Monad_Gen_Common_genMaybe_prime type: ConstrainedType(Func) vars: a, m
UNSAFE_COERCE GENERATED: expStr=a actStr=std::rc::Rc<Purs_Data_Maybe::Maybe<a>> expTy=TypeVar(a) actTy=Other
BOXUNBOX EQUAL ARITY: expStr=purust_core::Func1<a, std::rc::Rc<Purs_Data_Maybe::Maybe<a>>> actStr=purust_core::Func1<a, std::rc::Rc<Purs_Data_Maybe::Maybe<crate::UnknownType>>>
BOXUNBOX EQUAL ARITY: expStr=purust_core::Func1<a, crate::UnknownType> actStr=purust_core::Func1<a, std::rc::Rc<Purs_Data_Maybe::Maybe<a>>>
BOXUNBOX EQUAL ARITY: expStr=purust_core::Func1<a, crate::UnknownType> actStr=purust_core::Func1<f64, crate::UnknownType>
FUNCTION Control_Monad_Gen_Common_genMaybe_prime args: 3 extracted: Just
BindingGroup: Control_Monad_Gen_Common_genNonEmpty type: ConstrainedType(Func) vars: a, f, m
BOXUNBOX EQUAL ARITY: expStr=purust_core::Func2<a, crate::UnknownType, std::rc::Rc<Purs_Data_NonEmpty::NonEmpty<f, a>>> actStr=purust_core::Func2<a, crate::UnknownType, std::rc::Rc<Purs_Data_NonEmpty::NonEmpty<crate::UnknownType, crate::UnknownType>>>
BOXUNBOX FUNC: expStr=purust_core::Func1<a, crate::UnknownType> actStr=purust_core::Func2<a, crate::UnknownType, std::rc::Rc<Purs_Data_NonEmpty::NonEmpty<f, a>>>
BOXUNBOX EQUAL ARITY: expStr=purust_core::Func1<crate::UnknownType, crate::UnknownType> actStr=purust_core::Func1<i64, i64>
FUNCTION Control_Monad_Gen_Common_genNonEmpty args: 4 extracted: Just
BindingGroup: Control_Monad_Gen_Common_genTuple type: ConstrainedType(Func) vars: a, b, m
BOXUNBOX EQUAL ARITY: expStr=purust_core::Func2<a, b, crate::UnknownType> actStr=purust_core::Func2<a, b, std::rc::Rc<Purs_Data_Tuple::Tuple<crate::UnknownType, crate::UnknownType>>>
BOXUNBOX FUNC: expStr=purust_core::Func1<a, b> actStr=purust_core::Func2<a, b, crate::UnknownType>
FUNCTION Control_Monad_Gen_Common_genTuple args: 3 extracted: Just
findFfiFile [Control.Monad.Gen.Common] -> null
Found FFI for Control.Monad.Gen.Common at: Nothing
Found FFI for Control.Monad.Gen.Common at: Nothing
BindingGroup: Control_Monad_ST_Internal_functorST type: Other vars: r
BindingGroup: Control_Monad_ST_Internal_modify type: Func vars: a, r
FUNCTION Control_Monad_ST_Internal_modify args: 2 extracted: Nothing
BindingGroup: Control_Monad_ST_Internal_modify_prime type: Func vars: a, b, r
FUNCTION Control_Monad_ST_Internal_modify_prime args: 2 extracted: Nothing
BindingGroup: Control_Monad_ST_Internal_applicativeST type: Other vars: r
BindingGroup: Control_Monad_ST_Internal_applyST type: Other vars: r
BindingGroup: Control_Monad_ST_Internal_bindST type: Other vars: r
BindingGroup: Control_Monad_ST_Internal_monadST type: Other vars: r
BindingGroup: Control_Monad_ST_Internal_monoidST type: ConstrainedType(Other) vars: a, r
FUNCTION Control_Monad_ST_Internal_monoidST args: 1 extracted: Just
BindingGroup: Control_Monad_ST_Internal_monadRecST type: Other vars: r
BindingGroup: Control_Monad_ST_Internal_semigroupST type: ConstrainedType(Other) vars: a, r
FUNCTION Control_Monad_ST_Internal_semigroupST args: 1 extracted: Just
findFfiFile [Control.Monad.ST.Internal] -> null
Found FFI for Control.Monad.ST.Internal at: Nothing
Found FFI for Control.Monad.ST.Internal at: Nothing
genFallback write args: ["mut a0: a","mut a1: crate::UnknownType"]
genFallback while args: ["mut a0: crate::UnknownType","mut a1: crate::UnknownType"]
genFallback run args: ["mut a0: crate::UnknownType"]
genFallback read args: ["mut a0: crate::UnknownType"]
genFallback pure_ args: ["mut a0: a"]
genFallback new args: ["mut a0: a"]
genFallback modifyImpl args: ["mut a0: purust_core::Func1<a, crate::UnknownType>","mut a1: crate::UnknownType"]
genFallback map_ args: ["mut a0: purust_core::Func1<a, b>","mut a1: crate::UnknownType"]
genFallback foreach args: ["mut a0: crate::UnknownType","mut a1: purust_core::Func1<a, crate::UnknownType>"]
genFallback for args: ["mut a0: i64","mut a1: i64","mut a2: purust_core::Func1<i64, crate::UnknownType>"]
genFallback bind_ args: ["mut a0: crate::UnknownType","mut a1: purust_core::Func1<a, crate::UnknownType>"]
findFfiFile [Control.Monad.ST] -> null
Found FFI for Control.Monad.ST at: Nothing
Found FFI for Control.Monad.ST at: Nothing
BindingGroup: Control_Monad_ST_Global_toEffect type: Func vars: a
VAR UNSAFE_COERCE: ty=Func genTy=ForAll(Func) mKeys=(fromFoldable ["a","b"]) mVals=Other,Other
FUNCTION Control_Monad_ST_Global_toEffect args: 1 extracted: Nothing
findFfiFile [Control.Monad.ST.Global] -> null
Found FFI for Control.Monad.ST.Global at: Nothing
Found FFI for Control.Monad.ST.Global at: Nothing
BindingGroup: Control_Monad_ST_Class_liftST type: ForAll(ConstrainedType(ForAll(Func))) vars: 
FUNCTION Control_Monad_ST_Class_liftST args: 2 extracted: Nothing
BindingGroup: Control_Monad_ST_Class_monadSTEffect type: Other vars: 
VAR UNSAFE_COERCE: ty=Func genTy=ForAll(Func) mKeys=(fromFoldable ["a","b"]) mVals=Other,Other
BOXUNBOX UNSAFE_COERCE: expStr=crate::UnknownType actStr=purust_core::Func1<crate::UnknownType, crate::UnknownType> ty=TypeApp(Any, [...]) actTy=Func
BindingGroup: Control_Monad_ST_Class_monadSTST type: Other vars: s
findFfiFile [Control.Monad.ST.Class] -> null
Found FFI for Control.Monad.ST.Class at: Nothing
Found FFI for Control.Monad.ST.Class at: Nothing
findFfiFile [Control.Monad.ST.Ref] -> null
Found FFI for Control.Monad.ST.Ref at: Nothing
Found FFI for Control.Monad.ST.Ref at: Nothing
findFfiFile [Control.Monad.ST.Uncurried] -> null
Found FFI for Control.Monad.ST.Uncurried at: Nothing
Found FFI for Control.Monad.ST.Uncurried at: Nothing
genFallback runSTFn9 args: ["mut a0: crate::UnknownType","mut a1: a","mut a2: b","mut a3: c","mut a4: d","mut a5: e","mut a6: f","mut a7: g","mut a8: h","mut a9: i"]
genFallback runSTFn8 args: ["mut a0: crate::UnknownType","mut a1: a","mut a2: b","mut a3: c","mut a4: d","mut a5: e","mut a6: f","mut a7: g","mut a8: h"]
genFallback runSTFn7 args: ["mut a0: crate::UnknownType","mut a1: a","mut a2: b","mut a3: c","mut a4: d","mut a5: e","mut a6: f","mut a7: g"]
genFallback runSTFn6 args: ["mut a0: crate::UnknownType","mut a1: a","mut a2: b","mut a3: c","mut a4: d","mut a5: e","mut a6: f"]
genFallback runSTFn5 args: ["mut a0: crate::UnknownType","mut a1: a","mut a2: b","mut a3: c","mut a4: d","mut a5: e"]
genFallback runSTFn4 args: ["mut a0: crate::UnknownType","mut a1: a","mut a2: b","mut a3: c","mut a4: d"]
genFallback runSTFn3 args: ["mut a0: crate::UnknownType","mut a1: a","mut a2: b","mut a3: c"]
genFallback runSTFn2 args: ["mut a0: crate::UnknownType","mut a1: a","mut a2: b"]
genFallback runSTFn10 args: ["mut a0: crate::UnknownType","mut a1: a","mut a2: b","mut a3: c","mut a4: d","mut a5: e","mut a6: f","mut a7: g","mut a8: h","mut a9: i","mut a10: j"]
genFallback runSTFn1 args: ["mut a0: crate::UnknownType","mut a1: a"]
genFallback mkSTFn9 args: ["mut a0: purust_core::Func9<a, b, c, d, e, f, g, h, i, crate::UnknownType>"]
genFallback mkSTFn8 args: ["mut a0: purust_core::Func8<a, b, c, d, e, f, g, h, crate::UnknownType>"]
genFallback mkSTFn7 args: ["mut a0: purust_core::Func7<a, b, c, d, e, f, g, crate::UnknownType>"]
genFallback mkSTFn6 args: ["mut a0: purust_core::Func6<a, b, c, d, e, f, crate::UnknownType>"]
genFallback mkSTFn5 args: ["mut a0: purust_core::Func5<a, b, c, d, e, crate::UnknownType>"]
genFallback mkSTFn4 args: ["mut a0: purust_core::Func4<a, b, c, d, crate::UnknownType>"]
genFallback mkSTFn3 args: ["mut a0: purust_core::Func3<a, b, c, crate::UnknownType>"]
genFallback mkSTFn2 args: ["mut a0: purust_core::Func2<a, b, crate::UnknownType>"]
genFallback mkSTFn10 args: ["mut a0: purust_core::Func10<a, b, c, d, e, f, g, h, i, j, crate::UnknownType>"]
genFallback mkSTFn1 args: ["mut a0: purust_core::Func1<a, crate::UnknownType>"]
BindingGroup: Data_Function_Uncurried_mkFn1 type: Func vars: a, b
FUNCTION Data_Function_Uncurried_mkFn1 args: 2 extracted: Nothing
BindingGroup: Data_Function_Uncurried_runFn1 type: Func vars: a, b
FUNCTION Data_Function_Uncurried_runFn1 args: 2 extracted: Nothing
findFfiFile [Data.Function.Uncurried] -> null
Found FFI for Data.Function.Uncurried at: Nothing
Found FFI for Data.Function.Uncurried at: Nothing
genFallback runFn9 args: ["mut a0: crate::UnknownType","mut a1: a","mut a2: b","mut a3: c","mut a4: d","mut a5: e","mut a6: f","mut a7: g","mut a8: h","mut a9: i"]
genFallback runFn8 args: ["mut a0: crate::UnknownType","mut a1: a","mut a2: b","mut a3: c","mut a4: d","mut a5: e","mut a6: f","mut a7: g","mut a8: h"]
genFallback runFn7 args: ["mut a0: crate::UnknownType","mut a1: a","mut a2: b","mut a3: c","mut a4: d","mut a5: e","mut a6: f","mut a7: g"]
genFallback runFn6 args: ["mut a0: crate::UnknownType","mut a1: a","mut a2: b","mut a3: c","mut a4: d","mut a5: e","mut a6: f"]
genFallback runFn5 args: ["mut a0: crate::UnknownType","mut a1: a","mut a2: b","mut a3: c","mut a4: d","mut a5: e"]
genFallback runFn4 args: ["mut a0: crate::UnknownType","mut a1: a","mut a2: b","mut a3: c","mut a4: d"]
genFallback runFn3 args: ["mut a0: crate::UnknownType","mut a1: a","mut a2: b","mut a3: c"]
genFallback runFn2 args: ["mut a0: crate::UnknownType","mut a1: a","mut a2: b"]
genFallback runFn10 args: ["mut a0: crate::UnknownType","mut a1: a","mut a2: b","mut a3: c","mut a4: d","mut a5: e","mut a6: f","mut a7: g","mut a8: h","mut a9: i","mut a10: j"]
genFallback runFn0 args: ["mut a0: crate::UnknownType"]
genFallback mkFn9 args: ["mut a0: purust_core::Func9<a, b, c, d, e, f, g, h, i, j>"]
genFallback mkFn8 args: ["mut a0: purust_core::Func8<a, b, c, d, e, f, g, h, i>"]
genFallback mkFn7 args: ["mut a0: purust_core::Func7<a, b, c, d, e, f, g, h>"]
genFallback mkFn6 args: ["mut a0: purust_core::Func6<a, b, c, d, e, f, g>"]
genFallback mkFn5 args: ["mut a0: purust_core::Func5<a, b, c, d, e, f>"]
genFallback mkFn4 args: ["mut a0: purust_core::Func4<a, b, c, d, e>"]
genFallback mkFn3 args: ["mut a0: purust_core::Func3<a, b, c, d>"]
genFallback mkFn2 args: ["mut a0: purust_core::Func2<a, b, c>"]
genFallback mkFn10 args: ["mut a0: purust_core::Func10<a, b, c, d, e, f, g, h, i, j, k>"]
genFallback mkFn0 args: ["mut a0: purust_core::Func1<crate::UnknownType, a>"]
BindingGroup: Data_Array_NonEmpty_Internal_foldableNonEmptyArray type: Other vars: a
BindingGroup: Data_Array_NonEmpty_Internal_foldableWithIndexNonEmptyArray type: Other vars: a
BindingGroup: Data_Array_NonEmpty_Internal_functorNonEmptyArray type: Other vars: a
BindingGroup: Data_Array_NonEmpty_Internal_functorWithIndexNonEmptyArray type: Other vars: a
BindingGroup: Data_Array_NonEmpty_Internal_monadNonEmptyArray type: Other vars: a
BindingGroup: Data_Array_NonEmpty_Internal_ord1NonEmptyArray type: Other vars: a
BindingGroup: Data_Array_NonEmpty_Internal_ordNonEmptyArray type: ConstrainedType(Other) vars: a
FUNCTION Data_Array_NonEmpty_Internal_ordNonEmptyArray args: 1 extracted: Just
BindingGroup: Data_Array_NonEmpty_Internal_semigroupNonEmptyArray type: Other vars: a
BindingGroup: Data_Array_NonEmpty_Internal_showNonEmptyArray type: ConstrainedType(Other) vars: a
FUNCTION Data_Array_NonEmpty_Internal_showNonEmptyArray args: 1 extracted: Just
BindingGroup: Data_Array_NonEmpty_Internal_traversableNonEmptyArray type: Other vars: a
BindingGroup: Data_Array_NonEmpty_Internal_traversableWithIndexNonEmptyArray type: Other vars: a
BindingGroup: Data_Array_NonEmpty_Internal_unfoldable1NonEmptyArray type: Other vars: a
BindingGroup: Data_Array_NonEmpty_Internal_NonEmptyArray type: Func vars: 
FUNCTION Data_Array_NonEmpty_Internal_NonEmptyArray args: 1 extracted: Just
BindingGroup: Data_Array_NonEmpty_Internal_foldable1NonEmptyArray type: Other vars: a
BindingGroup: Data_Array_NonEmpty_Internal_traversable1NonEmptyArray type: Other vars: a
BOXUNBOX EQUAL ARITY: expStr=purust_core::Func1<a, crate::UnknownType> actStr=purust_core::Func1<crate::UnknownType, crate::UnknownType>
BOXUNBOX EQUAL ARITY: expStr=purust_core::Func2<purust_core::Func1<crate::UnknownType, crate::UnknownType>, crate::UnknownType, crate::UnknownType> actStr=purust_core::Func2<purust_core::Func1<a, crate::UnknownType>, crate::UnknownType, crate::UnknownType>
BOXUNBOX EQUAL ARITY: expStr=purust_core::Func1<a, crate::UnknownType> actStr=purust_core::Func1<crate::UnknownType, crate::UnknownType>
BindingGroup: Data_Array_NonEmpty_Internal_altNonEmptyArray type: Other vars: a
BindingGroup: Data_Array_NonEmpty_Internal_applicativeNonEmptyArray type: Other vars: a
BindingGroup: Data_Array_NonEmpty_Internal_applyNonEmptyArray type: Other vars: a
BindingGroup: Data_Array_NonEmpty_Internal_bindNonEmptyArray type: Other vars: a
BindingGroup: Data_Array_NonEmpty_Internal_eq1NonEmptyArray type: Other vars: a
BindingGroup: Data_Array_NonEmpty_Internal_eqNonEmptyArray type: ConstrainedType(Other) vars: a
FUNCTION Data_Array_NonEmpty_Internal_eqNonEmptyArray args: 1 extracted: Just
findFfiFile [Data.Array.NonEmpty.Internal] -> ../purust-arrays/src/Data/Array/NonEmpty/Internal.rs
Found FFI for Data.Array.NonEmpty.Internal at: (Just "../purust-arrays/src/Data/Array/NonEmpty/Internal.rs")
Found FFI for Data.Array.NonEmpty.Internal at: (Just "../purust-arrays/src/Data/Array/NonEmpty/Internal.rs")
genFallback traverse1Impl args: []
BindingGroup: Data_Array_ST_clone type: Func vars: a, h
BOXUNBOX EQUAL ARITY: expStr=purust_core::Func1<crate::UnknownType, crate::UnknownType> actStr=purust_core::Func1<a, crate::UnknownType>
FUNCTION Data_Array_ST_clone args: 1 extracted: Nothing
BindingGroup: Data_Array_ST_freeze type: Func vars: a, h
BOXUNBOX EQUAL ARITY: expStr=purust_core::Func1<crate::UnknownType, crate::UnknownType> actStr=purust_core::Func1<a, crate::UnknownType>
FUNCTION Data_Array_ST_freeze args: 1 extracted: Nothing
BindingGroup: Data_Array_ST_length type: Func vars: a, h
BOXUNBOX EQUAL ARITY: expStr=purust_core::Func1<crate::UnknownType, crate::UnknownType> actStr=purust_core::Func1<a, crate::UnknownType>
FUNCTION Data_Array_ST_length args: 1 extracted: Nothing
BindingGroup: Data_Array_ST_modify type: Func vars: a, h
FUNCTION Data_Array_ST_modify args: 3 extracted: Just
BindingGroup: Data_Array_ST_peek type: Func vars: a, h
BOXUNBOX EQUAL ARITY: expStr=purust_core::Func1<a, std::rc::Rc<Purs_Data_Maybe::Maybe<a>>> actStr=purust_core::Func1<a, std::rc::Rc<Purs_Data_Maybe::Maybe<crate::UnknownType>>>
BOXUNBOX EQUAL ARITY: expStr=purust_core::Func2<i64, crate::UnknownType, crate::UnknownType> actStr=purust_core::Func2<crate::UnknownType, crate::UnknownType, crate::UnknownType>
FUNCTION Data_Array_ST_peek args: 2 extracted: Nothing
BindingGroup: Data_Array_ST_poke type: Func vars: a, h
genApp runSTFn3 fnTy: ForAll(Func) expectedArgTys len: 4
genApp runSTFn3 arg 0: expectedTy=Other, argTy=Other
BOXUNBOX EQUAL ARITY: expStr=purust_core::Func3<i64, a, crate::UnknownType, crate::UnknownType> actStr=purust_core::Func3<a, crate::UnknownType, crate::UnknownType, crate::UnknownType>
FUNCTION Data_Array_ST_poke args: 3 extracted: Nothing
BindingGroup: Data_Array_ST_pop type: Func vars: a, h
genApp runSTFn3 fnTy: ForAll(Func) expectedArgTys len: 4
genApp runSTFn3 arg 0: expectedTy=Other, argTy=Other
genApp runSTFn3 arg 1: expectedTy=Func, argTy=Func
genApp runSTFn3 arg 2: expectedTy=Other, argTy=Other
FUNCTION Data_Array_ST_pop args: 1 extracted: Nothing
BindingGroup: Data_Array_ST_push type: Func vars: a, h
FUNCTION Data_Array_ST_push args: 2 extracted: Nothing
BindingGroup: Data_Array_ST_pushAll type: Func vars: a, h
BOXUNBOX EQUAL ARITY: expStr=purust_core::Func2<crate::UnknownType, crate::UnknownType, crate::UnknownType> actStr=purust_core::Func2<a, crate::UnknownType, crate::UnknownType>
FUNCTION Data_Array_ST_pushAll args: 2 extracted: Nothing
BindingGroup: Data_Array_ST_run type: Func vars: a
FUNCTION Data_Array_ST_run args: 1 extracted: Just
BindingGroup: Data_Array_ST_shift type: Func vars: a, h
genApp runSTFn3 fnTy: ForAll(Func) expectedArgTys len: 4
genApp runSTFn3 arg 0: expectedTy=Other, argTy=Other
genApp runSTFn3 arg 1: expectedTy=Func, argTy=Func
genApp runSTFn3 arg 2: expectedTy=Other, argTy=Other
FUNCTION Data_Array_ST_shift args: 1 extracted: Nothing
BindingGroup: Data_Array_ST_sort type: ConstrainedType(Func) vars: a, h
FUNCTION Data_Array_ST_sort args: 2 extracted: Nothing
BindingGroup: Data_Array_ST_sortWith type: ConstrainedType(Func) vars: a, b, h
FUNCTION Data_Array_ST_sortWith args: 3 extracted: Nothing
BindingGroup: Data_Array_ST_sortBy type: Func vars: a, h
genApp runSTFn3 fnTy: ForAll(Func) expectedArgTys len: 4
genApp runSTFn3 arg 0: expectedTy=Other, argTy=Other
genApp runSTFn3 arg 1: expectedTy=Func, argTy=Func
genApp runSTFn3 arg 2: expectedTy=Func, argTy=Func
FUNCTION Data_Array_ST_sortBy args: 2 extracted: Nothing
BindingGroup: Data_Array_ST_splice type: Func vars: a, h
BOXUNBOX EQUAL ARITY: expStr=purust_core::Func4<i64, i64, crate::UnknownType, crate::UnknownType, crate::UnknownType> actStr=purust_core::Func4<a, crate::UnknownType, crate::UnknownType, crate::UnknownType, crate::UnknownType>
FUNCTION Data_Array_ST_splice args: 4 extracted: Nothing
BindingGroup: Data_Array_ST_withArray type: Func vars: a, b, h
FUNCTION Data_Array_ST_withArray args: 2 extracted: Just
BindingGroup: Data_Array_ST_thaw type: Func vars: a, h
BOXUNBOX EQUAL ARITY: expStr=purust_core::Func1<crate::UnknownType, crate::UnknownType> actStr=purust_core::Func1<a, crate::UnknownType>
FUNCTION Data_Array_ST_thaw args: 1 extracted: Nothing
BindingGroup: Data_Array_ST_toAssocArray type: Func vars: a, h
BOXUNBOX EQUAL ARITY: expStr=purust_core::Func1<crate::UnknownType, crate::UnknownType> actStr=purust_core::Func1<a, crate::UnknownType>
FUNCTION Data_Array_ST_toAssocArray args: 1 extracted: Nothing
BindingGroup: Data_Array_ST_unsafeFreeze type: Func vars: a, h
BOXUNBOX EQUAL ARITY: expStr=purust_core::Func1<crate::UnknownType, crate::UnknownType> actStr=purust_core::Func1<a, crate::UnknownType>
FUNCTION Data_Array_ST_unsafeFreeze args: 1 extracted: Nothing
BindingGroup: Data_Array_ST_unsafeThaw type: Func vars: a, h
BOXUNBOX EQUAL ARITY: expStr=purust_core::Func1<crate::UnknownType, crate::UnknownType> actStr=purust_core::Func1<a, crate::UnknownType>
FUNCTION Data_Array_ST_unsafeThaw args: 1 extracted: Nothing
BindingGroup: Data_Array_ST_unshift type: Func vars: a, h
FUNCTION Data_Array_ST_unshift args: 2 extracted: Nothing
BindingGroup: Data_Array_ST_unshiftAll type: Func vars: a, h
BOXUNBOX EQUAL ARITY: expStr=purust_core::Func2<crate::UnknownType, crate::UnknownType, crate::UnknownType> actStr=purust_core::Func2<a, crate::UnknownType, crate::UnknownType>
FUNCTION Data_Array_ST_unshiftAll args: 2 extracted: Nothing
findFfiFile [Data.Array.ST] -> null
Found FFI for Data.Array.ST at: Nothing
Found FFI for Data.Array.ST at: Nothing
genFallback unshiftAllImpl args: []
genFallback unsafeThawImpl args: []
genFallback unsafeFreezeImpl args: []
genFallback toAssocArrayImpl args: []
genFallback thawImpl args: []
genFallback spliceImpl args: []
genFallback sortByImpl args: []
genFallback shiftImpl args: []
genFallback pushImpl args: []
genFallback pushAllImpl args: []
genFallback popImpl args: []
genFallback pokeImpl args: []
genFallback peekImpl args: []
genFallback new args: []
genFallback lengthImpl args: []
genFallback freezeImpl args: []
genFallback cloneImpl args: []
BindingGroup: Data_Array_ST_Iterator_exhausted type: Func vars: a, r
FUNCTION Data_Array_ST_Iterator_exhausted args: 1 extracted: Just
BindingGroup: Data_Array_ST_Iterator_iterate type: Func vars: a, r
FUNCTION Data_Array_ST_Iterator_iterate args: 2 extracted: Just
BindingGroup: Data_Array_ST_Iterator_iterator type: Func vars: a, r
FUNCTION Data_Array_ST_Iterator_iterator args: 1 extracted: Just
BindingGroup: Data_Array_ST_Iterator_pushAll type: Func vars: a, r
FUNCTION Data_Array_ST_Iterator_pushAll args: 2 extracted: Nothing
BindingGroup: Data_Array_ST_Iterator_pushWhile type: Func vars: a, r
FUNCTION Data_Array_ST_Iterator_pushWhile args: 3 extracted: Just
BindingGroup: Data_Array_ST_Iterator_next type: Func vars: a, r
FUNCTION Data_Array_ST_Iterator_next args: 1 extracted: Just
BindingGroup: Data_Array_ST_Iterator_peek type: Func vars: a, r
FUNCTION Data_Array_ST_Iterator_peek args: 1 extracted: Just
BindingGroup: Data_Array_ST_Iterator_Iterator type: Func vars: a, r
FUNCTION Data_Array_ST_Iterator_Iterator args: 2 extracted: Nothing
findFfiFile [Data.Array.ST.Iterator] -> null
Found FFI for Data.Array.ST.Iterator at: Nothing
Found FFI for Data.Array.ST.Iterator at: Nothing
BindingGroup: Data_Array_foldMap type: ConstrainedType(Func) vars: a, m
FUNCTION Data_Array_foldMap args: 3 extracted: Nothing
BindingGroup: Data_Array_foldRecM type: ConstrainedType(Func) vars: a, b, m
UNSAFE_COERCE GENERATED: expStr=a actStr=std::rc::Rc<Purs_Control_Monad_Rec_Class::Step<crate::UnknownType, b>> expTy=TypeVar(a) actTy=Other
UNSAFE_COERCE GENERATED: expStr=b actStr=a expTy=TypeVar(b) actTy=TypeVar(a)
BOXUNBOX EQUAL ARITY: expStr=purust_core::Func1<a, crate::UnknownType> actStr=purust_core::Func1<b, crate::UnknownType>
UNSAFE_COERCE GENERATED: expStr=b actStr=a expTy=TypeVar(b) actTy=TypeVar(a)
UNSAFE_COERCE GENERATED: expStr=a actStr=std::rc::Rc<Purs_Control_Monad_Rec_Class::Step<crate::UnknownType, b>> expTy=TypeVar(a) actTy=Other
UNSAFE_COERCE GENERATED: expStr=a actStr=b expTy=TypeVar(a) actTy=TypeVar(b)
BOXUNBOX EQUAL ARITY: expStr=purust_core::Func1<a, crate::UnknownType> actStr=purust_core::Func1<crate::UnknownType, crate::UnknownType>
FUNCTION Data_Array_foldRecM args: 4 extracted: Just
BindingGroup: Data_Array_transpose type: Func vars: a
FUNCTION Data_Array_transpose args: 1 extracted: Just
BindingGroup: Data_Array_foldl type: Func vars: a, b
FUNCTION Data_Array_foldl args: 3 extracted: Nothing
BindingGroup: Data_Array_foldr type: Func vars: a, b
FUNCTION Data_Array_foldr args: 3 extracted: Nothing
BindingGroup: Data_Array_fromFoldable type: ConstrainedType(ForAll(Func)) vars: f
FUNCTION Data_Array_fromFoldable args: 2 extracted: Just
BindingGroup: Data_Array_group type: ConstrainedType(Func) vars: a
FUNCTION Data_Array_group args: 2 extracted: Just
BindingGroup: Data_Array_groupAll type: ConstrainedType(Func) vars: a
FUNCTION Data_Array_groupAll args: 2 extracted: Nothing
BindingGroup: Data_Array_groupAllBy type: Func vars: a
FUNCTION Data_Array_groupAllBy args: 2 extracted: Just
BindingGroup: Data_Array_groupBy type: Func vars: a
BOXUNBOX EQUAL ARITY: expStr=purust_core::Func1<i64, std::rc::Rc<Purs_Data_Maybe::Maybe<a>>> actStr=purust_core::Func1<crate::UnknownType, std::rc::Rc<Purs_Data_Maybe::Maybe<a>>>
FUNCTION Data_Array_groupBy args: 2 extracted: Just
BindingGroup: Data_Array_nub type: ConstrainedType(Func) vars: a
FUNCTION Data_Array_nub args: 2 extracted: Nothing
BindingGroup: Data_Array_nubBy type: Func vars: a
BOXUNBOX EQUAL ARITY: expStr=purust_core::Func2<i64, a, std::rc::Rc<Purs_Data_Tuple::Tuple<i64, a>>> actStr=purust_core::Func2<i64, a, std::rc::Rc<Purs_Data_Tuple::Tuple<crate::UnknownType, crate::UnknownType>>>
BOXUNBOX EQUAL ARITY: expStr=purust_core::Func2<i64, a, crate::UnknownType> actStr=purust_core::Func2<i64, a, std::rc::Rc<Purs_Data_Tuple::Tuple<i64, a>>>
UNSAFE_COERCE GENERATED: expStr=std::rc::Rc<Purs_Data_Tuple::Tuple<i64, a>> actStr=a expTy=Other actTy=TypeVar(a)
UNSAFE_COERCE GENERATED: expStr=std::rc::Rc<Purs_Data_Tuple::Tuple<i64, a>> actStr=a expTy=Other actTy=TypeVar(a)
BOXUNBOX EQUAL ARITY: expStr=purust_core::Func2<a, a, std::rc::Rc<Purs_Data_Ordering::Ordering>> actStr=purust_core::Func2<std::rc::Rc<Purs_Data_Tuple::Tuple<i64, a>>, std::rc::Rc<Purs_Data_Tuple::Tuple<i64, a>>, std::rc::Rc<Purs_Data_Ordering::Ordering>>
UNSAFE_COERCE GENERATED: expStr=std::rc::Rc<Purs_Data_Tuple::Tuple> actStr=a expTy=Other actTy=TypeVar(a)
UNSAFE_COERCE GENERATED: expStr=std::rc::Rc<Purs_Data_Tuple::Tuple<i64, a>> actStr=a expTy=Other actTy=TypeVar(a)
BOXUNBOX EQUAL ARITY: expStr=purust_core::Func1<a, i64> actStr=purust_core::Func1<std::rc::Rc<Purs_Data_Tuple::Tuple<i64, a>>, i64>
BOXUNBOX EQUAL ARITY: expStr=purust_core::Func1<std::rc::Rc<Purs_Data_Tuple::Tuple<i64, a>>, crate::UnknownType> actStr=purust_core::Func1<std::rc::Rc<Purs_Data_Tuple::Tuple<i64, a>>, a>
FUNCTION Data_Array_nubBy args: 2 extracted: Just
BindingGroup: Data_Array_head type: Func vars: a
FUNCTION Data_Array_head args: 1 extracted: Just
BindingGroup: Data_Array_unzip type: Func vars: a, b
BOXUNBOX EQUAL ARITY: expStr=purust_core::Func1<i64, std::rc::Rc<Purs_Data_Maybe::Maybe<a>>> actStr=purust_core::Func1<crate::UnknownType, std::rc::Rc<Purs_Data_Maybe::Maybe<std::rc::Rc<Purs_Data_Tuple::Tuple<a, b>>>>>
UNSAFE_COERCE GENERATED: expStr=std::rc::Rc<Purs_Data_Tuple::Tuple<crate::UnknownType, crate::UnknownType>> actStr=a expTy=Other actTy=TypeVar(a)
FUNCTION Data_Array_unzip args: 1 extracted: Just
BindingGroup: Data_Array_takeWhile type: Func vars: a
FUNCTION Data_Array_takeWhile args: 2 extracted: Just
BindingGroup: Data_Array_span type: Func vars: a
FUNCTION Data_Array_span args: 2 extracted: Just
BindingGroup: Data_Array_modifyAt type: Func vars: a
FUNCTION Data_Array_modifyAt args: 3 extracted: Just
BindingGroup: Data_Array_unsnoc type: Func vars: a
FUNCTION Data_Array_unsnoc args: 1 extracted: Just
BindingGroup: Data_Array_last type: Func vars: a
FUNCTION Data_Array_last args: 1 extracted: Just
BindingGroup: Data_Array_index type: Func vars: a
FUNCTION Data_Array_index args: 2 extracted: Just
BindingGroup: Data_Array_init type: Func vars: a
FUNCTION Data_Array_init args: 1 extracted: Just
BindingGroup: Data_Array_insertAt type: Func vars: a
FUNCTION Data_Array_insertAt args: 3 extracted: Just
BindingGroup: Data_Array_intercalate type: ConstrainedType(Func) vars: a
FUNCTION Data_Array_intercalate args: 3 extracted: Just
BindingGroup: Data_Array_intersperse type: Func vars: a
FUNCTION Data_Array_intersperse args: 2 extracted: Just
BindingGroup: Data_Array_mapWithIndex type: Func vars: a, b
FUNCTION Data_Array_mapWithIndex args: 2 extracted: Nothing
BindingGroup: Data_Array_modifyAtIndices type: ConstrainedType(Func) vars: a, t
FUNCTION Data_Array_modifyAtIndices args: 4 extracted: Just
BindingGroup: Data_Array_null type: Func vars: a
FUNCTION Data_Array_null args: 1 extracted: Just
BindingGroup: Data_Array_partition type: Func vars: a
FUNCTION Data_Array_partition args: 2 extracted: Just
BindingGroup: Data_Array_range type: Func vars: 
FUNCTION Data_Array_range args: 2 extracted: Just
BindingGroup: Data_Array_replicate type: Func vars: a
FUNCTION Data_Array_replicate args: 2 extracted: Just
BindingGroup: Data_Array_scanl type: Func vars: a, b
FUNCTION Data_Array_scanl args: 3 extracted: Just
BindingGroup: Data_Array_scanr type: Func vars: a, b
FUNCTION Data_Array_scanr args: 3 extracted: Just
BindingGroup: Data_Array_singleton type: Func vars: a
FUNCTION Data_Array_singleton args: 1 extracted: Just
BindingGroup: Data_Array_take type: Func vars: a
FUNCTION Data_Array_take args: 2 extracted: Just
BindingGroup: Data_Array_splitAt type: Func vars: a
FUNCTION Data_Array_splitAt args: 2 extracted: Just
BindingGroup: Data_Array_slice type: Func vars: a
FUNCTION Data_Array_slice args: 3 extracted: Just
BindingGroup: Data_Array_snoc type: Func vars: a
FUNCTION Data_Array_snoc args: 2 extracted: Just
BindingGroup: Data_Array_sort type: ConstrainedType(Func) vars: a
FUNCTION Data_Array_sort args: 2 extracted: Just
BindingGroup: Data_Array_sortWith type: ConstrainedType(Func) vars: a, b
FUNCTION Data_Array_sortWith args: 3 extracted: Nothing
BindingGroup: Data_Array_sortBy type: Func vars: a
FUNCTION Data_Array_sortBy args: 2 extracted: Just
BindingGroup: Data_Array_tail type: Func vars: a
UNSAFE_COERCE GENERATED: expStr=a actStr=std::rc::Rc<Purs_Data_Maybe::Maybe> expTy=TypeVar(a) actTy=Other
UNSAFE_COERCE GENERATED: expStr=std::rc::Rc<Purs_Data_Maybe::Maybe<crate::UnknownType>> actStr=a expTy=Other actTy=TypeVar(a)
FUNCTION Data_Array_tail args: 1 extracted: Just
BindingGroup: Data_Array_toUnfoldable type: ConstrainedType(ForAll(Func)) vars: f
BOXUNBOX EQUAL ARITY: expStr=purust_core::Func1<crate::UnknownType, std::rc::Rc<Purs_Data_Maybe::Maybe<std::rc::Rc<Purs_Data_Tuple::Tuple<crate::UnknownType, crate::UnknownType>>>>> actStr=purust_core::Func1<i64, std::rc::Rc<Purs_Data_Maybe::Maybe<std::rc::Rc<Purs_Data_Tuple::Tuple<crate::UnknownType, i64>>>>>
FUNCTION Data_Array_toUnfoldable args: 2 extracted: Just
BindingGroup: Data_Array_uncons type: Func vars: a
UNSAFE_COERCE GENERATED: expStr=a actStr=std::rc::Rc<Purs_Data_Maybe::Maybe> expTy=TypeVar(a) actTy=Other
UNSAFE_COERCE GENERATED: expStr=std::rc::Rc<Purs_Data_Maybe::Maybe<crate::UnknownType>> actStr=a expTy=Other actTy=TypeVar(a)
FUNCTION Data_Array_uncons args: 1 extracted: Just
BindingGroup: Data_Array_unsafeIndex type: ConstrainedType(Func) vars: a
FUNCTION Data_Array_unsafeIndex args: 3 extracted: Just
BindingGroup: Data_Array_updateAt type: Func vars: a
FUNCTION Data_Array_updateAt args: 3 extracted: Just
BindingGroup: Data_Array_updateAtIndices type: ConstrainedType(Func) vars: a, t
FUNCTION Data_Array_updateAtIndices args: 3 extracted: Just
BindingGroup: Data_Array_zip type: Func vars: a, b
BOXUNBOX EQUAL ARITY: expStr=purust_core::Func2<a, b, std::rc::Rc<Purs_Data_Tuple::Tuple<a, b>>> actStr=purust_core::Func2<a, b, std::rc::Rc<Purs_Data_Tuple::Tuple<crate::UnknownType, crate::UnknownType>>>
BOXUNBOX EQUAL ARITY: expStr=purust_core::Func2<a, b, crate::UnknownType> actStr=purust_core::Func2<a, b, std::rc::Rc<Purs_Data_Tuple::Tuple<a, b>>>
FUNCTION Data_Array_zip args: 2 extracted: Nothing
BindingGroup: Data_Array_zipWithA type: ConstrainedType(Func) vars: a, b, c, m
BOXUNBOX EQUAL ARITY: expStr=purust_core::Func1<a, crate::UnknownType> actStr=purust_core::Func1<crate::UnknownType, crate::UnknownType>
FUNCTION Data_Array_zipWithA args: 4 extracted: Just
BindingGroup: Data_Array_zipWith type: Func vars: a, b, c
FUNCTION Data_Array_zipWith args: 3 extracted: Just
BindingGroup: Data_Array_foldM type: ConstrainedType(Func) vars: a, b, m
UNSAFE_COERCE GENERATED: expStr=a actStr=b expTy=TypeVar(a) actTy=TypeVar(b)
UNSAFE_COERCE GENERATED: expStr=b actStr=a expTy=TypeVar(b) actTy=TypeVar(a)
BOXUNBOX EQUAL ARITY: expStr=purust_core::Func1<a, crate::UnknownType> actStr=purust_core::Func1<b, crate::UnknownType>
FUNCTION Data_Array_foldM args: 4 extracted: Just
BindingGroup: Data_Array_cons type: Func vars: a
FUNCTION Data_Array_cons args: 2 extracted: Just
BindingGroup: Data_Array_difference type: ConstrainedType(Func) vars: a
FUNCTION Data_Array_difference args: 3 extracted: Nothing
BindingGroup: Data_Array_delete type: ConstrainedType(Func) vars: a
FUNCTION Data_Array_delete args: 3 extracted: Nothing
BindingGroup: Data_Array_deleteBy type: Func vars: a
FUNCTION Data_Array_deleteBy args: 3 extracted: Just
BindingGroup: Data_Array_deleteAt type: Func vars: a
FUNCTION Data_Array_deleteAt args: 2 extracted: Just
BindingGroup: Data_Array_takeEnd type: Func vars: a
FUNCTION Data_Array_takeEnd args: 2 extracted: Just
BindingGroup: Data_Array_drop type: Func vars: a
FUNCTION Data_Array_drop args: 2 extracted: Just
BindingGroup: Data_Array_dropEnd type: Func vars: a
FUNCTION Data_Array_dropEnd args: 2 extracted: Just
BindingGroup: Data_Array_dropWhile type: Func vars: a
FUNCTION Data_Array_dropWhile args: 2 extracted: Just
BindingGroup: Data_Array_elem type: ConstrainedType(Func) vars: a
FUNCTION Data_Array_elem args: 3 extracted: Just
BindingGroup: Data_Array_notElem type: ConstrainedType(Func) vars: a
FUNCTION Data_Array_notElem args: 3 extracted: Just
BindingGroup: Data_Array_elemIndex type: ConstrainedType(Func) vars: a
FUNCTION Data_Array_elemIndex args: 3 extracted: Nothing
BindingGroup: Data_Array_elemLastIndex type: ConstrainedType(Func) vars: a
FUNCTION Data_Array_elemLastIndex args: 3 extracted: Nothing
BindingGroup: Data_Array_intersect type: ConstrainedType(Func) vars: a
FUNCTION Data_Array_intersect args: 3 extracted: Nothing
BindingGroup: Data_Array_intersectBy type: Func vars: a
FUNCTION Data_Array_intersectBy args: 3 extracted: Just
BindingGroup: Data_Array_filter type: Func vars: a
FUNCTION Data_Array_filter args: 2 extracted: Just
BindingGroup: Data_Array_find type: Func vars: a
FUNCTION Data_Array_find args: 2 extracted: Just
BindingGroup: Data_Array_findIndex type: Func vars: a
FUNCTION Data_Array_findIndex args: 2 extracted: Just
BindingGroup: Data_Array_insert type: ConstrainedType(Func) vars: a
FUNCTION Data_Array_insert args: 3 extracted: Nothing
BindingGroup: Data_Array_insertBy type: Func vars: a
FUNCTION Data_Array_insertBy args: 3 extracted: Just
BindingGroup: Data_Array_findLastIndex type: Func vars: a
FUNCTION Data_Array_findLastIndex args: 2 extracted: Just
BindingGroup: Data_Array_findMap type: Func vars: a, b
FUNCTION Data_Array_findMap args: 2 extracted: Just
BindingGroup: Data_Array_fold type: ConstrainedType(Func) vars: m
BOXUNBOX EQUAL ARITY: expStr=purust_core::Func1<crate::UnknownType, m> actStr=purust_core::Func1<m, m>
FUNCTION Data_Array_fold args: 2 extracted: Nothing
BindingGroup: Data_Array_many type: ConstrainedType(Func) vars: a, f
FUNCTION Data_Array_many args: 3 extracted: Just
BindingGroup: Data_Array_some type: ConstrainedType(Func) vars: a, f
BOXUNBOX FUNC: expStr=purust_core::Func1<a, crate::UnknownType> actStr=purust_core::Func2<a, crate::UnknownType, crate::UnknownType>
FUNCTION Data_Array_some args: 3 extracted: Just
BindingGroup: Data_Array_all type: Func vars: a
FUNCTION Data_Array_all args: 2 extracted: Just
BindingGroup: Data_Array_alterAt type: Func vars: a
FUNCTION Data_Array_alterAt args: 3 extracted: Just
BindingGroup: Data_Array_union type: ConstrainedType(Func) vars: a
FUNCTION Data_Array_union args: 3 extracted: Nothing
BindingGroup: Data_Array_unionBy type: Func vars: a
FUNCTION Data_Array_unionBy args: 3 extracted: Just
BindingGroup: Data_Array_nubEq type: ConstrainedType(Func) vars: a
FUNCTION Data_Array_nubEq args: 2 extracted: Nothing
BindingGroup: Data_Array_nubByEq type: Func vars: a
FUNCTION Data_Array_nubByEq args: 2 extracted: Just
BindingGroup: Data_Array_any type: Func vars: a
FUNCTION Data_Array_any args: 2 extracted: Just
BindingGroup: Data_Array_catMaybes type: Func vars: a
UNSAFE_COERCE GENERATED: expStr=std::rc::Rc<Purs_Data_Maybe::Maybe<a>> actStr=a expTy=Other actTy=TypeVar(a)
BOXUNBOX EQUAL ARITY: expStr=purust_core::Func1<a, std::rc::Rc<Purs_Data_Maybe::Maybe<crate::UnknownType>>> actStr=purust_core::Func1<std::rc::Rc<Purs_Data_Maybe::Maybe<a>>, std::rc::Rc<Purs_Data_Maybe::Maybe<a>>>
FUNCTION Data_Array_catMaybes args: 1 extracted: Nothing
BindingGroup: Data_Array_filterA type: ConstrainedType(Func) vars: a, f
BOXUNBOX EQUAL ARITY: expStr=purust_core::Func1<bool, std::rc::Rc<Purs_Data_Tuple::Tuple<a, bool>>> actStr=purust_core::Func1<crate::UnknownType, std::rc::Rc<Purs_Data_Tuple::Tuple<crate::UnknownType, crate::UnknownType>>>
BOXUNBOX EQUAL ARITY: expStr=purust_core::Func1<a, crate::UnknownType> actStr=purust_core::Func1<bool, std::rc::Rc<Purs_Data_Tuple::Tuple<a, bool>>>
UNSAFE_COERCE GENERATED: expStr=std::rc::Rc<Purs_Data_Tuple::Tuple<a, bool>> actStr=a expTy=Other actTy=TypeVar(a)
BOXUNBOX EQUAL ARITY: expStr=purust_core::Func1<a, std::rc::Rc<Purs_Data_Maybe::Maybe<crate::UnknownType>>> actStr=purust_core::Func1<std::rc::Rc<Purs_Data_Tuple::Tuple<a, bool>>, std::rc::Rc<Purs_Data_Maybe::Maybe<a>>>
BOXUNBOX EQUAL ARITY: expStr=purust_core::Func1<a, crate::UnknownType> actStr=purust_core::Func1<crate::UnknownType, crate::UnknownType>
FUNCTION Data_Array_filterA args: 3 extracted: Just
BindingGroup: Data_Array_mapMaybe type: Func vars: a, b
UNSAFE_COERCE GENERATED: expStr=b actStr=a expTy=TypeVar(b) actTy=TypeVar(a)
UNSAFE_COERCE GENERATED: expStr=a actStr=b expTy=TypeVar(a) actTy=TypeVar(b)
FUNCTION Data_Array_mapMaybe args: 2 extracted: Nothing
BindingGroup: Data_Array_concatMap type: Func vars: a, b
FUNCTION Data_Array_concatMap args: 2 extracted: Just
findFfiFile [Data.Array] -> ../purust-arrays/src/Data/Array.rs
Found FFI for Data.Array at: (Just "../purust-arrays/src/Data/Array.rs")
Found FFI for Data.Array at: (Just "../purust-arrays/src/Data/Array.rs")
genFallback zipWithImpl args: []
genFallback unsafeIndexImpl args: []
genFallback sortByImpl args: []
genFallback scanrImpl args: []
genFallback scanlImpl args: []
genFallback reverse args: ["mut a0: crate::UnknownType"]
genFallback replicateImpl args: []
genFallback partitionImpl args: []
genFallback fromFoldableImpl args: []
genFallback findMapImpl args: []
genFallback findLastIndexImpl args: []
genFallback concat args: ["mut a0: crate::UnknownType"]
genFallback anyImpl args: []
genFallback allImpl args: []
genFallback _updateAt args: []
genFallback _insertAt args: []
genFallback _deleteAt args: []
BindingGroup: Data_Array_NonEmpty_toUnfoldable1 type: ConstrainedType(Func) vars: a, f
BOXUNBOX EQUAL ARITY: expStr=purust_core::Func1<crate::UnknownType, std::rc::Rc<Purs_Data_Tuple::Tuple<a, std::rc::Rc<Purs_Data_Maybe::Maybe<crate::UnknownType>>>>> actStr=purust_core::Func1<i64, std::rc::Rc<Purs_Data_Tuple::Tuple<a, std::rc::Rc<Purs_Data_Maybe::Maybe<i64>>>>>
FUNCTION Data_Array_NonEmpty_toUnfoldable1 args: 2 extracted: Just
BindingGroup: Data_Array_NonEmpty_unsafeIndex type: ConstrainedType(Func) vars: a
FUNCTION Data_Array_NonEmpty_unsafeIndex args: 3 extracted: Just
BindingGroup: Data_Array_NonEmpty_updateAtIndices type: ConstrainedType(Func) vars: a, t
FUNCTION Data_Array_NonEmpty_updateAtIndices args: 3 extracted: Just
BindingGroup: Data_Array_NonEmpty_sortWith type: ConstrainedType(Func) vars: a, b
FUNCTION Data_Array_NonEmpty_sortWith args: 3 extracted: Just
BindingGroup: Data_Array_NonEmpty_sortBy type: Func vars: a
FUNCTION Data_Array_NonEmpty_sortBy args: 2 extracted: Just
BindingGroup: Data_Array_NonEmpty_sort type: ConstrainedType(Func) vars: a
FUNCTION Data_Array_NonEmpty_sort args: 2 extracted: Just
BindingGroup: Data_Array_NonEmpty_scanr type: Func vars: a, b
FUNCTION Data_Array_NonEmpty_scanr args: 3 extracted: Just
BindingGroup: Data_Array_NonEmpty_scanl type: Func vars: a, b
FUNCTION Data_Array_NonEmpty_scanl args: 3 extracted: Just
BindingGroup: Data_Array_NonEmpty_reverse type: Func vars: a
FUNCTION Data_Array_NonEmpty_reverse args: 1 extracted: Just
BindingGroup: Data_Array_NonEmpty_nubEq type: ConstrainedType(Func) vars: a
FUNCTION Data_Array_NonEmpty_nubEq args: 2 extracted: Just
BindingGroup: Data_Array_NonEmpty_nubByEq type: Func vars: a
FUNCTION Data_Array_NonEmpty_nubByEq args: 2 extracted: Just
BindingGroup: Data_Array_NonEmpty_nubBy type: Func vars: a
FUNCTION Data_Array_NonEmpty_nubBy args: 2 extracted: Just
BindingGroup: Data_Array_NonEmpty_nub type: ConstrainedType(Func) vars: a
FUNCTION Data_Array_NonEmpty_nub args: 2 extracted: Just
BindingGroup: Data_Array_NonEmpty_modifyAtIndices type: ConstrainedType(Func) vars: a, t
FUNCTION Data_Array_NonEmpty_modifyAtIndices args: 4 extracted: Just
BindingGroup: Data_Array_NonEmpty_mapWithIndex type: Func vars: a, b
FUNCTION Data_Array_NonEmpty_mapWithIndex args: 2 extracted: Just
BindingGroup: Data_Array_NonEmpty_intersperse type: Func vars: a
FUNCTION Data_Array_NonEmpty_intersperse args: 2 extracted: Just
BindingGroup: Data_Array_NonEmpty_insertBy type: Func vars: a
FUNCTION Data_Array_NonEmpty_insertBy args: 3 extracted: Just
BindingGroup: Data_Array_NonEmpty_insert type: ConstrainedType(Func) vars: a
FUNCTION Data_Array_NonEmpty_insert args: 3 extracted: Just
BindingGroup: Data_Array_NonEmpty_groupBy type: Func vars: a
FUNCTION Data_Array_NonEmpty_groupBy args: 2 extracted: Just
BindingGroup: Data_Array_NonEmpty_groupAll type: ConstrainedType(Func) vars: a
FUNCTION Data_Array_NonEmpty_groupAll args: 2 extracted: Just
BindingGroup: Data_Array_NonEmpty_groupAllBy type: Func vars: a
FUNCTION Data_Array_NonEmpty_groupAllBy args: 2 extracted: Just
BindingGroup: Data_Array_NonEmpty_group type: ConstrainedType(Func) vars: a
FUNCTION Data_Array_NonEmpty_group args: 2 extracted: Just
BindingGroup: Data_Array_NonEmpty_cons type: Func vars: a
FUNCTION Data_Array_NonEmpty_cons args: 2 extracted: Just
BindingGroup: Data_Array_NonEmpty_toUnfoldable type: ConstrainedType(Func) vars: a, f
UNSAFE_COERCE GENERATED: expStr=a actStr=std::rc::Rc<Purs_Data_Tuple::Tuple> expTy=TypeVar(a) actTy=Other
BOXUNBOX EQUAL ARITY: expStr=purust_core::Func1<crate::UnknownType, std::rc::Rc<Purs_Data_Maybe::Maybe<std::rc::Rc<Purs_Data_Tuple::Tuple<a, crate::UnknownType>>>>> actStr=purust_core::Func1<i64, std::rc::Rc<Purs_Data_Maybe::Maybe<std::rc::Rc<Purs_Data_Tuple::Tuple<a, i64>>>>>
FUNCTION Data_Array_NonEmpty_toUnfoldable args: 2 extracted: Just
BindingGroup: Data_Array_NonEmpty_takeWhile type: Func vars: a
FUNCTION Data_Array_NonEmpty_takeWhile args: 2 extracted: Just
BindingGroup: Data_Array_NonEmpty_takeEnd type: Func vars: a
FUNCTION Data_Array_NonEmpty_takeEnd args: 2 extracted: Just
BindingGroup: Data_Array_NonEmpty_take type: Func vars: a
FUNCTION Data_Array_NonEmpty_take args: 2 extracted: Just
BindingGroup: Data_Array_NonEmpty_span type: Func vars: a
FUNCTION Data_Array_NonEmpty_span args: 2 extracted: Just
BindingGroup: Data_Array_NonEmpty_slice type: Func vars: a
FUNCTION Data_Array_NonEmpty_slice args: 3 extracted: Just
BindingGroup: Data_Array_NonEmpty_partition type: Func vars: a
FUNCTION Data_Array_NonEmpty_partition args: 2 extracted: Just
BindingGroup: Data_Array_NonEmpty_notElem type: ConstrainedType(Func) vars: a
FUNCTION Data_Array_NonEmpty_notElem args: 3 extracted: Just
BindingGroup: Data_Array_NonEmpty_mapMaybe type: Func vars: a, b
FUNCTION Data_Array_NonEmpty_mapMaybe args: 2 extracted: Just
BindingGroup: Data_Array_NonEmpty_length type: Func vars: a
FUNCTION Data_Array_NonEmpty_length args: 1 extracted: Just
BindingGroup: Data_Array_NonEmpty_index type: Func vars: a
FUNCTION Data_Array_NonEmpty_index args: 2 extracted: Nothing
BindingGroup: Data_Array_NonEmpty_foldRecM type: ConstrainedType(Func) vars: a, b, m
FUNCTION Data_Array_NonEmpty_foldRecM args: 4 extracted: Just
BindingGroup: Data_Array_NonEmpty_foldM type: ConstrainedType(Func) vars: a, b, m
FUNCTION Data_Array_NonEmpty_foldM args: 4 extracted: Just
BindingGroup: Data_Array_NonEmpty_findMap type: Func vars: a, b
FUNCTION Data_Array_NonEmpty_findMap args: 2 extracted: Just
BindingGroup: Data_Array_NonEmpty_findLastIndex type: Func vars: a
FUNCTION Data_Array_NonEmpty_findLastIndex args: 2 extracted: Just
BindingGroup: Data_Array_NonEmpty_findIndex type: Func vars: a
FUNCTION Data_Array_NonEmpty_findIndex args: 2 extracted: Just
BindingGroup: Data_Array_NonEmpty_find type: Func vars: a
FUNCTION Data_Array_NonEmpty_find args: 2 extracted: Just
BindingGroup: Data_Array_NonEmpty_filterA type: ConstrainedType(Func) vars: a, f
FUNCTION Data_Array_NonEmpty_filterA args: 3 extracted: Just
BindingGroup: Data_Array_NonEmpty_filter type: Func vars: a
FUNCTION Data_Array_NonEmpty_filter args: 2 extracted: Just
BindingGroup: Data_Array_NonEmpty_elemLastIndex type: ConstrainedType(Func) vars: a
FUNCTION Data_Array_NonEmpty_elemLastIndex args: 3 extracted: Just
BindingGroup: Data_Array_NonEmpty_elemIndex type: ConstrainedType(Func) vars: a
FUNCTION Data_Array_NonEmpty_elemIndex args: 3 extracted: Just
BindingGroup: Data_Array_NonEmpty_elem type: ConstrainedType(Func) vars: a
FUNCTION Data_Array_NonEmpty_elem args: 3 extracted: Just
BindingGroup: Data_Array_NonEmpty_dropWhile type: Func vars: a
FUNCTION Data_Array_NonEmpty_dropWhile args: 2 extracted: Just
BindingGroup: Data_Array_NonEmpty_dropEnd type: Func vars: a
FUNCTION Data_Array_NonEmpty_dropEnd args: 2 extracted: Just
BindingGroup: Data_Array_NonEmpty_drop type: Func vars: a
FUNCTION Data_Array_NonEmpty_drop args: 2 extracted: Just
BindingGroup: Data_Array_NonEmpty_difference type: ConstrainedType(Func) vars: a
FUNCTION Data_Array_NonEmpty_difference args: 3 extracted: Just
BindingGroup: Data_Array_NonEmpty_deleteBy type: Func vars: a
FUNCTION Data_Array_NonEmpty_deleteBy args: 3 extracted: Just
BindingGroup: Data_Array_NonEmpty_deleteAt type: Func vars: a
FUNCTION Data_Array_NonEmpty_deleteAt args: 2 extracted: Just
BindingGroup: Data_Array_NonEmpty_delete type: ConstrainedType(Func) vars: a
FUNCTION Data_Array_NonEmpty_delete args: 3 extracted: Just
BindingGroup: Data_Array_NonEmpty_catMaybes type: Func vars: a
BOXUNBOX EQUAL ARITY: expStr=purust_core::Func1<std::rc::Rc<Purs_Data_Maybe::Maybe<a>>, std::rc::Rc<Purs_Data_Maybe::Maybe<crate::UnknownType>>> actStr=purust_core::Func1<std::rc::Rc<Purs_Data_Maybe::Maybe<a>>, std::rc::Rc<Purs_Data_Maybe::Maybe<a>>>
FUNCTION Data_Array_NonEmpty_catMaybes args: 1 extracted: Just
BindingGroup: Data_Array_NonEmpty_any type: Func vars: a
FUNCTION Data_Array_NonEmpty_any args: 2 extracted: Just
BindingGroup: Data_Array_NonEmpty_all type: Func vars: a
FUNCTION Data_Array_NonEmpty_all args: 2 extracted: Just
BindingGroup: Data_Array_NonEmpty_unsnoc type: Func vars: a
FUNCTION Data_Array_NonEmpty_unsnoc args: 1 extracted: Just
BindingGroup: Data_Array_NonEmpty_toNonEmpty type: Func vars: a
FUNCTION Data_Array_NonEmpty_toNonEmpty args: 1 extracted: Just
BindingGroup: Data_Array_NonEmpty_uncons type: Func vars: a
UNSAFE_COERCE GENERATED: expStr=a actStr=std::rc::Rc<Purs_Data_Maybe::Maybe> expTy=TypeVar(a) actTy=Other
UNSAFE_COERCE GENERATED: expStr=std::rc::Rc<Purs_Data_Maybe::Maybe<crate::UnknownType>> actStr=a expTy=Other actTy=TypeVar(a)
FUNCTION Data_Array_NonEmpty_uncons args: 1 extracted: Just
BindingGroup: Data_Array_NonEmpty_tail type: Func vars: a
UNSAFE_COERCE GENERATED: expStr=a actStr=std::rc::Rc<Purs_Data_Maybe::Maybe> expTy=TypeVar(a) actTy=Other
UNSAFE_COERCE GENERATED: expStr=std::rc::Rc<Purs_Data_Maybe::Maybe<crate::UnknownType>> actStr=a expTy=Other actTy=TypeVar(a)
FUNCTION Data_Array_NonEmpty_tail args: 1 extracted: Just
BindingGroup: Data_Array_NonEmpty_last type: Func vars: a
FUNCTION Data_Array_NonEmpty_last args: 1 extracted: Just
BindingGroup: Data_Array_NonEmpty_init type: Func vars: a
FUNCTION Data_Array_NonEmpty_init args: 1 extracted: Just
BindingGroup: Data_Array_NonEmpty_head type: Func vars: a
FUNCTION Data_Array_NonEmpty_head args: 1 extracted: Just
BindingGroup: Data_Array_NonEmpty_alterAt type: Func vars: a
FUNCTION Data_Array_NonEmpty_alterAt args: 3 extracted: Just
BindingGroup: Data_Array_NonEmpty_appendArray type: Func vars: a
FUNCTION Data_Array_NonEmpty_appendArray args: 2 extracted: Just
BindingGroup: Data_Array_NonEmpty_concat type: Func vars: a
BOXUNBOX EQUAL ARITY: expStr=purust_core::Func1<a, crate::UnknownType> actStr=purust_core::Func1<crate::UnknownType, crate::UnknownType>
FUNCTION Data_Array_NonEmpty_concat args: 1 extracted: Just
BindingGroup: Data_Array_NonEmpty_concatMap type: Func vars: a, b
FUNCTION Data_Array_NonEmpty_concatMap args: 2 extracted: Just
BindingGroup: Data_Array_NonEmpty_fromNonEmpty type: Func vars: a
FUNCTION Data_Array_NonEmpty_fromNonEmpty args: 1 extracted: Just
BindingGroup: Data_Array_NonEmpty_cons_prime type: Func vars: a
FUNCTION Data_Array_NonEmpty_cons_prime args: 2 extracted: Just
BindingGroup: Data_Array_NonEmpty_difference_prime type: ConstrainedType(Func) vars: a
FUNCTION Data_Array_NonEmpty_difference_prime args: 3 extracted: Nothing
BindingGroup: Data_Array_NonEmpty_fold1 type: ConstrainedType(Func) vars: m
BOXUNBOX EQUAL ARITY: expStr=purust_core::Func1<crate::UnknownType, m> actStr=purust_core::Func1<m, m>
FUNCTION Data_Array_NonEmpty_fold1 args: 2 extracted: Nothing
BindingGroup: Data_Array_NonEmpty_foldMap1 type: ConstrainedType(Func) vars: a, m
FUNCTION Data_Array_NonEmpty_foldMap1 args: 3 extracted: Nothing
BindingGroup: Data_Array_NonEmpty_foldl1 type: Func vars: a
FUNCTION Data_Array_NonEmpty_foldl1 args: 2 extracted: Nothing
BindingGroup: Data_Array_NonEmpty_foldr1 type: Func vars: a
FUNCTION Data_Array_NonEmpty_foldr1 args: 2 extracted: Nothing
BindingGroup: Data_Array_NonEmpty_transpose_prime type: Func vars: a
FUNCTION Data_Array_NonEmpty_transpose_prime args: 1 extracted: Just
BindingGroup: Data_Array_NonEmpty_fromFoldable type: ConstrainedType(Func) vars: a, f
FUNCTION Data_Array_NonEmpty_fromFoldable args: 2 extracted: Just
BindingGroup: Data_Array_NonEmpty_fromArray type: Func vars: a
FUNCTION Data_Array_NonEmpty_fromArray args: 1 extracted: Just
BindingGroup: Data_Array_NonEmpty_fromFoldable1 type: ConstrainedType(Func) vars: a, f
FUNCTION Data_Array_NonEmpty_fromFoldable1 args: 2 extracted: Just
BindingGroup: Data_Array_NonEmpty_insertAt type: Func vars: a
FUNCTION Data_Array_NonEmpty_insertAt args: 3 extracted: Just
BindingGroup: Data_Array_NonEmpty_intercalate type: ConstrainedType(Func) vars: a
BOXUNBOX EQUAL ARITY: expStr=purust_core::Func1<a, a> actStr=purust_core::Func1<crate::UnknownType, crate::UnknownType>
BOXUNBOX EQUAL ARITY: expStr=purust_core::Func1<a, a> actStr=purust_core::Func1<crate::UnknownType, crate::UnknownType>
BOXUNBOX EQUAL ARITY: expStr=purust_core::Func1<crate::UnknownType, crate::UnknownType> actStr=purust_core::Func1<a, a>
BOXUNBOX FUNC: expStr=purust_core::Func2<purust_core::Func1<crate::UnknownType, crate::UnknownType>, purust_core::Func1<crate::UnknownType, crate::UnknownType>, purust_core::Func1<crate::UnknownType, crate::UnknownType>> actStr=purust_core::Func3<purust_core::Func1<a, a>, purust_core::Func1<a, a>, a, a>
BOXUNBOX FUNC: expStr=purust_core::Func1<a, crate::UnknownType> actStr=purust_core::Func2<a, crate::UnknownType, crate::UnknownType>
FUNCTION Data_Array_NonEmpty_intercalate args: 3 extracted: Just
BindingGroup: Data_Array_NonEmpty_intersect type: ConstrainedType(Func) vars: a
FUNCTION Data_Array_NonEmpty_intersect args: 3 extracted: Nothing
BindingGroup: Data_Array_NonEmpty_intersect_prime type: ConstrainedType(Func) vars: a
FUNCTION Data_Array_NonEmpty_intersect_prime args: 3 extracted: Nothing
BindingGroup: Data_Array_NonEmpty_intersectBy type: Func vars: a
FUNCTION Data_Array_NonEmpty_intersectBy args: 3 extracted: Just
BindingGroup: Data_Array_NonEmpty_intersectBy_prime type: Func vars: a
FUNCTION Data_Array_NonEmpty_intersectBy_prime args: 3 extracted: Nothing
BindingGroup: Data_Array_NonEmpty_modifyAt type: Func vars: a
FUNCTION Data_Array_NonEmpty_modifyAt args: 3 extracted: Just
BindingGroup: Data_Array_NonEmpty_prependArray type: Func vars: a
FUNCTION Data_Array_NonEmpty_prependArray args: 2 extracted: Just
BindingGroup: Data_Array_NonEmpty_range type: Func vars: 
FUNCTION Data_Array_NonEmpty_range args: 2 extracted: Just
BindingGroup: Data_Array_NonEmpty_replicate type: Func vars: a
FUNCTION Data_Array_NonEmpty_replicate args: 2 extracted: Just
BindingGroup: Data_Array_NonEmpty_singleton type: Func vars: a
FUNCTION Data_Array_NonEmpty_singleton args: 1 extracted: Just
BindingGroup: Data_Array_NonEmpty_snoc type: Func vars: a
FUNCTION Data_Array_NonEmpty_snoc args: 2 extracted: Just
BindingGroup: Data_Array_NonEmpty_snoc_prime type: Func vars: a
FUNCTION Data_Array_NonEmpty_snoc_prime args: 2 extracted: Just
BindingGroup: Data_Array_NonEmpty_some type: ConstrainedType(Func) vars: a, f
FUNCTION Data_Array_NonEmpty_some args: 3 extracted: Just
BindingGroup: Data_Array_NonEmpty_splitAt type: Func vars: a
FUNCTION Data_Array_NonEmpty_splitAt args: 2 extracted: Just
BindingGroup: Data_Array_NonEmpty_zipWithA type: ConstrainedType(Func) vars: a, b, c, m
FUNCTION Data_Array_NonEmpty_zipWithA args: 4 extracted: Just
BindingGroup: Data_Array_NonEmpty_zipWith type: Func vars: a, b, c
FUNCTION Data_Array_NonEmpty_zipWith args: 3 extracted: Just
BindingGroup: Data_Array_NonEmpty_zip type: Func vars: a, b
FUNCTION Data_Array_NonEmpty_zip args: 2 extracted: Just
BindingGroup: Data_Array_NonEmpty_updateAt type: Func vars: a
FUNCTION Data_Array_NonEmpty_updateAt args: 3 extracted: Just
BindingGroup: Data_Array_NonEmpty_unzip type: Func vars: a, b
FUNCTION Data_Array_NonEmpty_unzip args: 1 extracted: Just
BindingGroup: Data_Array_NonEmpty_union type: ConstrainedType(Func) vars: a
FUNCTION Data_Array_NonEmpty_union args: 3 extracted: Nothing
BindingGroup: Data_Array_NonEmpty_unionBy type: Func vars: a
FUNCTION Data_Array_NonEmpty_unionBy args: 3 extracted: Just
BindingGroup: Data_Array_NonEmpty_union_prime type: ConstrainedType(Func) vars: a
FUNCTION Data_Array_NonEmpty_union_prime args: 3 extracted: Nothing
BindingGroup: Data_Array_NonEmpty_unionBy_prime type: Func vars: a
FUNCTION Data_Array_NonEmpty_unionBy_prime args: 3 extracted: Just
BindingGroup: Data_Array_NonEmpty_toArray type: Func vars: a
FUNCTION Data_Array_NonEmpty_toArray args: 1 extracted: Just
BindingGroup: Data_Array_NonEmpty_transpose type: Func vars: a
FUNCTION Data_Array_NonEmpty_transpose args: 1 extracted: Just
findFfiFile [Data.Array.NonEmpty] -> null
Found FFI for Data.Array.NonEmpty at: Nothing
Found FFI for Data.Array.NonEmpty at: Nothing
BindingGroup: Data_Array_Partial_head type: ConstrainedType(Func) vars: a
FUNCTION Data_Array_Partial_head args: 2 extracted: Just
BindingGroup: Data_Array_Partial_init type: ConstrainedType(Func) vars: a
FUNCTION Data_Array_Partial_init args: 2 extracted: Just
BindingGroup: Data_Array_Partial_last type: ConstrainedType(Func) vars: a
FUNCTION Data_Array_Partial_last args: 2 extracted: Just
BindingGroup: Data_Array_Partial_tail type: ConstrainedType(Func) vars: a
FUNCTION Data_Array_Partial_tail args: 2 extracted: Just
findFfiFile [Data.Array.Partial] -> null
Found FFI for Data.Array.Partial at: Nothing
Found FFI for Data.Array.Partial at: Nothing
BindingGroup: Data_Array_ST_Partial_peek type: ConstrainedType(Func) vars: a, h
BOXUNBOX EQUAL ARITY: expStr=purust_core::Func2<i64, crate::UnknownType, crate::UnknownType> actStr=purust_core::Func2<a, crate::UnknownType, crate::UnknownType>
FUNCTION Data_Array_ST_Partial_peek args: 3 extracted: Nothing
BindingGroup: Data_Array_ST_Partial_poke type: ConstrainedType(Func) vars: a, h
genApp runSTFn3 fnTy: ForAll(Func) expectedArgTys len: 4
genApp runSTFn3 arg 0: expectedTy=Other, argTy=Other
BOXUNBOX EQUAL ARITY: expStr=purust_core::Func3<i64, a, crate::UnknownType, crate::UnknownType> actStr=purust_core::Func3<a, crate::UnknownType, crate::UnknownType, crate::UnknownType>
FUNCTION Data_Array_ST_Partial_poke args: 4 extracted: Nothing
findFfiFile [Data.Array.ST.Partial] -> null
Found FFI for Data.Array.ST.Partial at: Nothing
Found FFI for Data.Array.ST.Partial at: Nothing
genFallback pokeImpl args: []
genFallback peekImpl args: []
BindingGroup: Data_Functor_Contravariant_imapC type: ConstrainedType(Func) vars: a, b, f
FUNCTION Data_Functor_Contravariant_imapC args: 4 extracted: Nothing
BindingGroup: Data_Functor_Contravariant_coerce type: ConstrainedType(Func) vars: a, b, f
UNSAFE_COERCE GENERATED: expStr=purust_core::Void actStr=b expTy=Other actTy=TypeVar(b)
BOXUNBOX EQUAL ARITY: expStr=purust_core::Func1<b, a> actStr=purust_core::Func1<purust_core::Void, a>
UNSAFE_COERCE GENERATED: expStr=purust_core::Void actStr=a expTy=Other actTy=TypeVar(a)
BOXUNBOX EQUAL ARITY: expStr=purust_core::Func1<a, b> actStr=purust_core::Func1<purust_core::Void, b>
FUNCTION Data_Functor_Contravariant_coerce args: 3 extracted: Just
BindingGroup: Data_Functor_Contravariant_cmapFlipped type: ConstrainedType(Func) vars: a, b, f
FUNCTION Data_Functor_Contravariant_cmapFlipped args: 3 extracted: Just
BindingGroup: Data_Functor_Contravariant_cmap type: ForAll(ConstrainedType(Func)) vars: 
FUNCTION Data_Functor_Contravariant_cmap args: 3 extracted: Nothing
BindingGroup: Data_Functor_Contravariant_contravariantConst type: Other vars: a
findFfiFile [Data.Functor.Contravariant] -> null
Found FFI for Data.Functor.Contravariant at: Nothing
Found FFI for Data.Functor.Contravariant at: Nothing
BindingGroup: Data_Profunctor_arr type: ConstrainedType(Func) vars: a, b, p
UNSAFE_COERCE GENERATED: expStr=a actStr=b expTy=TypeVar(a) actTy=TypeVar(b)
BOXUNBOX EQUAL ARITY: expStr=purust_core::Func1<b, crate::UnknownType> actStr=purust_core::Func1<a, b>
UNSAFE_COERCE GENERATED: expStr=b actStr=a expTy=TypeVar(b) actTy=TypeVar(a)
BOXUNBOX EQUAL ARITY: expStr=purust_core::Func1<a, b> actStr=purust_core::Func1<a, a>
BOXUNBOX EQUAL ARITY: expStr=purust_core::Func1<crate::UnknownType, crate::UnknownType> actStr=purust_core::Func1<b, crate::UnknownType>
FUNCTION Data_Profunctor_arr args: 3 extracted: Just
BindingGroup: Data_Profunctor_wrapIso type: ConstrainedType(Func) vars: a, p, t
VAR UNSAFE_COERCE: ty=Func genTy=ForAll(Func) mKeys=(fromFoldable ["a","b"]) mVals=TypeVar(t),TypeVar(a)
VAR UNSAFE_COERCE: ty=Func genTy=ForAll(Func) mKeys=(fromFoldable ["a","b"]) mVals=TypeVar(a),TypeVar(t)
BOXUNBOX UNSAFE_COERCE: expStr=purust_core::Func1<a, crate::UnknownType> actStr=purust_core::Func1<t, a> ty=Func actTy=Func
UNSAFE_COERCE GENERATED: expStr=t actStr=a expTy=TypeVar(t) actTy=TypeVar(a)
BOXUNBOX EQUAL ARITY: expStr=purust_core::Func1<a, crate::UnknownType> actStr=purust_core::Func1<t, a>
BOXUNBOX UNSAFE_COERCE: expStr=purust_core::Func1<crate::UnknownType, crate::UnknownType> actStr=purust_core::Func1<a, t> ty=Func actTy=Func
BOXUNBOX EQUAL ARITY: expStr=purust_core::Func1<crate::UnknownType, crate::UnknownType> actStr=purust_core::Func1<a, t>
FUNCTION Data_Profunctor_wrapIso args: 4 extracted: Nothing
BindingGroup: Data_Profunctor_unwrapIso type: ConstrainedType(Func) vars: a, p, t
VAR UNSAFE_COERCE: ty=Func genTy=ForAll(Func) mKeys=(fromFoldable ["a","b"]) mVals=TypeVar(a),TypeVar(t)
VAR UNSAFE_COERCE: ty=Func genTy=ForAll(Func) mKeys=(fromFoldable ["a","b"]) mVals=TypeVar(t),TypeVar(a)
BOXUNBOX UNSAFE_COERCE: expStr=purust_core::Func1<a, crate::UnknownType> actStr=purust_core::Func1<a, t> ty=Func actTy=Func
BOXUNBOX EQUAL ARITY: expStr=purust_core::Func1<a, crate::UnknownType> actStr=purust_core::Func1<a, t>
BOXUNBOX UNSAFE_COERCE: expStr=purust_core::Func1<crate::UnknownType, crate::UnknownType> actStr=purust_core::Func1<t, a> ty=Func actTy=Func
BOXUNBOX EQUAL ARITY: expStr=purust_core::Func1<crate::UnknownType, crate::UnknownType> actStr=purust_core::Func1<t, a>
FUNCTION Data_Profunctor_unwrapIso args: 3 extracted: Nothing
BindingGroup: Data_Profunctor_rmap type: ConstrainedType(Func) vars: a, b, c, p
UNSAFE_COERCE GENERATED: expStr=b actStr=a expTy=TypeVar(b) actTy=TypeVar(a)
BOXUNBOX EQUAL ARITY: expStr=purust_core::Func1<a, b> actStr=purust_core::Func1<a, a>
UNSAFE_COERCE GENERATED: expStr=b actStr=c expTy=TypeVar(b) actTy=TypeVar(c)
BOXUNBOX EQUAL ARITY: expStr=purust_core::Func1<c, crate::UnknownType> actStr=purust_core::Func1<b, c>
FUNCTION Data_Profunctor_rmap args: 3 extracted: Nothing
BindingGroup: Data_Profunctor_lcmap type: ConstrainedType(Func) vars: a, b, c, p
BOXUNBOX EQUAL ARITY: expStr=purust_core::Func1<c, crate::UnknownType> actStr=purust_core::Func1<c, c>
FUNCTION Data_Profunctor_lcmap args: 3 extracted: Nothing
BindingGroup: Data_Profunctor_dimap type: ForAll(ConstrainedType(Func)) vars: 
FUNCTION Data_Profunctor_dimap args: 4 extracted: Nothing
BindingGroup: Data_Profunctor_profunctorFn type: Other vars: 
BOXUNBOX FUNC: expStr=purust_core::Func3<purust_core::Func1<crate::UnknownType, crate::UnknownType>, purust_core::Func1<crate::UnknownType, crate::UnknownType>, crate::UnknownType, crate::UnknownType> actStr=purust_core::Func4<purust_core::Func1<crate::UnknownType, crate::UnknownType>, purust_core::Func1<crate::UnknownType, crate::UnknownType>, purust_core::Func1<crate::UnknownType, crate::UnknownType>, crate::UnknownType, crate::UnknownType>
findFfiFile [Data.Profunctor] -> null
Found FFI for Data.Profunctor at: Nothing
Found FFI for Data.Profunctor at: Nothing
BindingGroup: Data_Functor_Clown_biapplicativeClown type: ConstrainedType(Other) vars: a, f
FUNCTION Data_Functor_Clown_biapplicativeClown args: 1 extracted: Just
BindingGroup: Data_Functor_Clown_biapplyClown type: ConstrainedType(Other) vars: a, f
FUNCTION Data_Functor_Clown_biapplyClown args: 1 extracted: Just
BindingGroup: Data_Functor_Clown_bifunctorClown type: ConstrainedType(Other) vars: a, f
FUNCTION Data_Functor_Clown_bifunctorClown args: 1 extracted: Just
BindingGroup: Data_Functor_Clown_eqClown type: ConstrainedType(Other) vars: a, f
FUNCTION Data_Functor_Clown_eqClown args: 1 extracted: Just
BindingGroup: Data_Functor_Clown_functorClown type: Other vars: a, f
BindingGroup: Data_Functor_Clown_hoistClown type: Func vars: a, f, g
FUNCTION Data_Functor_Clown_hoistClown args: 2 extracted: Just
BindingGroup: Data_Functor_Clown_newtypeClown type: TypeApp(Other, [...]) vars: a, f
BindingGroup: Data_Functor_Clown_ordClown type: ConstrainedType(Other) vars: a, f
FUNCTION Data_Functor_Clown_ordClown args: 1 extracted: Just
BindingGroup: Data_Functor_Clown_profunctorClown type: ConstrainedType(Other) vars: a, f
BOXUNBOX EQUAL ARITY: expStr=purust_core::Func1<crate::UnknownType, a> actStr=purust_core::Func1<a, crate::UnknownType>
FUNCTION Data_Functor_Clown_profunctorClown args: 1 extracted: Just
BindingGroup: Data_Functor_Clown_showClown type: ConstrainedType(Other) vars: a, f
FUNCTION Data_Functor_Clown_showClown args: 1 extracted: Just
BindingGroup: Data_Functor_Clown_Clown type: Func vars: 
FUNCTION Data_Functor_Clown_Clown args: 1 extracted: Just
findFfiFile [Data.Functor.Clown] -> null
Found FFI for Data.Functor.Clown at: Nothing
Found FFI for Data.Functor.Clown at: Nothing
BindingGroup: Data_Functor_Flip_biapplicativeFlip type: ConstrainedType(Other) vars: a, b, p
BOXUNBOX EQUAL ARITY: expStr=purust_core::Func1<a, b> actStr=purust_core::Func1<crate::UnknownType, crate::UnknownType>
BOXUNBOX EQUAL ARITY: expStr=purust_core::Func1<crate::UnknownType, crate::UnknownType> actStr=purust_core::Func1<a, b>
UNSAFE_COERCE GENERATED: expStr=a actStr=b expTy=TypeVar(a) actTy=TypeVar(b)
UNSAFE_COERCE GENERATED: expStr=b actStr=a expTy=TypeVar(b) actTy=TypeVar(a)
FUNCTION Data_Functor_Flip_biapplicativeFlip args: 1 extracted: Just
BindingGroup: Data_Functor_Flip_biapplyFlip type: ConstrainedType(Other) vars: a, b, p
BOXUNBOX EQUAL ARITY: expStr=purust_core::Func1<a, b> actStr=purust_core::Func1<crate::UnknownType, crate::UnknownType>
BOXUNBOX EQUAL ARITY: expStr=purust_core::Func1<crate::UnknownType, crate::UnknownType> actStr=purust_core::Func1<a, b>
FUNCTION Data_Functor_Flip_biapplyFlip args: 1 extracted: Just
BindingGroup: Data_Functor_Flip_bifunctorFlip type: ConstrainedType(Other) vars: a, b, p
BOXUNBOX EQUAL ARITY: expStr=purust_core::Func1<a, b> actStr=purust_core::Func1<crate::UnknownType, crate::UnknownType>
BOXUNBOX EQUAL ARITY: expStr=purust_core::Func1<crate::UnknownType, crate::UnknownType> actStr=purust_core::Func1<a, b>
FUNCTION Data_Functor_Flip_bifunctorFlip args: 1 extracted: Just
BindingGroup: Data_Functor_Flip_categoryFlip type: ConstrainedType(TypeApp(Other, [...])) vars: a, b, p
FUNCTION Data_Functor_Flip_categoryFlip args: 1 extracted: Just
BindingGroup: Data_Functor_Flip_contravariantFlip type: ConstrainedType(Other) vars: a, b, p
UNSAFE_COERCE GENERATED: expStr=b actStr=a expTy=TypeVar(b) actTy=TypeVar(a)
UNSAFE_COERCE GENERATED: expStr=b actStr=a expTy=TypeVar(b) actTy=TypeVar(a)
BOXUNBOX EQUAL ARITY: expStr=purust_core::Func1<a, b> actStr=purust_core::Func1<b, a>
FUNCTION Data_Functor_Flip_contravariantFlip args: 1 extracted: Just
BindingGroup: Data_Functor_Flip_eqFlip type: ConstrainedType(Other) vars: a, b, p
FUNCTION Data_Functor_Flip_eqFlip args: 1 extracted: Just
BindingGroup: Data_Functor_Flip_functorFlip type: ConstrainedType(Other) vars: a, b, p
FUNCTION Data_Functor_Flip_functorFlip args: 1 extracted: Just
BindingGroup: Data_Functor_Flip_newtypeFlip type: TypeApp(Other, [...]) vars: a, b, p
BindingGroup: Data_Functor_Flip_ordFlip type: ConstrainedType(Other) vars: a, b, p
FUNCTION Data_Functor_Flip_ordFlip args: 1 extracted: Just
BindingGroup: Data_Functor_Flip_semigroupoidFlip type: ConstrainedType(TypeApp(Other, [...])) vars: a, b, p
FUNCTION Data_Functor_Flip_semigroupoidFlip args: 1 extracted: Just
BindingGroup: Data_Functor_Flip_showFlip type: ConstrainedType(Other) vars: a, b, p
FUNCTION Data_Functor_Flip_showFlip args: 1 extracted: Just
BindingGroup: Data_Functor_Flip_Flip type: Func vars: 
FUNCTION Data_Functor_Flip_Flip args: 1 extracted: Just
findFfiFile [Data.Functor.Flip] -> null
Found FFI for Data.Functor.Flip at: Nothing
Found FFI for Data.Functor.Flip at: Nothing
BindingGroup: Data_Profunctor_Choice_choiceFn type: Other vars: 
BOXUNBOX FUNC: expStr=purust_core::Func1<crate::UnknownType, crate::UnknownType> actStr=purust_core::Func2<purust_core::Func1<crate::UnknownType, crate::UnknownType>, std::rc::Rc<Purs_Data_Either::Either<crate::UnknownType, crate::UnknownType>>, std::rc::Rc<Purs_Data_Either::Either<crate::UnknownType, crate::UnknownType>>>
BOXUNBOX FUNC: expStr=purust_core::Func1<crate::UnknownType, crate::UnknownType> actStr=purust_core::Func2<purust_core::Func1<crate::UnknownType, crate::UnknownType>, std::rc::Rc<Purs_Data_Either::Either<crate::UnknownType, crate::UnknownType>>, std::rc::Rc<Purs_Data_Either::Either<crate::UnknownType, crate::UnknownType>>>
BindingGroup: Data_Profunctor_Choice_fanin type: ConstrainedType(Func) vars: a, b, c, p
UNSAFE_COERCE GENERATED: expStr=std::rc::Rc<Purs_Data_Either::Either> actStr=b expTy=Other actTy=TypeVar(b)
UNSAFE_COERCE GENERATED: expStr=c actStr=a expTy=TypeVar(c) actTy=TypeVar(a)
UNSAFE_COERCE GENERATED: expStr=std::rc::Rc<Purs_Data_Either::Either> actStr=b expTy=Other actTy=TypeVar(b)
UNSAFE_COERCE GENERATED: expStr=c actStr=b expTy=TypeVar(c) actTy=TypeVar(b)
UNSAFE_COERCE GENERATED: expStr=b actStr=a expTy=TypeVar(b) actTy=TypeVar(a)
BOXUNBOX EQUAL ARITY: expStr=purust_core::Func1<a, b> actStr=purust_core::Func1<a, a>
UNSAFE_COERCE GENERATED: expStr=b actStr=c expTy=TypeVar(b) actTy=TypeVar(c)
BOXUNBOX EQUAL ARITY: expStr=purust_core::Func1<c, crate::UnknownType> actStr=purust_core::Func1<b, c>
FUNCTION Data_Profunctor_Choice_fanin args: 4 extracted: Just
BindingGroup: Data_Profunctor_Choice_splitChoice type: ConstrainedType(Func) vars: a, b, c, d, p
FUNCTION Data_Profunctor_Choice_splitChoice args: 4 extracted: Just
BindingGroup: Data_Profunctor_Choice_left type: ForAll(ConstrainedType(Func)) vars: 
FUNCTION Data_Profunctor_Choice_left args: 2 extracted: Nothing
BindingGroup: Data_Profunctor_Choice_right type: ForAll(ConstrainedType(Func)) vars: 
FUNCTION Data_Profunctor_Choice_right args: 2 extracted: Nothing
findFfiFile [Data.Profunctor.Choice] -> null
Found FFI for Data.Profunctor.Choice at: Nothing
Found FFI for Data.Profunctor.Choice at: Nothing
BindingGroup: Data_Functor_Joker_monadJoker type: ConstrainedType(Other) vars: b, m
FUNCTION Data_Functor_Joker_monadJoker args: 1 extracted: Just
BindingGroup: Data_Functor_Joker_applicativeJoker type: ConstrainedType(Other) vars: b, f
FUNCTION Data_Functor_Joker_applicativeJoker args: 1 extracted: Just
BindingGroup: Data_Functor_Joker_bindJoker type: ConstrainedType(Other) vars: b, f
FUNCTION Data_Functor_Joker_bindJoker args: 1 extracted: Just
BindingGroup: Data_Functor_Joker_applyJoker type: ConstrainedType(Other) vars: b, f
FUNCTION Data_Functor_Joker_applyJoker args: 1 extracted: Just
BindingGroup: Data_Functor_Joker_biapplicativeJoker type: ConstrainedType(Other) vars: b, g
BOXUNBOX EQUAL ARITY: expStr=purust_core::Func1<crate::UnknownType, b> actStr=purust_core::Func1<crate::UnknownType, crate::UnknownType>
FUNCTION Data_Functor_Joker_biapplicativeJoker args: 1 extracted: Just
BindingGroup: Data_Functor_Joker_biapplyJoker type: ConstrainedType(Other) vars: b, g
BOXUNBOX EQUAL ARITY: expStr=purust_core::Func1<crate::UnknownType, b> actStr=purust_core::Func1<crate::UnknownType, crate::UnknownType>
FUNCTION Data_Functor_Joker_biapplyJoker args: 1 extracted: Just
BindingGroup: Data_Functor_Joker_bifunctorJoker type: ConstrainedType(Other) vars: b, g
BOXUNBOX EQUAL ARITY: expStr=purust_core::Func1<crate::UnknownType, b> actStr=purust_core::Func1<crate::UnknownType, crate::UnknownType>
FUNCTION Data_Functor_Joker_bifunctorJoker args: 1 extracted: Just
BindingGroup: Data_Functor_Joker_choiceJoker type: ConstrainedType(Other) vars: b, f
BOXUNBOX EQUAL ARITY: expStr=purust_core::Func1<crate::UnknownType, b> actStr=purust_core::Func1<crate::UnknownType, crate::UnknownType>
BOXUNBOX EQUAL ARITY: expStr=purust_core::Func1<b, std::rc::Rc<Purs_Data_Either::Either<b, crate::UnknownType>>> actStr=purust_core::Func1<b, std::rc::Rc<Purs_Data_Either::Either<crate::UnknownType, crate::UnknownType>>>
UNSAFE_COERCE GENERATED: expStr=b actStr=std::rc::Rc<Purs_Data_Either::Either<b, crate::UnknownType>> expTy=TypeVar(b) actTy=Other
BOXUNBOX EQUAL ARITY: expStr=purust_core::Func1<crate::UnknownType, b> actStr=purust_core::Func1<b, std::rc::Rc<Purs_Data_Either::Either<b, crate::UnknownType>>>
UNSAFE_COERCE GENERATED: expStr=b actStr=std::rc::Rc<Purs_Data_Either::Either<crate::UnknownType, crate::UnknownType>> expTy=TypeVar(b) actTy=Other
BOXUNBOX EQUAL ARITY: expStr=purust_core::Func1<crate::UnknownType, b> actStr=purust_core::Func1<crate::UnknownType, std::rc::Rc<Purs_Data_Either::Either<crate::UnknownType, crate::UnknownType>>>
FUNCTION Data_Functor_Joker_choiceJoker args: 1 extracted: Just
BindingGroup: Data_Functor_Joker_eqJoker type: ConstrainedType(Other) vars: b, f
FUNCTION Data_Functor_Joker_eqJoker args: 1 extracted: Just
BindingGroup: Data_Functor_Joker_functorJoker type: ConstrainedType(Other) vars: b, f
FUNCTION Data_Functor_Joker_functorJoker args: 1 extracted: Just
BindingGroup: Data_Functor_Joker_hoistJoker type: Func vars: b, f, g
FUNCTION Data_Functor_Joker_hoistJoker args: 2 extracted: Just
BindingGroup: Data_Functor_Joker_newtypeJoker type: TypeApp(Other, [...]) vars: b, f
BindingGroup: Data_Functor_Joker_ordJoker type: ConstrainedType(Other) vars: b, f
FUNCTION Data_Functor_Joker_ordJoker args: 1 extracted: Just
BindingGroup: Data_Functor_Joker_profunctorJoker type: ConstrainedType(Other) vars: b, f
BOXUNBOX EQUAL ARITY: expStr=purust_core::Func1<crate::UnknownType, b> actStr=purust_core::Func1<crate::UnknownType, crate::UnknownType>
FUNCTION Data_Functor_Joker_profunctorJoker args: 1 extracted: Just
BindingGroup: Data_Functor_Joker_showJoker type: ConstrainedType(Other) vars: b, f
FUNCTION Data_Functor_Joker_showJoker args: 1 extracted: Just
BindingGroup: Data_Functor_Joker_Joker type: Func vars: 
FUNCTION Data_Functor_Joker_Joker args: 1 extracted: Just
findFfiFile [Data.Functor.Joker] -> null
Found FFI for Data.Functor.Joker at: Nothing
Found FFI for Data.Functor.Joker at: Nothing
BindingGroup: Data_Functor_Product2_biapplicativeProduct2 type: ConstrainedType(Other) vars: f, g
FUNCTION Data_Functor_Product2_biapplicativeProduct2 args: 2 extracted: Just
BindingGroup: Data_Functor_Product2_biapplyProduct2 type: ConstrainedType(Other) vars: f, g
FUNCTION Data_Functor_Product2_biapplyProduct2 args: 2 extracted: Just
BindingGroup: Data_Functor_Product2_bifunctorProduct2 type: ConstrainedType(Other) vars: f, g
FUNCTION Data_Functor_Product2_bifunctorProduct2 args: 2 extracted: Just
BindingGroup: Data_Functor_Product2_ordProduct2 type: ConstrainedType(Other) vars: a, b, f, g
FUNCTION Data_Functor_Product2_ordProduct2 args: 2 extracted: Just
BindingGroup: Data_Functor_Product2_eqProduct2 type: ConstrainedType(Other) vars: a, b, f, g
FUNCTION Data_Functor_Product2_eqProduct2 args: 2 extracted: Just
BindingGroup: Data_Functor_Product2_functorProduct2 type: ConstrainedType(Other) vars: a, f, g
FUNCTION Data_Functor_Product2_functorProduct2 args: 2 extracted: Just
BindingGroup: Data_Functor_Product2_profunctorProduct2 type: ConstrainedType(Other) vars: f, g
FUNCTION Data_Functor_Product2_profunctorProduct2 args: 2 extracted: Just
BindingGroup: Data_Functor_Product2_showProduct2 type: ConstrainedType(Other) vars: a, b, f, g
FUNCTION Data_Functor_Product2_showProduct2 args: 2 extracted: Just
BindingGroup: Data_Functor_Product2_Product2 type: Func vars: a, b, f, g
FUNCTION Data_Functor_Product2_Product2 args: 2 extracted: Nothing
findFfiFile [Data.Functor.Product2] -> null
Found FFI for Data.Functor.Product2 at: Nothing
Found FFI for Data.Functor.Product2 at: Nothing
BindingGroup: Data_Bifoldable_bifoldrDefault type: ConstrainedType(Func) vars: a, b, c, p
UNSAFE_COERCE GENERATED: expStr=b actStr=a expTy=TypeVar(b) actTy=TypeVar(a)
UNSAFE_COERCE GENERATED: expStr=a actStr=b expTy=TypeVar(a) actTy=TypeVar(b)
FUNCTION Data_Bifoldable_bifoldrDefault args: 5 extracted: Just
BindingGroup: Data_Bifoldable_bifoldlDefault type: ConstrainedType(Func) vars: a, b, c, p
UNSAFE_COERCE GENERATED: expStr=b actStr=a expTy=TypeVar(b) actTy=TypeVar(a)
UNSAFE_COERCE GENERATED: expStr=c actStr=a expTy=TypeVar(c) actTy=TypeVar(a)
UNSAFE_COERCE GENERATED: expStr=a actStr=b expTy=TypeVar(a) actTy=TypeVar(b)
UNSAFE_COERCE GENERATED: expStr=c actStr=a expTy=TypeVar(c) actTy=TypeVar(a)
FUNCTION Data_Bifoldable_bifoldlDefault args: 5 extracted: Just
BindingGroup: Data_Bifoldable_bifoldableFlip type: ConstrainedType(Other) vars: a, b, p
UNSAFE_COERCE GENERATED: expStr=b actStr=a expTy=TypeVar(b) actTy=TypeVar(a)
BOXUNBOX EQUAL ARITY: expStr=purust_core::Func2<a, crate::UnknownType, crate::UnknownType> actStr=purust_core::Func2<b, crate::UnknownType, crate::UnknownType>
UNSAFE_COERCE GENERATED: expStr=a actStr=b expTy=TypeVar(a) actTy=TypeVar(b)
BOXUNBOX EQUAL ARITY: expStr=purust_core::Func2<b, crate::UnknownType, crate::UnknownType> actStr=purust_core::Func2<a, crate::UnknownType, crate::UnknownType>
UNSAFE_COERCE GENERATED: expStr=b actStr=a expTy=TypeVar(b) actTy=TypeVar(a)
BOXUNBOX EQUAL ARITY: expStr=purust_core::Func2<crate::UnknownType, a, crate::UnknownType> actStr=purust_core::Func2<crate::UnknownType, b, crate::UnknownType>
UNSAFE_COERCE GENERATED: expStr=a actStr=b expTy=TypeVar(a) actTy=TypeVar(b)
BOXUNBOX EQUAL ARITY: expStr=purust_core::Func2<crate::UnknownType, b, crate::UnknownType> actStr=purust_core::Func2<crate::UnknownType, a, crate::UnknownType>
UNSAFE_COERCE GENERATED: expStr=b actStr=a expTy=TypeVar(b) actTy=TypeVar(a)
BOXUNBOX EQUAL ARITY: expStr=purust_core::Func1<a, crate::UnknownType> actStr=purust_core::Func1<b, crate::UnknownType>
UNSAFE_COERCE GENERATED: expStr=a actStr=b expTy=TypeVar(a) actTy=TypeVar(b)
BOXUNBOX EQUAL ARITY: expStr=purust_core::Func1<b, crate::UnknownType> actStr=purust_core::Func1<a, crate::UnknownType>
FUNCTION Data_Bifoldable_bifoldableFlip args: 1 extracted: Just
BindingGroup: Data_Bifoldable_bifoldMap type: ForAll(ConstrainedType(Func)) vars: 
FUNCTION Data_Bifoldable_bifoldMap args: 5 extracted: Nothing
BindingGroup: Data_Bifoldable_bifoldMapDefaultL type: ConstrainedType(Func) vars: a, b, m, p
BOXUNBOX EQUAL ARITY: expStr=purust_core::Func2<crate::UnknownType, a, crate::UnknownType> actStr=purust_core::Func2<m, a, m>
BOXUNBOX EQUAL ARITY: expStr=purust_core::Func2<crate::UnknownType, b, crate::UnknownType> actStr=purust_core::Func2<m, b, m>
BOXUNBOX EQUAL ARITY: expStr=purust_core::Func1<crate::UnknownType, m> actStr=purust_core::Func1<crate::UnknownType, crate::UnknownType>
FUNCTION Data_Bifoldable_bifoldMapDefaultL args: 5 extracted: Nothing
BindingGroup: Data_Bifoldable_bifoldMapDefaultR type: ConstrainedType(Func) vars: a, b, m, p
UNSAFE_COERCE GENERATED: expStr=b actStr=a expTy=TypeVar(b) actTy=TypeVar(a)
UNSAFE_COERCE GENERATED: expStr=a actStr=b expTy=TypeVar(a) actTy=TypeVar(b)
BOXUNBOX EQUAL ARITY: expStr=purust_core::Func2<a, crate::UnknownType, crate::UnknownType> actStr=purust_core::Func2<a, m, m>
BOXUNBOX EQUAL ARITY: expStr=purust_core::Func2<b, crate::UnknownType, crate::UnknownType> actStr=purust_core::Func2<b, m, m>
BOXUNBOX EQUAL ARITY: expStr=purust_core::Func1<crate::UnknownType, m> actStr=purust_core::Func1<crate::UnknownType, crate::UnknownType>
FUNCTION Data_Bifoldable_bifoldMapDefaultR args: 5 extracted: Nothing
BindingGroup: Data_Bifoldable_bifoldableClown type: ConstrainedType(Other) vars: a, f
FUNCTION Data_Bifoldable_bifoldableClown args: 1 extracted: Just
BindingGroup: Data_Bifoldable_bifoldableConst type: Other vars: a
BindingGroup: Data_Bifoldable_bifoldableEither type: Other vars: 
BindingGroup: Data_Bifoldable_bifoldableJoker type: ConstrainedType(Other) vars: b, f
BOXUNBOX EQUAL ARITY: expStr=purust_core::Func2<crate::UnknownType, b, b> actStr=purust_core::Func2<b, crate::UnknownType, crate::UnknownType>
BOXUNBOX EQUAL ARITY: expStr=purust_core::Func2<b, crate::UnknownType, b> actStr=purust_core::Func2<crate::UnknownType, b, crate::UnknownType>
BOXUNBOX EQUAL ARITY: expStr=purust_core::Func1<crate::UnknownType, crate::UnknownType> actStr=purust_core::Func1<b, crate::UnknownType>
FUNCTION Data_Bifoldable_bifoldableJoker args: 1 extracted: Just
BindingGroup: Data_Bifoldable_bifoldableTuple type: Other vars: 
BindingGroup: Data_Bifoldable_bifoldl type: ForAll(ConstrainedType(Func)) vars: 
FUNCTION Data_Bifoldable_bifoldl args: 5 extracted: Nothing
BindingGroup: Data_Bifoldable_bisequence_ type: ConstrainedType(Func) vars: a, b, f, t
BOXUNBOX EQUAL ARITY: expStr=purust_core::Func1<a, crate::UnknownType> actStr=purust_core::Func1<crate::UnknownType, crate::UnknownType>
BOXUNBOX EQUAL ARITY: expStr=purust_core::Func1<b, crate::UnknownType> actStr=purust_core::Func1<crate::UnknownType, crate::UnknownType>
FUNCTION Data_Bifoldable_bisequence_ args: 3 extracted: Nothing
BindingGroup: Data_Bifoldable_bifor_ type: ConstrainedType(Func) vars: a, b, c, d, f, t
FUNCTION Data_Bifoldable_bifor_ args: 5 extracted: Just
BindingGroup: Data_Bifoldable_bitraverse_ type: ConstrainedType(Func) vars: a, b, c, d, f, t
UNSAFE_COERCE GENERATED: expStr=a actStr=t expTy=TypeVar(a) actTy=TypeVar(t)
BOXUNBOX FUNC: expStr=purust_core::Func1<a, b> actStr=purust_core::Func2<a, b, b>
UNSAFE_COERCE GENERATED: expStr=a actStr=t expTy=TypeVar(a) actTy=TypeVar(t)
BOXUNBOX FUNC: expStr=purust_core::Func1<a, b> actStr=purust_core::Func2<a, b, b>
UNSAFE_COERCE GENERATED: expStr=b actStr=a expTy=TypeVar(b) actTy=TypeVar(a)
UNSAFE_COERCE GENERATED: expStr=a actStr=b expTy=TypeVar(a) actTy=TypeVar(b)
BOXUNBOX EQUAL ARITY: expStr=purust_core::Func2<a, c, c> actStr=purust_core::Func2<a, crate::UnknownType, crate::UnknownType>
BOXUNBOX EQUAL ARITY: expStr=purust_core::Func2<b, c, c> actStr=purust_core::Func2<b, crate::UnknownType, crate::UnknownType>
BOXUNBOX EQUAL ARITY: expStr=purust_core::Func1<crate::UnknownType, crate::UnknownType> actStr=purust_core::Func1<crate::UnknownType, c>
FUNCTION Data_Bifoldable_bitraverse_ args: 5 extracted: Nothing
BindingGroup: Data_Bifoldable_bifoldr type: ForAll(ConstrainedType(Func)) vars: 
FUNCTION Data_Bifoldable_bifoldr args: 5 extracted: Nothing
BindingGroup: Data_Bifoldable_bifoldableProduct2 type: ConstrainedType(Other) vars: f, g
FUNCTION Data_Bifoldable_bifoldableProduct2 args: 2 extracted: Just
BindingGroup: Data_Bifoldable_biall type: ConstrainedType(Func) vars: a, b, c, t
UNSAFE_COERCE GENERATED: expStr=c actStr=a expTy=TypeVar(c) actTy=TypeVar(a)
UNSAFE_COERCE GENERATED: expStr=c actStr=a expTy=TypeVar(c) actTy=TypeVar(a)
UNSAFE_COERCE GENERATED: expStr=a actStr=c expTy=TypeVar(a) actTy=TypeVar(c)
UNSAFE_COERCE GENERATED: expStr=a actStr=c expTy=TypeVar(a) actTy=TypeVar(c)
UNSAFE_COERCE GENERATED: expStr=b actStr=a expTy=TypeVar(b) actTy=TypeVar(a)
UNSAFE_COERCE GENERATED: expStr=a actStr=b expTy=TypeVar(a) actTy=TypeVar(b)
BOXUNBOX EQUAL ARITY: expStr=purust_core::Func1<a, crate::UnknownType> actStr=purust_core::Func1<a, c>
BOXUNBOX EQUAL ARITY: expStr=purust_core::Func1<b, crate::UnknownType> actStr=purust_core::Func1<b, c>
FUNCTION Data_Bifoldable_biall args: 5 extracted: Just
BindingGroup: Data_Bifoldable_biany type: ConstrainedType(Func) vars: a, b, c, t
UNSAFE_COERCE GENERATED: expStr=c actStr=a expTy=TypeVar(c) actTy=TypeVar(a)
UNSAFE_COERCE GENERATED: expStr=c actStr=a expTy=TypeVar(c) actTy=TypeVar(a)
UNSAFE_COERCE GENERATED: expStr=a actStr=c expTy=TypeVar(a) actTy=TypeVar(c)
UNSAFE_COERCE GENERATED: expStr=a actStr=c expTy=TypeVar(a) actTy=TypeVar(c)
UNSAFE_COERCE GENERATED: expStr=b actStr=a expTy=TypeVar(b) actTy=TypeVar(a)
UNSAFE_COERCE GENERATED: expStr=a actStr=b expTy=TypeVar(a) actTy=TypeVar(b)
BOXUNBOX EQUAL ARITY: expStr=purust_core::Func1<a, crate::UnknownType> actStr=purust_core::Func1<a, c>
BOXUNBOX EQUAL ARITY: expStr=purust_core::Func1<b, crate::UnknownType> actStr=purust_core::Func1<b, c>
FUNCTION Data_Bifoldable_biany args: 5 extracted: Just
BindingGroup: Data_Bifoldable_bifold type: ConstrainedType(Func) vars: m, t
UNSAFE_COERCE GENERATED: expStr=t actStr=m expTy=TypeVar(t) actTy=TypeVar(m)
UNSAFE_COERCE GENERATED: expStr=m actStr=t expTy=TypeVar(m) actTy=TypeVar(t)
UNSAFE_COERCE GENERATED: expStr=t actStr=m expTy=TypeVar(t) actTy=TypeVar(m)
UNSAFE_COERCE GENERATED: expStr=m actStr=t expTy=TypeVar(m) actTy=TypeVar(t)
BOXUNBOX EQUAL ARITY: expStr=purust_core::Func1<crate::UnknownType, m> actStr=purust_core::Func1<m, m>
BOXUNBOX EQUAL ARITY: expStr=purust_core::Func1<crate::UnknownType, m> actStr=purust_core::Func1<m, m>
FUNCTION Data_Bifoldable_bifold args: 3 extracted: Nothing
findFfiFile [Data.Bifoldable] -> null
Found FFI for Data.Bifoldable at: Nothing
Found FFI for Data.Bifoldable at: Nothing
BindingGroup: Data_Bifunctor_Join_biapplicativeJoin type: ConstrainedType(Other) vars: a, p
BOXUNBOX EQUAL ARITY: expStr=purust_core::Func1<crate::UnknownType, crate::UnknownType> actStr=purust_core::Func1<a, crate::UnknownType>
FUNCTION Data_Bifunctor_Join_biapplicativeJoin args: 1 extracted: Just
BindingGroup: Data_Bifunctor_Join_biapplyJoin type: ConstrainedType(Other) vars: a, p
BOXUNBOX EQUAL ARITY: expStr=purust_core::Func1<crate::UnknownType, crate::UnknownType> actStr=purust_core::Func1<a, crate::UnknownType>
FUNCTION Data_Bifunctor_Join_biapplyJoin args: 1 extracted: Just
BindingGroup: Data_Bifunctor_Join_bifunctorJoin type: ConstrainedType(Other) vars: a, p
BOXUNBOX EQUAL ARITY: expStr=purust_core::Func1<crate::UnknownType, crate::UnknownType> actStr=purust_core::Func1<a, crate::UnknownType>
FUNCTION Data_Bifunctor_Join_bifunctorJoin args: 1 extracted: Just
BindingGroup: Data_Bifunctor_Join_eqJoin type: ConstrainedType(Other) vars: a, p
FUNCTION Data_Bifunctor_Join_eqJoin args: 1 extracted: Just
BindingGroup: Data_Bifunctor_Join_newtypeJoin type: TypeApp(Other, [...]) vars: a, p
BindingGroup: Data_Bifunctor_Join_ordJoin type: ConstrainedType(Other) vars: a, p
FUNCTION Data_Bifunctor_Join_ordJoin args: 1 extracted: Just
BindingGroup: Data_Bifunctor_Join_showJoin type: ConstrainedType(Other) vars: a, p
FUNCTION Data_Bifunctor_Join_showJoin args: 1 extracted: Just
BindingGroup: Data_Bifunctor_Join_Join type: Func vars: 
FUNCTION Data_Bifunctor_Join_Join args: 1 extracted: Just
findFfiFile [Data.Bifunctor.Join] -> null
Found FFI for Data.Bifunctor.Join at: Nothing
Found FFI for Data.Bifunctor.Join at: Nothing
BindingGroup: Data_Bitraversable_bifor type: ConstrainedType(Func) vars: a, b, c, d, f, t
FUNCTION Data_Bitraversable_bifor args: 5 extracted: Just
BindingGroup: Data_Bitraversable_bitraverseDefault type: ConstrainedType(Func) vars: a, b, c, d, f, t
BOXUNBOX EQUAL ARITY: expStr=purust_core::Func1<a, b> actStr=purust_core::Func1<a, crate::UnknownType>
UNSAFE_COERCE GENERATED: expStr=b actStr=c expTy=TypeVar(b) actTy=TypeVar(c)
BOXUNBOX EQUAL ARITY: expStr=purust_core::Func1<c, d> actStr=purust_core::Func1<b, crate::UnknownType>
FUNCTION Data_Bitraversable_bitraverseDefault args: 5 extracted: Just
BindingGroup: Data_Bitraversable_bitraversableProduct2 type: ConstrainedType(Other) vars: f, g
BOXUNBOX EQUAL ARITY: expStr=purust_core::Func2<crate::UnknownType, crate::UnknownType, std::rc::Rc<Purs_Data_Functor_Product2::Product2<f, g, crate::UnknownType, crate::UnknownType>>> actStr=purust_core::Func2<crate::UnknownType, crate::UnknownType, std::rc::Rc<Purs_Data_Functor_Product2::Product2<crate::UnknownType, crate::UnknownType, crate::UnknownType, crate::UnknownType>>>
BOXUNBOX FUNC: expStr=purust_core::Func1<crate::UnknownType, crate::UnknownType> actStr=purust_core::Func2<crate::UnknownType, crate::UnknownType, std::rc::Rc<Purs_Data_Functor_Product2::Product2<f, g, crate::UnknownType, crate::UnknownType>>>
BOXUNBOX EQUAL ARITY: expStr=purust_core::Func2<crate::UnknownType, crate::UnknownType, std::rc::Rc<Purs_Data_Functor_Product2::Product2<f, g, crate::UnknownType, crate::UnknownType>>> actStr=purust_core::Func2<crate::UnknownType, crate::UnknownType, std::rc::Rc<Purs_Data_Functor_Product2::Product2<crate::UnknownType, crate::UnknownType, crate::UnknownType, crate::UnknownType>>>
BOXUNBOX FUNC: expStr=purust_core::Func1<crate::UnknownType, crate::UnknownType> actStr=purust_core::Func2<crate::UnknownType, crate::UnknownType, std::rc::Rc<Purs_Data_Functor_Product2::Product2<f, g, crate::UnknownType, crate::UnknownType>>>
FUNCTION Data_Bitraversable_bitraversableProduct2 args: 2 extracted: Just
BindingGroup: Data_Bitraversable_bitraversableFlip type: ConstrainedType(Other) vars: a, b, p
BOXUNBOX EQUAL ARITY: expStr=purust_core::Func1<a, b> actStr=purust_core::Func1<crate::UnknownType, crate::UnknownType>
BOXUNBOX EQUAL ARITY: expStr=purust_core::Func1<crate::UnknownType, crate::UnknownType> actStr=purust_core::Func1<a, b>
UNSAFE_COERCE GENERATED: expStr=b actStr=a expTy=TypeVar(b) actTy=TypeVar(a)
BOXUNBOX EQUAL ARITY: expStr=purust_core::Func2<a, crate::UnknownType, crate::UnknownType> actStr=purust_core::Func2<b, crate::UnknownType, crate::UnknownType>
UNSAFE_COERCE GENERATED: expStr=a actStr=b expTy=TypeVar(a) actTy=TypeVar(b)
BOXUNBOX EQUAL ARITY: expStr=purust_core::Func2<b, crate::UnknownType, crate::UnknownType> actStr=purust_core::Func2<a, crate::UnknownType, crate::UnknownType>
UNSAFE_COERCE GENERATED: expStr=b actStr=a expTy=TypeVar(b) actTy=TypeVar(a)
BOXUNBOX EQUAL ARITY: expStr=purust_core::Func2<crate::UnknownType, a, crate::UnknownType> actStr=purust_core::Func2<crate::UnknownType, b, crate::UnknownType>
UNSAFE_COERCE GENERATED: expStr=a actStr=b expTy=TypeVar(a) actTy=TypeVar(b)
BOXUNBOX EQUAL ARITY: expStr=purust_core::Func2<crate::UnknownType, b, crate::UnknownType> actStr=purust_core::Func2<crate::UnknownType, a, crate::UnknownType>
UNSAFE_COERCE GENERATED: expStr=b actStr=a expTy=TypeVar(b) actTy=TypeVar(a)
BOXUNBOX EQUAL ARITY: expStr=purust_core::Func1<a, crate::UnknownType> actStr=purust_core::Func1<b, crate::UnknownType>
UNSAFE_COERCE GENERATED: expStr=a actStr=b expTy=TypeVar(a) actTy=TypeVar(b)
BOXUNBOX EQUAL ARITY: expStr=purust_core::Func1<b, crate::UnknownType> actStr=purust_core::Func1<a, crate::UnknownType>
UNSAFE_COERCE GENERATED: expStr=b actStr=a expTy=TypeVar(b) actTy=TypeVar(a)
BOXUNBOX EQUAL ARITY: expStr=purust_core::Func1<a, crate::UnknownType> actStr=purust_core::Func1<b, crate::UnknownType>
UNSAFE_COERCE GENERATED: expStr=a actStr=b expTy=TypeVar(a) actTy=TypeVar(b)
BOXUNBOX EQUAL ARITY: expStr=purust_core::Func1<b, crate::UnknownType> actStr=purust_core::Func1<a, crate::UnknownType>
BOXUNBOX EQUAL ARITY: expStr=purust_core::Func1<a, b> actStr=purust_core::Func1<crate::UnknownType, crate::UnknownType>
BOXUNBOX EQUAL ARITY: expStr=purust_core::Func1<a, b> actStr=purust_core::Func1<crate::UnknownType, crate::UnknownType>
FUNCTION Data_Bitraversable_bitraversableFlip args: 1 extracted: Just
BindingGroup: Data_Bitraversable_bisequence type: ForAll(ConstrainedType(Func)) vars: 
FUNCTION Data_Bitraversable_bisequence args: 3 extracted: Nothing
BindingGroup: Data_Bitraversable_bisequenceDefault type: ConstrainedType(Func) vars: a, b, f, t
BOXUNBOX EQUAL ARITY: expStr=purust_core::Func1<a, crate::UnknownType> actStr=purust_core::Func1<crate::UnknownType, crate::UnknownType>
BOXUNBOX EQUAL ARITY: expStr=purust_core::Func1<b, crate::UnknownType> actStr=purust_core::Func1<crate::UnknownType, crate::UnknownType>
FUNCTION Data_Bitraversable_bisequenceDefault args: 3 extracted: Nothing
BindingGroup: Data_Bitraversable_bitraversableClown type: ConstrainedType(Other) vars: a, f
BOXUNBOX EQUAL ARITY: expStr=purust_core::Func1<a, crate::UnknownType> actStr=purust_core::Func1<crate::UnknownType, crate::UnknownType>
BOXUNBOX EQUAL ARITY: expStr=purust_core::Func1<a, crate::UnknownType> actStr=purust_core::Func1<crate::UnknownType, crate::UnknownType>
FUNCTION Data_Bitraversable_bitraversableClown args: 1 extracted: Just
BindingGroup: Data_Bitraversable_bitraversableConst type: Other vars: a
BOXUNBOX EQUAL ARITY: expStr=purust_core::Func1<a, crate::UnknownType> actStr=purust_core::Func1<crate::UnknownType, crate::UnknownType>
BOXUNBOX EQUAL ARITY: expStr=purust_core::Func1<a, crate::UnknownType> actStr=purust_core::Func1<crate::UnknownType, crate::UnknownType>
BindingGroup: Data_Bitraversable_bitraversableEither type: Other vars: 
BOXUNBOX EQUAL ARITY: expStr=purust_core::Func1<crate::UnknownType, crate::UnknownType> actStr=purust_core::Func1<crate::UnknownType, std::rc::Rc<Purs_Data_Either::Either<crate::UnknownType, crate::UnknownType>>>
BOXUNBOX EQUAL ARITY: expStr=purust_core::Func1<crate::UnknownType, crate::UnknownType> actStr=purust_core::Func1<crate::UnknownType, std::rc::Rc<Purs_Data_Either::Either<crate::UnknownType, crate::UnknownType>>>
BOXUNBOX EQUAL ARITY: expStr=purust_core::Func1<crate::UnknownType, crate::UnknownType> actStr=purust_core::Func1<crate::UnknownType, std::rc::Rc<Purs_Data_Either::Either<crate::UnknownType, crate::UnknownType>>>
BOXUNBOX EQUAL ARITY: expStr=purust_core::Func1<crate::UnknownType, crate::UnknownType> actStr=purust_core::Func1<crate::UnknownType, std::rc::Rc<Purs_Data_Either::Either<crate::UnknownType, crate::UnknownType>>>
BindingGroup: Data_Bitraversable_bitraversableJoker type: ConstrainedType(Other) vars: b, f
BOXUNBOX EQUAL ARITY: expStr=purust_core::Func1<crate::UnknownType, b> actStr=purust_core::Func1<crate::UnknownType, crate::UnknownType>
BOXUNBOX EQUAL ARITY: expStr=purust_core::Func2<crate::UnknownType, b, b> actStr=purust_core::Func2<b, crate::UnknownType, crate::UnknownType>
BOXUNBOX EQUAL ARITY: expStr=purust_core::Func2<b, crate::UnknownType, b> actStr=purust_core::Func2<crate::UnknownType, b, crate::UnknownType>
BOXUNBOX EQUAL ARITY: expStr=purust_core::Func1<crate::UnknownType, crate::UnknownType> actStr=purust_core::Func1<b, crate::UnknownType>
BOXUNBOX EQUAL ARITY: expStr=purust_core::Func1<crate::UnknownType, crate::UnknownType> actStr=purust_core::Func1<b, crate::UnknownType>
BOXUNBOX EQUAL ARITY: expStr=purust_core::Func1<crate::UnknownType, b> actStr=purust_core::Func1<crate::UnknownType, crate::UnknownType>
BOXUNBOX EQUAL ARITY: expStr=purust_core::Func1<crate::UnknownType, b> actStr=purust_core::Func1<crate::UnknownType, crate::UnknownType>
FUNCTION Data_Bitraversable_bitraversableJoker args: 1 extracted: Just
BindingGroup: Data_Bitraversable_bitraversableTuple type: Other vars: 
BOXUNBOX FUNC: expStr=purust_core::Func1<crate::UnknownType, crate::UnknownType> actStr=purust_core::Func2<crate::UnknownType, crate::UnknownType, std::rc::Rc<Purs_Data_Tuple::Tuple<crate::UnknownType, crate::UnknownType>>>
BOXUNBOX FUNC: expStr=purust_core::Func1<crate::UnknownType, crate::UnknownType> actStr=purust_core::Func2<crate::UnknownType, crate::UnknownType, std::rc::Rc<Purs_Data_Tuple::Tuple<crate::UnknownType, crate::UnknownType>>>
BindingGroup: Data_Bitraversable_rtraverse type: ConstrainedType(Func) vars: a, b, c, f, t
FUNCTION Data_Bitraversable_rtraverse args: 4 extracted: Nothing
BindingGroup: Data_Bitraversable_rfor type: ConstrainedType(Func) vars: a, b, c, f, t
FUNCTION Data_Bitraversable_rfor args: 4 extracted: Just
BindingGroup: Data_Bitraversable_ltraverse type: ConstrainedType(Func) vars: a, b, c, f, t
UNSAFE_COERCE GENERATED: expStr=a actStr=b expTy=TypeVar(a) actTy=TypeVar(b)
BOXUNBOX EQUAL ARITY: expStr=purust_core::Func1<b, crate::UnknownType> actStr=purust_core::Func1<a, crate::UnknownType>
FUNCTION Data_Bitraversable_ltraverse args: 4 extracted: Nothing
BindingGroup: Data_Bitraversable_lfor type: ConstrainedType(Func) vars: a, b, c, f, t
UNSAFE_COERCE GENERATED: expStr=a actStr=b expTy=TypeVar(a) actTy=TypeVar(b)
BOXUNBOX EQUAL ARITY: expStr=purust_core::Func1<b, crate::UnknownType> actStr=purust_core::Func1<a, crate::UnknownType>
FUNCTION Data_Bitraversable_lfor args: 4 extracted: Just
BindingGroup: Data_Bitraversable_bitraverse type: ForAll(ConstrainedType(Func)) vars: 
FUNCTION Data_Bitraversable_bitraverse args: 5 extracted: Nothing
findFfiFile [Data.Bitraversable] -> null
Found FFI for Data.Bitraversable at: Nothing
Found FFI for Data.Bitraversable at: Nothing
BindingGroup: Data_Bounded_Generic_genericBottom type: ConstrainedType(TypeVar(a)) vars: a, rep
UNSAFE_COERCE GENERATED: expStr=rep actStr=a expTy=TypeVar(rep) actTy=TypeVar(a)
FUNCTION Data_Bounded_Generic_genericBottom args: 2 extracted: Just
BindingGroup: Data_Bounded_Generic_genericBottomSum type: ConstrainedType(Other) vars: a, b
FUNCTION Data_Bounded_Generic_genericBottomSum args: 1 extracted: Just
BindingGroup: Data_Bounded_Generic_genericBottomProduct type: ConstrainedType(Other) vars: a, b
FUNCTION Data_Bounded_Generic_genericBottomProduct args: 2 extracted: Just
BindingGroup: Data_Bounded_Generic_genericBottomConstructor type: ConstrainedType(Other) vars: a
FUNCTION Data_Bounded_Generic_genericBottomConstructor args: 1 extracted: Just
BindingGroup: Data_Bounded_Generic_genericBottom_prime type: ForAll(ConstrainedType(TypeVar(a))) vars: 
FUNCTION Data_Bounded_Generic_genericBottom_prime args: 1 extracted: Just
BindingGroup: Data_Bounded_Generic_genericBottomArgument type: ConstrainedType(Other) vars: a
FUNCTION Data_Bounded_Generic_genericBottomArgument args: 1 extracted: Just
BindingGroup: Data_Bounded_Generic_genericBottomNoArguments type: Other vars: 
BindingGroup: Data_Bounded_Generic_genericTop type: ConstrainedType(TypeVar(a)) vars: a, rep
UNSAFE_COERCE GENERATED: expStr=rep actStr=a expTy=TypeVar(rep) actTy=TypeVar(a)
FUNCTION Data_Bounded_Generic_genericTop args: 2 extracted: Just
BindingGroup: Data_Bounded_Generic_genericTopSum type: ConstrainedType(Other) vars: a, b
FUNCTION Data_Bounded_Generic_genericTopSum args: 1 extracted: Just
BindingGroup: Data_Bounded_Generic_genericTopProduct type: ConstrainedType(Other) vars: a, b
FUNCTION Data_Bounded_Generic_genericTopProduct args: 2 extracted: Just
BindingGroup: Data_Bounded_Generic_genericTopConstructor type: ConstrainedType(Other) vars: a
FUNCTION Data_Bounded_Generic_genericTopConstructor args: 1 extracted: Just
BindingGroup: Data_Bounded_Generic_genericTop_prime type: ForAll(ConstrainedType(TypeVar(a))) vars: 
FUNCTION Data_Bounded_Generic_genericTop_prime args: 1 extracted: Just
BindingGroup: Data_Bounded_Generic_genericTopArgument type: ConstrainedType(Other) vars: a
FUNCTION Data_Bounded_Generic_genericTopArgument args: 1 extracted: Just
BindingGroup: Data_Bounded_Generic_genericTopNoArguments type: Other vars: 
findFfiFile [Data.Bounded.Generic] -> null
Found FFI for Data.Bounded.Generic at: Nothing
Found FFI for Data.Bounded.Generic at: Nothing
BindingGroup: Data_Enum_boundedEnumBoolean type: Other vars: 
BindingGroup: Data_Enum_boundedEnumChar type: Other vars: 
BindingGroup: Data_Enum_boundedEnumOrdering type: Other vars: 
BindingGroup: Data_Enum_boundedEnumUnit type: Other vars: 
BindingGroup: Data_Enum_cardinality type: ForAll(ConstrainedType(TypeApp(Int, [...]))) vars: 
FUNCTION Data_Enum_cardinality args: 1 extracted: Just
BindingGroup: Data_Enum_enumChar type: Other vars: 
BindingGroup: Data_Enum_charToEnum type: Func vars: 
FUNCTION Data_Enum_charToEnum args: 1 extracted: Just
BindingGroup: Data_Enum_defaultCardinality type: ConstrainedType(TypeApp(Int, [...])) vars: a
FUNCTION Data_Enum_defaultCardinality args: 2 extracted: Just
BindingGroup: Data_Enum_defaultFromEnum type: ConstrainedType(Func) vars: a
FUNCTION Data_Enum_defaultFromEnum args: 2 extracted: Nothing
BindingGroup: Data_Enum_defaultPred type: Func vars: a
FUNCTION Data_Enum_defaultPred args: 3 extracted: Just
BindingGroup: Data_Enum_defaultSucc type: Func vars: a
FUNCTION Data_Enum_defaultSucc args: 3 extracted: Just
BindingGroup: Data_Enum_defaultToEnum type: ConstrainedType(Func) vars: a
FUNCTION Data_Enum_defaultToEnum args: 3 extracted: Just
BindingGroup: Data_Enum_upFrom type: ConstrainedType(Func) vars: a, u
UNSAFE_COERCE GENERATED: expStr=a actStr=std::rc::Rc<Purs_Data_Tuple::Tuple<a, a>> expTy=TypeVar(a) actTy=Other
BOXUNBOX EQUAL ARITY: expStr=purust_core::Func1<crate::UnknownType, std::rc::Rc<Purs_Data_Maybe::Maybe<std::rc::Rc<Purs_Data_Tuple::Tuple<a, crate::UnknownType>>>>> actStr=purust_core::Func1<a, std::rc::Rc<Purs_Data_Maybe::Maybe<std::rc::Rc<Purs_Data_Tuple::Tuple<a, a>>>>>
BOXUNBOX EQUAL ARITY: expStr=purust_core::Func1<a, crate::UnknownType> actStr=purust_core::Func1<crate::UnknownType, crate::UnknownType>
FUNCTION Data_Enum_upFrom args: 3 extracted: Nothing
BindingGroup: Data_Enum_downFrom type: ConstrainedType(Func) vars: a, u
UNSAFE_COERCE GENERATED: expStr=a actStr=std::rc::Rc<Purs_Data_Tuple::Tuple<a, a>> expTy=TypeVar(a) actTy=Other
BOXUNBOX EQUAL ARITY: expStr=purust_core::Func1<crate::UnknownType, std::rc::Rc<Purs_Data_Maybe::Maybe<std::rc::Rc<Purs_Data_Tuple::Tuple<a, crate::UnknownType>>>>> actStr=purust_core::Func1<a, std::rc::Rc<Purs_Data_Maybe::Maybe<std::rc::Rc<Purs_Data_Tuple::Tuple<a, a>>>>>
BOXUNBOX EQUAL ARITY: expStr=purust_core::Func1<a, crate::UnknownType> actStr=purust_core::Func1<crate::UnknownType, crate::UnknownType>
FUNCTION Data_Enum_downFrom args: 3 extracted: Nothing
BindingGroup: Data_Enum_downFromIncluding type: ConstrainedType(Func) vars: a, u
BOXUNBOX EQUAL ARITY: expStr=purust_core::Func1<crate::UnknownType, std::rc::Rc<Purs_Data_Tuple::Tuple<a, std::rc::Rc<Purs_Data_Maybe::Maybe<crate::UnknownType>>>>> actStr=purust_core::Func1<a, std::rc::Rc<Purs_Data_Tuple::Tuple<a, std::rc::Rc<Purs_Data_Maybe::Maybe<a>>>>>
BOXUNBOX EQUAL ARITY: expStr=purust_core::Func1<a, crate::UnknownType> actStr=purust_core::Func1<crate::UnknownType, crate::UnknownType>
FUNCTION Data_Enum_downFromIncluding args: 3 extracted: Nothing
BindingGroup: Data_Enum_enumBoolean type: Other vars: 
BindingGroup: Data_Enum_enumEither type: ConstrainedType(Other) vars: a, b
UNSAFE_COERCE GENERATED: expStr=a actStr=std::rc::Rc<Purs_Data_Either::Either> expTy=TypeVar(a) actTy=Other
UNSAFE_COERCE GENERATED: expStr=b actStr=std::rc::Rc<Purs_Data_Maybe::Maybe> expTy=TypeVar(b) actTy=Other
UNSAFE_COERCE GENERATED: expStr=a actStr=std::rc::Rc<Purs_Data_Either::Either> expTy=TypeVar(a) actTy=Other
UNSAFE_COERCE GENERATED: expStr=b actStr=std::rc::Rc<Purs_Data_Maybe::Maybe> expTy=TypeVar(b) actTy=Other
UNSAFE_COERCE GENERATED: expStr=std::rc::Rc<Purs_Data_Maybe::Maybe<std::rc::Rc<Purs_Data_Either::Either<a, b>>>> actStr=b expTy=Other actTy=TypeVar(b)
UNSAFE_COERCE GENERATED: expStr=b actStr=std::rc::Rc<Purs_Data_Maybe::Maybe> expTy=TypeVar(b) actTy=Other
UNSAFE_COERCE GENERATED: expStr=b actStr=a expTy=TypeVar(b) actTy=TypeVar(a)
UNSAFE_COERCE GENERATED: expStr=a actStr=std::rc::Rc<Purs_Data_Either::Either> expTy=TypeVar(a) actTy=Other
UNSAFE_COERCE GENERATED: expStr=b actStr=std::rc::Rc<Purs_Data_Maybe::Maybe> expTy=TypeVar(b) actTy=Other
UNSAFE_COERCE GENERATED: expStr=std::rc::Rc<Purs_Data_Maybe::Maybe<std::rc::Rc<Purs_Data_Either::Either<a, b>>>> actStr=b expTy=Other actTy=TypeVar(b)
UNSAFE_COERCE GENERATED: expStr=b actStr=std::rc::Rc<Purs_Data_Maybe::Maybe> expTy=TypeVar(b) actTy=Other
UNSAFE_COERCE GENERATED: expStr=a actStr=std::rc::Rc<Purs_Data_Either::Either> expTy=TypeVar(a) actTy=Other
UNSAFE_COERCE GENERATED: expStr=b actStr=std::rc::Rc<Purs_Data_Maybe::Maybe> expTy=TypeVar(b) actTy=Other
UNSAFE_COERCE GENERATED: expStr=std::rc::Rc<Purs_Data_Maybe::Maybe<std::rc::Rc<Purs_Data_Either::Either<a, b>>>> actStr=b expTy=Other actTy=TypeVar(b)
UNSAFE_COERCE GENERATED: expStr=a actStr=std::rc::Rc<Purs_Data_Either::Either> expTy=TypeVar(a) actTy=Other
UNSAFE_COERCE GENERATED: expStr=b actStr=std::rc::Rc<Purs_Data_Maybe::Maybe> expTy=TypeVar(b) actTy=Other
UNSAFE_COERCE GENERATED: expStr=b actStr=a expTy=TypeVar(b) actTy=TypeVar(a)
UNSAFE_COERCE GENERATED: expStr=a actStr=std::rc::Rc<Purs_Data_Either::Either> expTy=TypeVar(a) actTy=Other
UNSAFE_COERCE GENERATED: expStr=b actStr=std::rc::Rc<Purs_Data_Maybe::Maybe> expTy=TypeVar(b) actTy=Other
UNSAFE_COERCE GENERATED: expStr=std::rc::Rc<Purs_Data_Maybe::Maybe<std::rc::Rc<Purs_Data_Either::Either<a, b>>>> actStr=b expTy=Other actTy=TypeVar(b)
FUNCTION Data_Enum_enumEither args: 2 extracted: Just
BindingGroup: Data_Enum_enumFromThenTo type: ConstrainedType(Func) vars: a, f
UNSAFE_COERCE GENERATED: expStr=a actStr=std::rc::Rc<Purs_Data_Tuple::Tuple> expTy=TypeVar(a) actTy=Other
BOXUNBOX EQUAL ARITY: expStr=purust_core::Func1<crate::UnknownType, std::rc::Rc<Purs_Data_Maybe::Maybe<std::rc::Rc<Purs_Data_Tuple::Tuple<a, crate::UnknownType>>>>> actStr=purust_core::Func1<i64, std::rc::Rc<Purs_Data_Maybe::Maybe<std::rc::Rc<Purs_Data_Tuple::Tuple<i64, i64>>>>>
BOXUNBOX EQUAL ARITY: expStr=purust_core::Func1<a, crate::UnknownType> actStr=purust_core::Func1<i64, a>
FUNCTION Data_Enum_enumFromThenTo args: 6 extracted: Just
BindingGroup: Data_Enum_enumFromTo type: ConstrainedType(Func) vars: a, u
BOXUNBOX EQUAL ARITY: expStr=purust_core::Func1<crate::UnknownType, std::rc::Rc<Purs_Data_Tuple::Tuple<a, std::rc::Rc<Purs_Data_Maybe::Maybe<crate::UnknownType>>>>> actStr=purust_core::Func1<a, std::rc::Rc<Purs_Data_Tuple::Tuple<a, std::rc::Rc<Purs_Data_Maybe::Maybe<a>>>>>
BOXUNBOX EQUAL ARITY: expStr=purust_core::Func1<crate::UnknownType, std::rc::Rc<Purs_Data_Tuple::Tuple<a, std::rc::Rc<Purs_Data_Maybe::Maybe<crate::UnknownType>>>>> actStr=purust_core::Func1<i64, std::rc::Rc<Purs_Data_Tuple::Tuple<a, std::rc::Rc<Purs_Data_Maybe::Maybe<i64>>>>>
BOXUNBOX EQUAL ARITY: expStr=purust_core::Func1<crate::UnknownType, std::rc::Rc<Purs_Data_Tuple::Tuple<a, std::rc::Rc<Purs_Data_Maybe::Maybe<crate::UnknownType>>>>> actStr=purust_core::Func1<a, std::rc::Rc<Purs_Data_Tuple::Tuple<a, std::rc::Rc<Purs_Data_Maybe::Maybe<a>>>>>
FUNCTION Data_Enum_enumFromTo args: 4 extracted: Just
BindingGroup: Data_Enum_enumInt type: Other vars: 
BindingGroup: Data_Enum_enumMaybe type: ConstrainedType(Other) vars: a
UNSAFE_COERCE GENERATED: expStr=a actStr=std::rc::Rc<Purs_Data_Maybe::Maybe> expTy=TypeVar(a) actTy=Other
UNSAFE_COERCE GENERATED: expStr=a actStr=std::rc::Rc<Purs_Data_Maybe::Maybe> expTy=TypeVar(a) actTy=Other
UNSAFE_COERCE GENERATED: expStr=a actStr=std::rc::Rc<Purs_Data_Maybe::Maybe<a>> expTy=TypeVar(a) actTy=Other
FUNCTION Data_Enum_enumMaybe args: 1 extracted: Just
BindingGroup: Data_Enum_enumOrdering type: Other vars: 
BindingGroup: Data_Enum_enumTuple type: ConstrainedType(Other) vars: a, b
UNSAFE_COERCE GENERATED: expStr=a actStr=std::rc::Rc<Purs_Data_Tuple::Tuple<crate::UnknownType, crate::UnknownType>> expTy=TypeVar(a) actTy=Other
UNSAFE_COERCE GENERATED: expStr=b actStr=std::rc::Rc<Purs_Data_Maybe::Maybe<std::rc::Rc<Purs_Data_Tuple::Tuple<a, b>>>> expTy=TypeVar(b) actTy=Other
UNSAFE_COERCE GENERATED: expStr=b actStr=a expTy=TypeVar(b) actTy=TypeVar(a)
UNSAFE_COERCE GENERATED: expStr=b actStr=std::rc::Rc<Purs_Data_Maybe::Maybe<std::rc::Rc<Purs_Data_Tuple::Tuple<a, b>>>> expTy=TypeVar(b) actTy=Other
UNSAFE_COERCE GENERATED: expStr=std::rc::Rc<Purs_Data_Maybe::Maybe<std::rc::Rc<Purs_Data_Tuple::Tuple<a, b>>>> actStr=b expTy=Other actTy=TypeVar(b)
UNSAFE_COERCE GENERATED: expStr=a actStr=std::rc::Rc<Purs_Data_Tuple::Tuple<crate::UnknownType, crate::UnknownType>> expTy=TypeVar(a) actTy=Other
UNSAFE_COERCE GENERATED: expStr=b actStr=std::rc::Rc<Purs_Data_Maybe::Maybe<std::rc::Rc<Purs_Data_Tuple::Tuple<a, b>>>> expTy=TypeVar(b) actTy=Other
UNSAFE_COERCE GENERATED: expStr=b actStr=a expTy=TypeVar(b) actTy=TypeVar(a)
UNSAFE_COERCE GENERATED: expStr=b actStr=std::rc::Rc<Purs_Data_Maybe::Maybe<std::rc::Rc<Purs_Data_Tuple::Tuple<a, b>>>> expTy=TypeVar(b) actTy=Other
UNSAFE_COERCE GENERATED: expStr=std::rc::Rc<Purs_Data_Maybe::Maybe<std::rc::Rc<Purs_Data_Tuple::Tuple<a, b>>>> actStr=b expTy=Other actTy=TypeVar(b)
FUNCTION Data_Enum_enumTuple args: 2 extracted: Just
BindingGroup: Data_Enum_enumUnit type: Other vars: 
BindingGroup: Data_Enum_eqCardinality type: Other vars: a
BindingGroup: Data_Enum_toEnumWithDefaults type: ConstrainedType(Func) vars: a
FUNCTION Data_Enum_toEnumWithDefaults args: 4 extracted: Just
BindingGroup: Data_Enum_fromEnum type: ForAll(ConstrainedType(Func)) vars: 
FUNCTION Data_Enum_fromEnum args: 2 extracted: Nothing
BindingGroup: Data_Enum_newtypeCardinality type: TypeApp(Other, [...]) vars: a
BindingGroup: Data_Enum_ordCardinality type: Other vars: a
BindingGroup: Data_Enum_pred type: ForAll(ConstrainedType(Func)) vars: 
FUNCTION Data_Enum_pred args: 2 extracted: Nothing
BindingGroup: Data_Enum_showCardinality type: Other vars: a
BindingGroup: Data_Enum_upFromIncluding type: ConstrainedType(Func) vars: a, u
BOXUNBOX EQUAL ARITY: expStr=purust_core::Func1<crate::UnknownType, std::rc::Rc<Purs_Data_Tuple::Tuple<a, std::rc::Rc<Purs_Data_Maybe::Maybe<crate::UnknownType>>>>> actStr=purust_core::Func1<a, std::rc::Rc<Purs_Data_Tuple::Tuple<a, std::rc::Rc<Purs_Data_Maybe::Maybe<a>>>>>
BOXUNBOX EQUAL ARITY: expStr=purust_core::Func1<a, crate::UnknownType> actStr=purust_core::Func1<crate::UnknownType, crate::UnknownType>
FUNCTION Data_Enum_upFromIncluding args: 3 extracted: Nothing
BindingGroup: Data_Enum_succ type: ForAll(ConstrainedType(Func)) vars: 
FUNCTION Data_Enum_succ args: 2 extracted: Nothing
BindingGroup: Data_Enum_toEnum type: ForAll(ConstrainedType(Func)) vars: 
FUNCTION Data_Enum_toEnum args: 2 extracted: Nothing
BindingGroup: Data_Enum_Cardinality type: Func vars: 
FUNCTION Data_Enum_Cardinality args: 1 extracted: Just
findFfiFile [Data.Enum] -> null
Found FFI for Data.Enum at: Nothing
Found FFI for Data.Enum at: Nothing
genFallback toCharCode args: ["mut a0: char"]
genFallback fromCharCode args: ["mut a0: i64"]
BindingGroup: Data_Char_fromCharCode type: Func vars: 
FUNCTION Data_Char_fromCharCode args: 1 extracted: Nothing
BindingGroup: Data_Char_toCharCode type: Func vars: 
FUNCTION Data_Char_toCharCode args: 1 extracted: Nothing
findFfiFile [Data.Char] -> null
Found FFI for Data.Char at: Nothing
Found FFI for Data.Char at: Nothing
BindingGroup: Data_Char_Gen_genAlpha type: ConstrainedType(TypeApp(TypeVar(m), [...])) vars: m
FUNCTION Data_Char_Gen_genAlpha args: 1 extracted: Just
BindingGroup: Data_Char_Gen_genAlphaLowercase type: ConstrainedType(TypeApp(TypeVar(m), [...])) vars: m
BOXUNBOX EQUAL ARITY: expStr=purust_core::Func1<crate::UnknownType, crate::UnknownType> actStr=purust_core::Func1<i64, char>
FUNCTION Data_Char_Gen_genAlphaLowercase args: 1 extracted: Just
BindingGroup: Data_Char_Gen_genAlphaUppercase type: ConstrainedType(TypeApp(TypeVar(m), [...])) vars: m
BOXUNBOX EQUAL ARITY: expStr=purust_core::Func1<crate::UnknownType, crate::UnknownType> actStr=purust_core::Func1<i64, char>
FUNCTION Data_Char_Gen_genAlphaUppercase args: 1 extracted: Just
BindingGroup: Data_Char_Gen_genAsciiChar type: ConstrainedType(TypeApp(TypeVar(m), [...])) vars: m
BOXUNBOX EQUAL ARITY: expStr=purust_core::Func1<crate::UnknownType, crate::UnknownType> actStr=purust_core::Func1<i64, char>
FUNCTION Data_Char_Gen_genAsciiChar args: 1 extracted: Just
BindingGroup: Data_Char_Gen_genAsciiChar_prime type: ConstrainedType(TypeApp(TypeVar(m), [...])) vars: m
BOXUNBOX EQUAL ARITY: expStr=purust_core::Func1<crate::UnknownType, crate::UnknownType> actStr=purust_core::Func1<i64, char>
FUNCTION Data_Char_Gen_genAsciiChar_prime args: 1 extracted: Just
BindingGroup: Data_Char_Gen_genDigitChar type: ConstrainedType(TypeApp(TypeVar(m), [...])) vars: m
BOXUNBOX EQUAL ARITY: expStr=purust_core::Func1<crate::UnknownType, crate::UnknownType> actStr=purust_core::Func1<i64, char>
FUNCTION Data_Char_Gen_genDigitChar args: 1 extracted: Just
BindingGroup: Data_Char_Gen_genUnicodeChar type: ConstrainedType(TypeApp(TypeVar(m), [...])) vars: m
BOXUNBOX EQUAL ARITY: expStr=purust_core::Func1<crate::UnknownType, crate::UnknownType> actStr=purust_core::Func1<i64, char>
FUNCTION Data_Char_Gen_genUnicodeChar args: 1 extracted: Just
findFfiFile [Data.Char.Gen] -> null
Found FFI for Data.Char.Gen at: Nothing
Found FFI for Data.Char.Gen at: Nothing
findFfiFile [Data.Int.Bits] -> null
Found FFI for Data.Int.Bits at: Nothing
Found FFI for Data.Int.Bits at: Nothing
genFallback zshr args: ["mut a0: i64","mut a1: i64"]
genFallback xor args: ["mut a0: i64","mut a1: i64"]
genFallback shr args: ["mut a0: i64","mut a1: i64"]
genFallback shl args: ["mut a0: i64","mut a1: i64"]
genFallback or args: ["mut a0: i64","mut a1: i64"]
genFallback complement args: ["mut a0: i64"]
genFallback and args: ["mut a0: i64","mut a1: i64"]
BindingGroup: Data_Number_e type: Other vars: 
BindingGroup: Data_Number_fromString type: Func vars: 
FUNCTION Data_Number_fromString args: 1 extracted: Just
BindingGroup: Data_Number_ln10 type: Other vars: 
BindingGroup: Data_Number_ln2 type: Other vars: 
BindingGroup: Data_Number_log10e type: Other vars: 
BindingGroup: Data_Number_log2e type: Other vars: 
BindingGroup: Data_Number_pi type: Other vars: 
BindingGroup: Data_Number_sqrt1_2 type: Other vars: 
BindingGroup: Data_Number_sqrt2 type: Other vars: 
BindingGroup: Data_Number_tau type: Other vars: 
findFfiFile [Data.Number] -> ../purust-numbers/src/Data/Number.rs
Found FFI for Data.Number at: (Just "../purust-numbers/src/Data/Number.rs")
Found FFI for Data.Number at: (Just "../purust-numbers/src/Data/Number.rs")
BindingGroup: Data_Int_base36 type: Int vars: 
BindingGroup: Data_Int_binary type: Int vars: 
BindingGroup: Data_Int_boundedParity type: Other vars: 
BindingGroup: Data_Int_ceil type: Func vars: 
FUNCTION Data_Int_ceil args: 1 extracted: Just
BindingGroup: Data_Int_euclideanRingParity type: Other vars: 
BindingGroup: Data_Int_commutativeRingParity type: Other vars: 
BindingGroup: Data_Int_decimal type: Int vars: 
BindingGroup: Data_Int_divisionRingParity type: Other vars: 
BindingGroup: Data_Int_ringParity type: Other vars: 
BindingGroup: Data_Int_semiringParity type: Other vars: 
BindingGroup: Data_Int_ordParity type: Other vars: 
BindingGroup: Data_Int_eqParity type: Other vars: 
BindingGroup: Data_Int_parity type: Func vars: 
FUNCTION Data_Int_parity args: 1 extracted: Just
BindingGroup: Data_Int_even type: Func vars: 
FUNCTION Data_Int_even args: 1 extracted: Just
BindingGroup: Data_Int_floor type: Func vars: 
FUNCTION Data_Int_floor args: 1 extracted: Just
BindingGroup: Data_Int_trunc type: Func vars: 
FUNCTION Data_Int_trunc args: 1 extracted: Just
BindingGroup: Data_Int_round type: Func vars: 
FUNCTION Data_Int_round args: 1 extracted: Just
BindingGroup: Data_Int_unsafeClamp type: Func vars: 
FUNCTION Data_Int_unsafeClamp args: 1 extracted: Just
BindingGroup: Data_Int_fromNumber type: Func vars: 
FUNCTION Data_Int_fromNumber args: 1 extracted: Nothing
BindingGroup: Data_Int_fromString type: Func vars: 
FUNCTION Data_Int_fromString args: 1 extracted: Nothing
BindingGroup: Data_Int_fromStringAs type: Func vars: 
FUNCTION Data_Int_fromStringAs args: 2 extracted: Nothing
BindingGroup: Data_Int_hexadecimal type: Int vars: 
BindingGroup: Data_Int_octal type: Int vars: 
BindingGroup: Data_Int_odd type: Func vars: 
FUNCTION Data_Int_odd args: 1 extracted: Just
BindingGroup: Data_Int_radix type: Func vars: 
FUNCTION Data_Int_radix args: 1 extracted: Just
BindingGroup: Data_Int_showParity type: Other vars: 
BindingGroup: Data_Int_Odd type: Other vars: 
BindingGroup: Data_Int_Even type: Other vars: 
findFfiFile [Data.Int] -> ../purust-integers/src/Data/Int.rs
Found FFI for Data.Int at: (Just "../purust-integers/src/Data/Int.rs")
Found FFI for Data.Int at: (Just "../purust-integers/src/Data/Int.rs")
genFallback fromStringAsImpl args: ["mut a0: purust_core::Func1<a, std::rc::Rc<Purs_Data_Maybe::Maybe<a>>>","mut a1: std::rc::Rc<Purs_Data_Maybe::Maybe<a>>","mut a2: i64","mut a3: String"]
BindingGroup: Data_CodePoint_Unicode_Internal_uGencat type: Func vars: 
FUNCTION Data_CodePoint_Unicode_Internal_uGencat args: 1 extracted: Just
BindingGroup: Data_CodePoint_Unicode_Internal_uIswupper type: Func vars: 
FUNCTION Data_CodePoint_Unicode_Internal_uIswupper args: 1 extracted: Nothing
BindingGroup: Data_CodePoint_Unicode_Internal_uIswprint type: Func vars: 
FUNCTION Data_CodePoint_Unicode_Internal_uIswprint args: 1 extracted: Nothing
BindingGroup: Data_CodePoint_Unicode_Internal_uIswlower type: Func vars: 
FUNCTION Data_CodePoint_Unicode_Internal_uIswlower args: 1 extracted: Nothing
BindingGroup: Data_CodePoint_Unicode_Internal_uIswdigit type: Func vars: 
FUNCTION Data_CodePoint_Unicode_Internal_uIswdigit args: 1 extracted: Nothing
BindingGroup: Data_CodePoint_Unicode_Internal_uIswcntrl type: Func vars: 
FUNCTION Data_CodePoint_Unicode_Internal_uIswcntrl args: 1 extracted: Nothing
BindingGroup: Data_CodePoint_Unicode_Internal_uIswalpha type: Func vars: 
FUNCTION Data_CodePoint_Unicode_Internal_uIswalpha args: 1 extracted: Nothing
BindingGroup: Data_CodePoint_Unicode_Internal_uIswalnum type: Func vars: 
FUNCTION Data_CodePoint_Unicode_Internal_uIswalnum args: 1 extracted: Nothing
BindingGroup: Data_CodePoint_Unicode_Internal_checkAttr type: Func vars: 
FUNCTION Data_CodePoint_Unicode_Internal_checkAttr args: 2 extracted: Just
BindingGroup: Data_CodePoint_Unicode_Internal_allchars type: Other vars: 
BindingGroup: Data_CodePoint_Unicode_Internal_uIswspace type: Func vars: 
FUNCTION Data_CodePoint_Unicode_Internal_uIswspace args: 1 extracted: Nothing
BindingGroup: Data_CodePoint_Unicode_Internal_checkAttrS type: Func vars: 
FUNCTION Data_CodePoint_Unicode_Internal_checkAttrS args: 2 extracted: Just
BindingGroup: Data_CodePoint_Unicode_Internal_uTowupper type: Func vars: 
FUNCTION Data_CodePoint_Unicode_Internal_uTowupper args: 1 extracted: Nothing
BindingGroup: Data_CodePoint_Unicode_Internal_uTowtitle type: Func vars: 
FUNCTION Data_CodePoint_Unicode_Internal_uTowtitle args: 1 extracted: Nothing
BindingGroup: Data_CodePoint_Unicode_Internal_uTowlower type: Func vars: 
FUNCTION Data_CodePoint_Unicode_Internal_uTowlower args: 1 extracted: Nothing
BindingGroup: Data_CodePoint_Unicode_Internal_caseConv type: Func vars: 
FUNCTION Data_CodePoint_Unicode_Internal_caseConv args: 2 extracted: Just
BindingGroup: Data_CodePoint_Unicode_Internal_getRule type: Func vars: 
FUNCTION Data_CodePoint_Unicode_Internal_getRule args: 3 extracted: Just
BindingGroup: Data_CodePoint_Unicode_Internal_blkCmp type: Func vars: 
FUNCTION Data_CodePoint_Unicode_Internal_blkCmp args: 2 extracted: Just
BindingGroup: Data_CodePoint_Unicode_Internal_bsearch type: Func vars: a
FUNCTION Data_CodePoint_Unicode_Internal_bsearch args: 4 extracted: Just
BindingGroup: Data_CodePoint_Unicode_Internal_convchars type: Other vars: 
BindingGroup: Data_CodePoint_Unicode_Internal_rule0 type: Other vars: 
BindingGroup: Data_CodePoint_Unicode_Internal_gencatCC type: Int vars: 
BindingGroup: Data_CodePoint_Unicode_Internal_rule16 type: Other vars: 
BindingGroup: Data_CodePoint_Unicode_Internal_gencatCF type: Int vars: 
BindingGroup: Data_CodePoint_Unicode_Internal_rule200 type: Other vars: 
BindingGroup: Data_CodePoint_Unicode_Internal_gencatCO type: Int vars: 
BindingGroup: Data_CodePoint_Unicode_Internal_rule199 type: Other vars: 
BindingGroup: Data_CodePoint_Unicode_Internal_gencatCS type: Int vars: 
BindingGroup: Data_CodePoint_Unicode_Internal_rule99 type: Other vars: 
BindingGroup: Data_CodePoint_Unicode_Internal_rule90 type: Other vars: 
BindingGroup: Data_CodePoint_Unicode_Internal_rule89 type: Other vars: 
BindingGroup: Data_CodePoint_Unicode_Internal_rule88 type: Other vars: 
BindingGroup: Data_CodePoint_Unicode_Internal_rule87 type: Other vars: 
BindingGroup: Data_CodePoint_Unicode_Internal_rule86 type: Other vars: 
BindingGroup: Data_CodePoint_Unicode_Internal_rule85 type: Other vars: 
BindingGroup: Data_CodePoint_Unicode_Internal_rule84 type: Other vars: 
BindingGroup: Data_CodePoint_Unicode_Internal_rule83 type: Other vars: 
BindingGroup: Data_CodePoint_Unicode_Internal_rule82 type: Other vars: 
BindingGroup: Data_CodePoint_Unicode_Internal_rule81 type: Other vars: 
BindingGroup: Data_CodePoint_Unicode_Internal_rule80 type: Other vars: 
BindingGroup: Data_CodePoint_Unicode_Internal_rule79 type: Other vars: 
BindingGroup: Data_CodePoint_Unicode_Internal_rule78 type: Other vars: 
BindingGroup: Data_CodePoint_Unicode_Internal_rule77 type: Other vars: 
BindingGroup: Data_CodePoint_Unicode_Internal_rule76 type: Other vars: 
BindingGroup: Data_CodePoint_Unicode_Internal_rule75 type: Other vars: 
BindingGroup: Data_CodePoint_Unicode_Internal_rule74 type: Other vars: 
BindingGroup: Data_CodePoint_Unicode_Internal_rule73 type: Other vars: 
BindingGroup: Data_CodePoint_Unicode_Internal_rule72 type: Other vars: 
BindingGroup: Data_CodePoint_Unicode_Internal_rule71 type: Other vars: 
BindingGroup: Data_CodePoint_Unicode_Internal_rule70 type: Other vars: 
BindingGroup: Data_CodePoint_Unicode_Internal_rule69 type: Other vars: 
BindingGroup: Data_CodePoint_Unicode_Internal_rule68 type: Other vars: 
BindingGroup: Data_CodePoint_Unicode_Internal_rule67 type: Other vars: 
BindingGroup: Data_CodePoint_Unicode_Internal_rule66 type: Other vars: 
BindingGroup: Data_CodePoint_Unicode_Internal_rule65 type: Other vars: 
BindingGroup: Data_CodePoint_Unicode_Internal_rule64 type: Other vars: 
BindingGroup: Data_CodePoint_Unicode_Internal_rule63 type: Other vars: 
BindingGroup: Data_CodePoint_Unicode_Internal_rule62 type: Other vars: 
BindingGroup: Data_CodePoint_Unicode_Internal_rule61 type: Other vars: 
BindingGroup: Data_CodePoint_Unicode_Internal_rule57 type: Other vars: 
BindingGroup: Data_CodePoint_Unicode_Internal_rule50 type: Other vars: 
BindingGroup: Data_CodePoint_Unicode_Internal_rule49 type: Other vars: 
BindingGroup: Data_CodePoint_Unicode_Internal_rule46 type: Other vars: 
BindingGroup: Data_CodePoint_Unicode_Internal_rule41 type: Other vars: 
BindingGroup: Data_CodePoint_Unicode_Internal_rule39 type: Other vars: 
BindingGroup: Data_CodePoint_Unicode_Internal_rule36 type: Other vars: 
BindingGroup: Data_CodePoint_Unicode_Internal_rule28 type: Other vars: 
BindingGroup: Data_CodePoint_Unicode_Internal_rule27 type: Other vars: 
BindingGroup: Data_CodePoint_Unicode_Internal_rule25 type: Other vars: 
BindingGroup: Data_CodePoint_Unicode_Internal_rule23 type: Other vars: 
BindingGroup: Data_CodePoint_Unicode_Internal_rule21 type: Other vars: 
BindingGroup: Data_CodePoint_Unicode_Internal_rule204 type: Other vars: 
BindingGroup: Data_CodePoint_Unicode_Internal_rule202 type: Other vars: 
BindingGroup: Data_CodePoint_Unicode_Internal_rule20 type: Other vars: 
BindingGroup: Data_CodePoint_Unicode_Internal_rule198 type: Other vars: 
BindingGroup: Data_CodePoint_Unicode_Internal_rule197 type: Other vars: 
BindingGroup: Data_CodePoint_Unicode_Internal_rule185 type: Other vars: 
BindingGroup: Data_CodePoint_Unicode_Internal_rule182 type: Other vars: 
BindingGroup: Data_CodePoint_Unicode_Internal_rule18 type: Other vars: 
BindingGroup: Data_CodePoint_Unicode_Internal_rule176 type: Other vars: 
BindingGroup: Data_CodePoint_Unicode_Internal_rule175 type: Other vars: 
BindingGroup: Data_CodePoint_Unicode_Internal_rule167 type: Other vars: 
BindingGroup: Data_CodePoint_Unicode_Internal_rule155 type: Other vars: 
BindingGroup: Data_CodePoint_Unicode_Internal_rule152 type: Other vars: 
BindingGroup: Data_CodePoint_Unicode_Internal_rule150 type: Other vars: 
BindingGroup: Data_CodePoint_Unicode_Internal_rule149 type: Other vars: 
BindingGroup: Data_CodePoint_Unicode_Internal_rule148 type: Other vars: 
BindingGroup: Data_CodePoint_Unicode_Internal_rule147 type: Other vars: 
BindingGroup: Data_CodePoint_Unicode_Internal_rule146 type: Other vars: 
BindingGroup: Data_CodePoint_Unicode_Internal_rule145 type: Other vars: 
BindingGroup: Data_CodePoint_Unicode_Internal_rule143 type: Other vars: 
BindingGroup: Data_CodePoint_Unicode_Internal_rule141 type: Other vars: 
BindingGroup: Data_CodePoint_Unicode_Internal_rule140 type: Other vars: 
BindingGroup: Data_CodePoint_Unicode_Internal_rule139 type: Other vars: 
BindingGroup: Data_CodePoint_Unicode_Internal_rule138 type: Other vars: 
BindingGroup: Data_CodePoint_Unicode_Internal_rule136 type: Other vars: 
BindingGroup: Data_CodePoint_Unicode_Internal_rule135 type: Other vars: 
BindingGroup: Data_CodePoint_Unicode_Internal_rule134 type: Other vars: 
BindingGroup: Data_CodePoint_Unicode_Internal_rule133 type: Other vars: 
BindingGroup: Data_CodePoint_Unicode_Internal_rule132 type: Other vars: 
BindingGroup: Data_CodePoint_Unicode_Internal_rule131 type: Other vars: 
BindingGroup: Data_CodePoint_Unicode_Internal_rule130 type: Other vars: 
BindingGroup: Data_CodePoint_Unicode_Internal_rule129 type: Other vars: 
BindingGroup: Data_CodePoint_Unicode_Internal_rule126 type: Other vars: 
BindingGroup: Data_CodePoint_Unicode_Internal_rule123 type: Other vars: 
BindingGroup: Data_CodePoint_Unicode_Internal_rule121 type: Other vars: 
BindingGroup: Data_CodePoint_Unicode_Internal_rule12 type: Other vars: 
BindingGroup: Data_CodePoint_Unicode_Internal_rule116 type: Other vars: 
BindingGroup: Data_CodePoint_Unicode_Internal_rule114 type: Other vars: 
BindingGroup: Data_CodePoint_Unicode_Internal_rule113 type: Other vars: 
BindingGroup: Data_CodePoint_Unicode_Internal_rule112 type: Other vars: 
BindingGroup: Data_CodePoint_Unicode_Internal_rule111 type: Other vars: 
BindingGroup: Data_CodePoint_Unicode_Internal_rule110 type: Other vars: 
BindingGroup: Data_CodePoint_Unicode_Internal_rule109 type: Other vars: 
BindingGroup: Data_CodePoint_Unicode_Internal_rule108 type: Other vars: 
BindingGroup: Data_CodePoint_Unicode_Internal_rule106 type: Other vars: 
BindingGroup: Data_CodePoint_Unicode_Internal_rule105 type: Other vars: 
BindingGroup: Data_CodePoint_Unicode_Internal_rule103 type: Other vars: 
BindingGroup: Data_CodePoint_Unicode_Internal_rule102 type: Other vars: 
BindingGroup: Data_CodePoint_Unicode_Internal_rule101 type: Other vars: 
BindingGroup: Data_CodePoint_Unicode_Internal_rule100 type: Other vars: 
BindingGroup: Data_CodePoint_Unicode_Internal_gencatLL type: Int vars: 
BindingGroup: Data_CodePoint_Unicode_Internal_rule91 type: Other vars: 
BindingGroup: Data_CodePoint_Unicode_Internal_gencatLM type: Int vars: 
BindingGroup: Data_CodePoint_Unicode_Internal_rule14 type: Other vars: 
BindingGroup: Data_CodePoint_Unicode_Internal_gencatLO type: Int vars: 
BindingGroup: Data_CodePoint_Unicode_Internal_rule48 type: Other vars: 
BindingGroup: Data_CodePoint_Unicode_Internal_rule154 type: Other vars: 
BindingGroup: Data_CodePoint_Unicode_Internal_rule151 type: Other vars: 
BindingGroup: Data_CodePoint_Unicode_Internal_gencatLT type: Int vars: 
BindingGroup: Data_CodePoint_Unicode_Internal_rule98 type: Other vars: 
BindingGroup: Data_CodePoint_Unicode_Internal_rule97 type: Other vars: 
BindingGroup: Data_CodePoint_Unicode_Internal_rule96 type: Other vars: 
BindingGroup: Data_CodePoint_Unicode_Internal_rule95 type: Other vars: 
BindingGroup: Data_CodePoint_Unicode_Internal_rule94 type: Other vars: 
BindingGroup: Data_CodePoint_Unicode_Internal_rule9 type: Other vars: 
BindingGroup: Data_CodePoint_Unicode_Internal_rule60 type: Other vars: 
BindingGroup: Data_CodePoint_Unicode_Internal_rule59 type: Other vars: 
BindingGroup: Data_CodePoint_Unicode_Internal_rule58 type: Other vars: 
BindingGroup: Data_CodePoint_Unicode_Internal_rule56 type: Other vars: 
BindingGroup: Data_CodePoint_Unicode_Internal_rule55 type: Other vars: 
BindingGroup: Data_CodePoint_Unicode_Internal_rule54 type: Other vars: 
BindingGroup: Data_CodePoint_Unicode_Internal_rule53 type: Other vars: 
BindingGroup: Data_CodePoint_Unicode_Internal_rule52 type: Other vars: 
BindingGroup: Data_CodePoint_Unicode_Internal_rule51 type: Other vars: 
BindingGroup: Data_CodePoint_Unicode_Internal_rule47 type: Other vars: 
BindingGroup: Data_CodePoint_Unicode_Internal_rule45 type: Other vars: 
BindingGroup: Data_CodePoint_Unicode_Internal_rule44 type: Other vars: 
BindingGroup: Data_CodePoint_Unicode_Internal_rule43 type: Other vars: 
BindingGroup: Data_CodePoint_Unicode_Internal_rule42 type: Other vars: 
BindingGroup: Data_CodePoint_Unicode_Internal_rule40 type: Other vars: 
BindingGroup: Data_CodePoint_Unicode_Internal_rule38 type: Other vars: 
BindingGroup: Data_CodePoint_Unicode_Internal_rule37 type: Other vars: 
BindingGroup: Data_CodePoint_Unicode_Internal_rule35 type: Other vars: 
BindingGroup: Data_CodePoint_Unicode_Internal_rule34 type: Other vars: 
BindingGroup: Data_CodePoint_Unicode_Internal_rule33 type: Other vars: 
BindingGroup: Data_CodePoint_Unicode_Internal_rule32 type: Other vars: 
BindingGroup: Data_CodePoint_Unicode_Internal_rule31 type: Other vars: 
BindingGroup: Data_CodePoint_Unicode_Internal_rule30 type: Other vars: 
BindingGroup: Data_CodePoint_Unicode_Internal_rule29 type: Other vars: 
BindingGroup: Data_CodePoint_Unicode_Internal_rule26 type: Other vars: 
BindingGroup: Data_CodePoint_Unicode_Internal_rule24 type: Other vars: 
BindingGroup: Data_CodePoint_Unicode_Internal_rule22 type: Other vars: 
BindingGroup: Data_CodePoint_Unicode_Internal_rule203 type: Other vars: 
BindingGroup: Data_CodePoint_Unicode_Internal_rule201 type: Other vars: 
BindingGroup: Data_CodePoint_Unicode_Internal_rule196 type: Other vars: 
BindingGroup: Data_CodePoint_Unicode_Internal_rule195 type: Other vars: 
BindingGroup: Data_CodePoint_Unicode_Internal_rule194 type: Other vars: 
BindingGroup: Data_CodePoint_Unicode_Internal_rule193 type: Other vars: 
BindingGroup: Data_CodePoint_Unicode_Internal_rule192 type: Other vars: 
BindingGroup: Data_CodePoint_Unicode_Internal_rule191 type: Other vars: 
BindingGroup: Data_CodePoint_Unicode_Internal_rule190 type: Other vars: 
BindingGroup: Data_CodePoint_Unicode_Internal_rule189 type: Other vars: 
BindingGroup: Data_CodePoint_Unicode_Internal_rule188 type: Other vars: 
BindingGroup: Data_CodePoint_Unicode_Internal_rule187 type: Other vars: 
BindingGroup: Data_CodePoint_Unicode_Internal_rule186 type: Other vars: 
BindingGroup: Data_CodePoint_Unicode_Internal_rule184 type: Other vars: 
BindingGroup: Data_CodePoint_Unicode_Internal_rule183 type: Other vars: 
BindingGroup: Data_CodePoint_Unicode_Internal_rule181 type: Other vars: 
BindingGroup: Data_CodePoint_Unicode_Internal_rule180 type: Other vars: 
BindingGroup: Data_CodePoint_Unicode_Internal_rule179 type: Other vars: 
BindingGroup: Data_CodePoint_Unicode_Internal_rule178 type: Other vars: 
BindingGroup: Data_CodePoint_Unicode_Internal_rule177 type: Other vars: 
BindingGroup: Data_CodePoint_Unicode_Internal_rule174 type: Other vars: 
BindingGroup: Data_CodePoint_Unicode_Internal_rule173 type: Other vars: 
BindingGroup: Data_CodePoint_Unicode_Internal_rule172 type: Other vars: 
BindingGroup: Data_CodePoint_Unicode_Internal_rule166 type: Other vars: 
BindingGroup: Data_CodePoint_Unicode_Internal_rule165 type: Other vars: 
BindingGroup: Data_CodePoint_Unicode_Internal_rule164 type: Other vars: 
BindingGroup: Data_CodePoint_Unicode_Internal_rule163 type: Other vars: 
BindingGroup: Data_CodePoint_Unicode_Internal_rule160 type: Other vars: 
BindingGroup: Data_CodePoint_Unicode_Internal_rule159 type: Other vars: 
BindingGroup: Data_CodePoint_Unicode_Internal_rule158 type: Other vars: 
BindingGroup: Data_CodePoint_Unicode_Internal_rule157 type: Other vars: 
BindingGroup: Data_CodePoint_Unicode_Internal_rule156 type: Other vars: 
BindingGroup: Data_CodePoint_Unicode_Internal_rule153 type: Other vars: 
BindingGroup: Data_CodePoint_Unicode_Internal_rule144 type: Other vars: 
BindingGroup: Data_CodePoint_Unicode_Internal_rule142 type: Other vars: 
BindingGroup: Data_CodePoint_Unicode_Internal_rule137 type: Other vars: 
BindingGroup: Data_CodePoint_Unicode_Internal_rule127 type: Other vars: 
BindingGroup: Data_CodePoint_Unicode_Internal_rule125 type: Other vars: 
BindingGroup: Data_CodePoint_Unicode_Internal_rule122 type: Other vars: 
BindingGroup: Data_CodePoint_Unicode_Internal_rule120 type: Other vars: 
BindingGroup: Data_CodePoint_Unicode_Internal_rule118 type: Other vars: 
BindingGroup: Data_CodePoint_Unicode_Internal_rule117 type: Other vars: 
BindingGroup: Data_CodePoint_Unicode_Internal_rule115 type: Other vars: 
BindingGroup: Data_CodePoint_Unicode_Internal_rule107 type: Other vars: 
BindingGroup: Data_CodePoint_Unicode_Internal_rule104 type: Other vars: 
BindingGroup: Data_CodePoint_Unicode_Internal_nullrule type: Other vars: 
BindingGroup: Data_CodePoint_Unicode_Internal_gencatLU type: Int vars: 
BindingGroup: Data_CodePoint_Unicode_Internal_rule124 type: Other vars: 
BindingGroup: Data_CodePoint_Unicode_Internal_gencatMC type: Int vars: 
BindingGroup: Data_CodePoint_Unicode_Internal_rule119 type: Other vars: 
BindingGroup: Data_CodePoint_Unicode_Internal_gencatME type: Int vars: 
BindingGroup: Data_CodePoint_Unicode_Internal_rule93 type: Other vars: 
BindingGroup: Data_CodePoint_Unicode_Internal_rule92 type: Other vars: 
BindingGroup: Data_CodePoint_Unicode_Internal_gencatMN type: Int vars: 
BindingGroup: Data_CodePoint_Unicode_Internal_rule8 type: Other vars: 
BindingGroup: Data_CodePoint_Unicode_Internal_gencatND type: Int vars: 
BindingGroup: Data_CodePoint_Unicode_Internal_rule169 type: Other vars: 
BindingGroup: Data_CodePoint_Unicode_Internal_rule168 type: Other vars: 
BindingGroup: Data_CodePoint_Unicode_Internal_rule128 type: Other vars: 
BindingGroup: Data_CodePoint_Unicode_Internal_gencatNL type: Int vars: 
BindingGroup: Data_CodePoint_Unicode_Internal_rule17 type: Other vars: 
BindingGroup: Data_CodePoint_Unicode_Internal_gencatNO type: Int vars: 
BindingGroup: Data_CodePoint_Unicode_Internal_rule11 type: Other vars: 
BindingGroup: Data_CodePoint_Unicode_Internal_gencatPC type: Int vars: 
BindingGroup: Data_CodePoint_Unicode_Internal_rule7 type: Other vars: 
BindingGroup: Data_CodePoint_Unicode_Internal_gencatPD type: Int vars: 
BindingGroup: Data_CodePoint_Unicode_Internal_rule5 type: Other vars: 
BindingGroup: Data_CodePoint_Unicode_Internal_gencatPE type: Int vars: 
BindingGroup: Data_CodePoint_Unicode_Internal_rule19 type: Other vars: 
BindingGroup: Data_CodePoint_Unicode_Internal_gencatPF type: Int vars: 
BindingGroup: Data_CodePoint_Unicode_Internal_rule15 type: Other vars: 
BindingGroup: Data_CodePoint_Unicode_Internal_gencatPI type: Int vars: 
BindingGroup: Data_CodePoint_Unicode_Internal_rule2 type: Other vars: 
BindingGroup: Data_CodePoint_Unicode_Internal_gencatPO type: Int vars: 
BindingGroup: Data_CodePoint_Unicode_Internal_rule4 type: Other vars: 
BindingGroup: Data_CodePoint_Unicode_Internal_gencatPS type: Int vars: 
BindingGroup: Data_CodePoint_Unicode_Internal_rule3 type: Other vars: 
BindingGroup: Data_CodePoint_Unicode_Internal_gencatSC type: Int vars: 
BindingGroup: Data_CodePoint_Unicode_Internal_rule10 type: Other vars: 
BindingGroup: Data_CodePoint_Unicode_Internal_gencatSK type: Int vars: 
BindingGroup: Data_CodePoint_Unicode_Internal_rule6 type: Other vars: 
BindingGroup: Data_CodePoint_Unicode_Internal_gencatSM type: Int vars: 
BindingGroup: Data_CodePoint_Unicode_Internal_rule171 type: Other vars: 
BindingGroup: Data_CodePoint_Unicode_Internal_rule170 type: Other vars: 
BindingGroup: Data_CodePoint_Unicode_Internal_rule13 type: Other vars: 
BindingGroup: Data_CodePoint_Unicode_Internal_gencatSO type: Int vars: 
BindingGroup: Data_CodePoint_Unicode_Internal_rule161 type: Other vars: 
BindingGroup: Data_CodePoint_Unicode_Internal_gencatZL type: Int vars: 
BindingGroup: Data_CodePoint_Unicode_Internal_rule162 type: Other vars: 
BindingGroup: Data_CodePoint_Unicode_Internal_gencatZP type: Int vars: 
BindingGroup: Data_CodePoint_Unicode_Internal_spacechars type: Other vars: 
BindingGroup: Data_CodePoint_Unicode_Internal_rule1 type: Other vars: 
BindingGroup: Data_CodePoint_Unicode_Internal_gencatZS type: Int vars: 
BindingGroup: Data_CodePoint_Unicode_Internal_maxUniChar type: Int vars: 
BindingGroup: Data_CodePoint_Unicode_Internal_numBlocks type: Int vars: 
BindingGroup: Data_CodePoint_Unicode_Internal_numConvBlocks type: Int vars: 
BindingGroup: Data_CodePoint_Unicode_Internal_numLat1Blocks type: Int vars: 
BindingGroup: Data_CodePoint_Unicode_Internal_numRules type: Int vars: 
BindingGroup: Data_CodePoint_Unicode_Internal_numSpaceBlocks type: Int vars: 
BindingGroup: Data_CodePoint_Unicode_Internal_showCharBlock type: Other vars: 
BindingGroup: Data_CodePoint_Unicode_Internal_showConversionRule type: Other vars: 
BindingGroup: Data_CodePoint_Unicode_Internal_showUnicodeCategory type: Other vars: 
BindingGroup: Data_CodePoint_Unicode_Internal_CharBlock type: Func vars: 
FUNCTION Data_CodePoint_Unicode_Internal_CharBlock args: 1 extracted: Just
BindingGroup: Data_CodePoint_Unicode_Internal_ConversionRule type: Func vars: 
FUNCTION Data_CodePoint_Unicode_Internal_ConversionRule args: 1 extracted: Just
BindingGroup: Data_CodePoint_Unicode_Internal_NUMCAT_CN type: Other vars: 
BindingGroup: Data_CodePoint_Unicode_Internal_NUMCAT_CO type: Other vars: 
BindingGroup: Data_CodePoint_Unicode_Internal_NUMCAT_CS type: Other vars: 
BindingGroup: Data_CodePoint_Unicode_Internal_NUMCAT_CF type: Other vars: 
BindingGroup: Data_CodePoint_Unicode_Internal_NUMCAT_CC type: Other vars: 
BindingGroup: Data_CodePoint_Unicode_Internal_NUMCAT_ZP type: Other vars: 
BindingGroup: Data_CodePoint_Unicode_Internal_NUMCAT_ZL type: Other vars: 
BindingGroup: Data_CodePoint_Unicode_Internal_NUMCAT_ZS type: Other vars: 
BindingGroup: Data_CodePoint_Unicode_Internal_NUMCAT_SO type: Other vars: 
BindingGroup: Data_CodePoint_Unicode_Internal_NUMCAT_SK type: Other vars: 
BindingGroup: Data_CodePoint_Unicode_Internal_NUMCAT_SC type: Other vars: 
BindingGroup: Data_CodePoint_Unicode_Internal_NUMCAT_SM type: Other vars: 
BindingGroup: Data_CodePoint_Unicode_Internal_NUMCAT_PO type: Other vars: 
BindingGroup: Data_CodePoint_Unicode_Internal_NUMCAT_PF type: Other vars: 
BindingGroup: Data_CodePoint_Unicode_Internal_NUMCAT_PI type: Other vars: 
BindingGroup: Data_CodePoint_Unicode_Internal_NUMCAT_PE type: Other vars: 
BindingGroup: Data_CodePoint_Unicode_Internal_NUMCAT_PS type: Other vars: 
BindingGroup: Data_CodePoint_Unicode_Internal_NUMCAT_PD type: Other vars: 
BindingGroup: Data_CodePoint_Unicode_Internal_NUMCAT_PC type: Other vars: 
BindingGroup: Data_CodePoint_Unicode_Internal_NUMCAT_NO type: Other vars: 
BindingGroup: Data_CodePoint_Unicode_Internal_NUMCAT_NL type: Other vars: 
BindingGroup: Data_CodePoint_Unicode_Internal_NUMCAT_ND type: Other vars: 
BindingGroup: Data_CodePoint_Unicode_Internal_NUMCAT_ME type: Other vars: 
BindingGroup: Data_CodePoint_Unicode_Internal_NUMCAT_MC type: Other vars: 
BindingGroup: Data_CodePoint_Unicode_Internal_NUMCAT_MN type: Other vars: 
BindingGroup: Data_CodePoint_Unicode_Internal_NUMCAT_LO type: Other vars: 
BindingGroup: Data_CodePoint_Unicode_Internal_NUMCAT_LM type: Other vars: 
BindingGroup: Data_CodePoint_Unicode_Internal_NUMCAT_LT type: Other vars: 
BindingGroup: Data_CodePoint_Unicode_Internal_NUMCAT_LL type: Other vars: 
BindingGroup: Data_CodePoint_Unicode_Internal_NUMCAT_LU type: Other vars: 
findFfiFile [Data.CodePoint.Unicode.Internal] -> null
Found FFI for Data.CodePoint.Unicode.Internal at: Nothing
Found FFI for Data.CodePoint.Unicode.Internal at: Nothing
BindingGroup: Data_CodePoint_Unicode_Internal_Casing_upper type: Func vars: 
FUNCTION Data_CodePoint_Unicode_Internal_Casing_upper args: 1 extracted: Just
BindingGroup: Data_CodePoint_Unicode_Internal_Casing_title type: Func vars: 
FUNCTION Data_CodePoint_Unicode_Internal_Casing_title args: 1 extracted: Just
BindingGroup: Data_CodePoint_Unicode_Internal_Casing_lower type: Func vars: 
FUNCTION Data_CodePoint_Unicode_Internal_Casing_lower args: 1 extracted: Just
BindingGroup: Data_CodePoint_Unicode_Internal_Casing_foldFull type: Func vars: 
FUNCTION Data_CodePoint_Unicode_Internal_Casing_foldFull args: 1 extracted: Just
BindingGroup: Data_CodePoint_Unicode_Internal_Casing_fold type: Func vars: 
FUNCTION Data_CodePoint_Unicode_Internal_Casing_fold args: 1 extracted: Just
BindingGroup: Data_CodePoint_Unicode_Internal_Casing_findRule type: Func vars: 
FUNCTION Data_CodePoint_Unicode_Internal_Casing_findRule args: 1 extracted: Just
BindingGroup: Data_CodePoint_Unicode_Internal_Casing_recCmp type: Func vars: 
FUNCTION Data_CodePoint_Unicode_Internal_Casing_recCmp args: 2 extracted: Just
BindingGroup: Data_CodePoint_Unicode_Internal_Casing_rules type: Other vars: 
BindingGroup: Data_CodePoint_Unicode_Internal_Casing_zeroRec type: Func vars: 
FUNCTION Data_CodePoint_Unicode_Internal_Casing_zeroRec args: 1 extracted: Just
findFfiFile [Data.CodePoint.Unicode.Internal.Casing] -> null
Found FFI for Data.CodePoint.Unicode.Internal.Casing at: Nothing
Found FFI for Data.CodePoint.Unicode.Internal.Casing at: Nothing
BindingGroup: Data_String_Pattern_ordPattern type: Other vars: 
BindingGroup: Data_String_Pattern_eqPattern type: Other vars: 
BindingGroup: Data_String_Pattern_ordReplacement type: Other vars: 
BindingGroup: Data_String_Pattern_eqReplacement type: Other vars: 
BindingGroup: Data_String_Pattern_newtypePattern type: TypeApp(Other, [...]) vars: 
BindingGroup: Data_String_Pattern_newtypeReplacement type: TypeApp(Other, [...]) vars: 
BindingGroup: Data_String_Pattern_showPattern type: Other vars: 
BindingGroup: Data_String_Pattern_showReplacement type: Other vars: 
BindingGroup: Data_String_Pattern_Pattern type: Func vars: 
FUNCTION Data_String_Pattern_Pattern args: 1 extracted: Just
BindingGroup: Data_String_Pattern_Replacement type: Func vars: 
FUNCTION Data_String_Pattern_Replacement args: 1 extracted: Just
findFfiFile [Data.String.Pattern] -> null
Found FFI for Data.String.Pattern at: Nothing
Found FFI for Data.String.Pattern at: Nothing
findFfiFile [Data.String.Unsafe] -> ../purust-strings/src/Data/String/Unsafe.rs
Found FFI for Data.String.Unsafe at: (Just "../purust-strings/src/Data/String/Unsafe.rs")
Found FFI for Data.String.Unsafe at: (Just "../purust-strings/src/Data/String/Unsafe.rs")
BindingGroup: Data_String_CodeUnits_charAt type: Func vars: 
FUNCTION Data_String_CodeUnits_charAt args: 2 extracted: Nothing
BindingGroup: Data_String_CodeUnits_contains type: Func vars: 
FUNCTION Data_String_CodeUnits_contains args: 2 extracted: Just
BindingGroup: Data_String_CodeUnits_dropRight type: Func vars: 
FUNCTION Data_String_CodeUnits_dropRight args: 2 extracted: Just
BindingGroup: Data_String_CodeUnits_dropWhile type: Func vars: 
FUNCTION Data_String_CodeUnits_dropWhile args: 2 extracted: Just
BindingGroup: Data_String_CodeUnits_endsWith type: Func vars: 
FUNCTION Data_String_CodeUnits_endsWith args: 2 extracted: Just
BindingGroup: Data_String_CodeUnits_indexOf type: Func vars: 
FUNCTION Data_String_CodeUnits_indexOf args: 2 extracted: Nothing
BindingGroup: Data_String_CodeUnits_indexOf_prime type: Func vars: 
FUNCTION Data_String_CodeUnits_indexOf_prime args: 3 extracted: Nothing
BindingGroup: Data_String_CodeUnits_lastIndexOf type: Func vars: 
FUNCTION Data_String_CodeUnits_lastIndexOf args: 2 extracted: Nothing
BindingGroup: Data_String_CodeUnits_lastIndexOf_prime type: Func vars: 
FUNCTION Data_String_CodeUnits_lastIndexOf_prime args: 3 extracted: Nothing
BindingGroup: Data_String_CodeUnits_startsWith type: Func vars: 
FUNCTION Data_String_CodeUnits_startsWith args: 2 extracted: Just
BindingGroup: Data_String_CodeUnits_stripPrefix type: Func vars: 
FUNCTION Data_String_CodeUnits_stripPrefix args: 2 extracted: Just
BindingGroup: Data_String_CodeUnits_stripSuffix type: Func vars: 
FUNCTION Data_String_CodeUnits_stripSuffix args: 2 extracted: Just
BindingGroup: Data_String_CodeUnits_takeRight type: Func vars: 
FUNCTION Data_String_CodeUnits_takeRight args: 2 extracted: Just
BindingGroup: Data_String_CodeUnits_takeWhile type: Func vars: 
FUNCTION Data_String_CodeUnits_takeWhile args: 2 extracted: Just
BindingGroup: Data_String_CodeUnits_toChar type: Func vars: 
FUNCTION Data_String_CodeUnits_toChar args: 1 extracted: Nothing
BindingGroup: Data_String_CodeUnits_uncons type: Func vars: 
FUNCTION Data_String_CodeUnits_uncons args: 1 extracted: Just
findFfiFile [Data.String.CodeUnits] -> ../purust-strings/src/Data/String/CodeUnits.rs
Found FFI for Data.String.CodeUnits at: (Just "../purust-strings/src/Data/String/CodeUnits.rs")
Found FFI for Data.String.CodeUnits at: (Just "../purust-strings/src/Data/String/CodeUnits.rs")
BindingGroup: Data_String_Common_localeCompare type: Func vars: 
FUNCTION Data_String_Common_localeCompare args: 2 extracted: Nothing
BindingGroup: Data_String_Common_null type: Func vars: 
FUNCTION Data_String_Common_null args: 1 extracted: Just
findFfiFile [Data.String.Common] -> ../purust-strings/src/Data/String/Common.rs
Found FFI for Data.String.Common at: (Just "../purust-strings/src/Data/String/Common.rs")
Found FFI for Data.String.Common at: (Just "../purust-strings/src/Data/String/Common.rs")
BindingGroup: Data_String_CodePoints_singleton type: Func vars: 
FUNCTION Data_String_CodePoints_singleton args: 1 extracted: Nothing
BindingGroup: Data_String_CodePoints_fromCodePointArray type: Func vars: 
FUNCTION Data_String_CodePoints_fromCodePointArray args: 1 extracted: Nothing
BindingGroup: Data_String_CodePoints_singletonFallback type: Func vars: 
FUNCTION Data_String_CodePoints_singletonFallback args: 1 extracted: Just
BindingGroup: Data_String_CodePoints_fromCharCode type: Func vars: 
FUNCTION Data_String_CodePoints_fromCharCode args: 1 extracted: Just
BindingGroup: Data_String_CodePoints_indexOf type: Func vars: 
FUNCTION Data_String_CodePoints_indexOf args: 2 extracted: Just
BindingGroup: Data_String_CodePoints_lastIndexOf type: Func vars: 
FUNCTION Data_String_CodePoints_lastIndexOf args: 2 extracted: Just
BindingGroup: Data_String_CodePoints_length type: Func vars: 
FUNCTION Data_String_CodePoints_length args: 1 extracted: Just
BindingGroup: Data_String_CodePoints_toCodePointArray type: Func vars: 
FUNCTION Data_String_CodePoints_toCodePointArray args: 1 extracted: Nothing
BindingGroup: Data_String_CodePoints_unsafeCodePointAt0 type: Func vars: 
FUNCTION Data_String_CodePoints_unsafeCodePointAt0 args: 1 extracted: Nothing
BindingGroup: Data_String_CodePoints_unsafeCodePointAt0Fallback type: Func vars: 
FUNCTION Data_String_CodePoints_unsafeCodePointAt0Fallback args: 1 extracted: Just
BindingGroup: Data_String_CodePoints_toCodePointArrayFallback type: Func vars: 
BOXUNBOX EQUAL ARITY: expStr=purust_core::Func1<crate::UnknownType, std::rc::Rc<Purs_Data_Maybe::Maybe<std::rc::Rc<Purs_Data_Tuple::Tuple<crate::UnknownType, crate::UnknownType>>>>> actStr=purust_core::Func1<String, std::rc::Rc<Purs_Data_Maybe::Maybe<std::rc::Rc<Purs_Data_Tuple::Tuple<i64, String>>>>>
FUNCTION Data_String_CodePoints_toCodePointArrayFallback args: 1 extracted: Just
BindingGroup: Data_String_CodePoints_unconsButWithTuple type: Func vars: 
FUNCTION Data_String_CodePoints_unconsButWithTuple args: 1 extracted: Just
BindingGroup: Data_String_CodePoints_uncons type: Func vars: 
FUNCTION Data_String_CodePoints_uncons args: 1 extracted: Just
BindingGroup: Data_String_CodePoints_showCodePoint type: Other vars: 
BindingGroup: Data_String_CodePoints_takeFallback type: Func vars: 
FUNCTION Data_String_CodePoints_takeFallback args: 2 extracted: Just
BindingGroup: Data_String_CodePoints_indexOf_prime type: Func vars: 
FUNCTION Data_String_CodePoints_indexOf_prime args: 3 extracted: Just
BindingGroup: Data_String_CodePoints_drop type: Func vars: 
FUNCTION Data_String_CodePoints_drop args: 2 extracted: Just
BindingGroup: Data_String_CodePoints_ordCodePoint type: Other vars: 
BindingGroup: Data_String_CodePoints_eqCodePoint type: Other vars: 
BindingGroup: Data_String_CodePoints_splitAt type: Func vars: 
FUNCTION Data_String_CodePoints_splitAt args: 2 extracted: Just
BindingGroup: Data_String_CodePoints_lastIndexOf_prime type: Func vars: 
FUNCTION Data_String_CodePoints_lastIndexOf_prime args: 3 extracted: Just
BindingGroup: Data_String_CodePoints_take type: Func vars: 
FUNCTION Data_String_CodePoints_take args: 2 extracted: Nothing
BindingGroup: Data_String_CodePoints_countTail type: Func vars: 
FUNCTION Data_String_CodePoints_countTail args: 3 extracted: Just
BindingGroup: Data_String_CodePoints_codePointFromChar type: Func vars: 
FUNCTION Data_String_CodePoints_codePointFromChar args: 1 extracted: Just
BindingGroup: Data_String_CodePoints_takeWhile type: Func vars: 
FUNCTION Data_String_CodePoints_takeWhile args: 2 extracted: Just
BindingGroup: Data_String_CodePoints_dropWhile type: Func vars: 
FUNCTION Data_String_CodePoints_dropWhile args: 2 extracted: Just
BindingGroup: Data_String_CodePoints_countPrefix type: Func vars: 
FUNCTION Data_String_CodePoints_countPrefix args: 2 extracted: Nothing
BindingGroup: Data_String_CodePoints_countFallback type: Func vars: 
FUNCTION Data_String_CodePoints_countFallback args: 2 extracted: Just
BindingGroup: Data_String_CodePoints_codePointAtFallback type: Func vars: 
FUNCTION Data_String_CodePoints_codePointAtFallback args: 2 extracted: Just
BindingGroup: Data_String_CodePoints_boundedCodePoint type: Other vars: 
BindingGroup: Data_String_CodePoints_codePointAt type: Func vars: 
FUNCTION Data_String_CodePoints_codePointAt args: 2 extracted: Just
BindingGroup: Data_String_CodePoints_enumCodePoint type: Other vars: 
BindingGroup: Data_String_CodePoints_boundedEnumCodePoint type: Other vars: 
findFfiFile [Data.String.CodePoints] -> ../purust-strings/src/Data/String/CodePoints.rs
Found FFI for Data.String.CodePoints at: (Just "../purust-strings/src/Data/String/CodePoints.rs")
Found FFI for Data.String.CodePoints at: (Just "../purust-strings/src/Data/String/CodePoints.rs")
BindingGroup: Data_CodePoint_Unicode_boundedGeneralCategory type: Other vars: 
BindingGroup: Data_CodePoint_Unicode_caseFold type: Func vars: 
FUNCTION Data_CodePoint_Unicode_caseFold args: 1 extracted: Nothing
BindingGroup: Data_CodePoint_Unicode_caseFoldSimple type: Func vars: 
FUNCTION Data_CodePoint_Unicode_caseFoldSimple args: 1 extracted: Nothing
BindingGroup: Data_CodePoint_Unicode_decDigitToInt type: Func vars: 
FUNCTION Data_CodePoint_Unicode_decDigitToInt args: 1 extracted: Just
BindingGroup: Data_CodePoint_Unicode_digitToInt type: ConstrainedType(Func) vars: 
FUNCTION Data_CodePoint_Unicode_digitToInt args: 2 extracted: Nothing
BindingGroup: Data_CodePoint_Unicode_ordGeneralCategory type: Other vars: 
BindingGroup: Data_CodePoint_Unicode_eqGeneralCategory type: Other vars: 
BindingGroup: Data_CodePoint_Unicode_generalCatToInt type: Func vars: 
FUNCTION Data_CodePoint_Unicode_generalCatToInt args: 1 extracted: Just
BindingGroup: Data_CodePoint_Unicode_generalCatToUnicodeCat type: Func vars: 
FUNCTION Data_CodePoint_Unicode_generalCatToUnicodeCat args: 1 extracted: Just
BindingGroup: Data_CodePoint_Unicode_isSymbol type: Func vars: 
FUNCTION Data_CodePoint_Unicode_isSymbol args: 1 extracted: Just
BindingGroup: Data_CodePoint_Unicode_isSeparator type: Func vars: 
FUNCTION Data_CodePoint_Unicode_isSeparator args: 1 extracted: Just
BindingGroup: Data_CodePoint_Unicode_isPunctuation type: Func vars: 
FUNCTION Data_CodePoint_Unicode_isPunctuation args: 1 extracted: Just
BindingGroup: Data_CodePoint_Unicode_isNumber type: Func vars: 
FUNCTION Data_CodePoint_Unicode_isNumber args: 1 extracted: Just
BindingGroup: Data_CodePoint_Unicode_isMark type: Func vars: 
FUNCTION Data_CodePoint_Unicode_isMark args: 1 extracted: Just
BindingGroup: Data_CodePoint_Unicode_isLetter type: Func vars: 
FUNCTION Data_CodePoint_Unicode_isLetter args: 1 extracted: Just
BindingGroup: Data_CodePoint_Unicode_generalCategory type: Func vars: 
FUNCTION Data_CodePoint_Unicode_generalCategory args: 1 extracted: Just
BindingGroup: Data_CodePoint_Unicode_hexDigitToInt type: Func vars: 
FUNCTION Data_CodePoint_Unicode_hexDigitToInt args: 1 extracted: Just
BindingGroup: Data_CodePoint_Unicode_isAlpha type: Func vars: 
FUNCTION Data_CodePoint_Unicode_isAlpha args: 1 extracted: Just
BindingGroup: Data_CodePoint_Unicode_isAlphaNum type: Func vars: 
FUNCTION Data_CodePoint_Unicode_isAlphaNum args: 1 extracted: Just
BindingGroup: Data_CodePoint_Unicode_isAscii type: Func vars: 
FUNCTION Data_CodePoint_Unicode_isAscii args: 1 extracted: Just
BindingGroup: Data_CodePoint_Unicode_isAsciiLower type: Func vars: 
FUNCTION Data_CodePoint_Unicode_isAsciiLower args: 1 extracted: Just
BindingGroup: Data_CodePoint_Unicode_isAsciiUpper type: Func vars: 
FUNCTION Data_CodePoint_Unicode_isAsciiUpper args: 1 extracted: Just
BindingGroup: Data_CodePoint_Unicode_isControl type: Func vars: 
FUNCTION Data_CodePoint_Unicode_isControl args: 1 extracted: Just
BindingGroup: Data_CodePoint_Unicode_isHexDigit type: Func vars: 
FUNCTION Data_CodePoint_Unicode_isHexDigit args: 1 extracted: Just
BindingGroup: Data_CodePoint_Unicode_isDigit type: ConstrainedType(Func) vars: 
FUNCTION Data_CodePoint_Unicode_isDigit args: 2 extracted: Nothing
BindingGroup: Data_CodePoint_Unicode_isDecDigit type: Func vars: 
FUNCTION Data_CodePoint_Unicode_isDecDigit args: 1 extracted: Just
BindingGroup: Data_CodePoint_Unicode_isLatin1 type: Func vars: 
FUNCTION Data_CodePoint_Unicode_isLatin1 args: 1 extracted: Just
BindingGroup: Data_CodePoint_Unicode_isLower type: Func vars: 
FUNCTION Data_CodePoint_Unicode_isLower args: 1 extracted: Just
BindingGroup: Data_CodePoint_Unicode_octDigitToInt type: Func vars: 
FUNCTION Data_CodePoint_Unicode_octDigitToInt args: 1 extracted: Just
BindingGroup: Data_CodePoint_Unicode_isOctDigit type: Func vars: 
FUNCTION Data_CodePoint_Unicode_isOctDigit args: 1 extracted: Just
BindingGroup: Data_CodePoint_Unicode_isPrint type: Func vars: 
FUNCTION Data_CodePoint_Unicode_isPrint args: 1 extracted: Just
BindingGroup: Data_CodePoint_Unicode_isSpace type: Func vars: 
FUNCTION Data_CodePoint_Unicode_isSpace args: 1 extracted: Just
BindingGroup: Data_CodePoint_Unicode_isUpper type: Func vars: 
FUNCTION Data_CodePoint_Unicode_isUpper args: 1 extracted: Just
BindingGroup: Data_CodePoint_Unicode_toUpperSimple type: Func vars: 
FUNCTION Data_CodePoint_Unicode_toUpperSimple args: 1 extracted: Nothing
BindingGroup: Data_CodePoint_Unicode_toTitleSimple type: Func vars: 
FUNCTION Data_CodePoint_Unicode_toTitleSimple args: 1 extracted: Nothing
BindingGroup: Data_CodePoint_Unicode_toLowerSimple type: Func vars: 
FUNCTION Data_CodePoint_Unicode_toLowerSimple args: 1 extracted: Nothing
BindingGroup: Data_CodePoint_Unicode_toUpper type: Func vars: 
FUNCTION Data_CodePoint_Unicode_toUpper args: 1 extracted: Nothing
BindingGroup: Data_CodePoint_Unicode_toTitle type: Func vars: 
FUNCTION Data_CodePoint_Unicode_toTitle args: 1 extracted: Nothing
BindingGroup: Data_CodePoint_Unicode_toLower type: Func vars: 
FUNCTION Data_CodePoint_Unicode_toLower args: 1 extracted: Nothing
BindingGroup: Data_CodePoint_Unicode_showGeneralCategory type: Other vars: 
BindingGroup: Data_CodePoint_Unicode_unicodeCatToGeneralCat type: Func vars: 
FUNCTION Data_CodePoint_Unicode_unicodeCatToGeneralCat args: 1 extracted: Just
BindingGroup: Data_CodePoint_Unicode_NotAssigned type: Other vars: 
BindingGroup: Data_CodePoint_Unicode_PrivateUse type: Other vars: 
BindingGroup: Data_CodePoint_Unicode_Surrogate type: Other vars: 
BindingGroup: Data_CodePoint_Unicode_Format type: Other vars: 
BindingGroup: Data_CodePoint_Unicode_Control type: Other vars: 
BindingGroup: Data_CodePoint_Unicode_ParagraphSeparator type: Other vars: 
BindingGroup: Data_CodePoint_Unicode_LineSeparator type: Other vars: 
BindingGroup: Data_CodePoint_Unicode_Space type: Other vars: 
BindingGroup: Data_CodePoint_Unicode_OtherSymbol type: Other vars: 
BindingGroup: Data_CodePoint_Unicode_ModifierSymbol type: Other vars: 
BindingGroup: Data_CodePoint_Unicode_CurrencySymbol type: Other vars: 
BindingGroup: Data_CodePoint_Unicode_MathSymbol type: Other vars: 
BindingGroup: Data_CodePoint_Unicode_OtherPunctuation type: Other vars: 
BindingGroup: Data_CodePoint_Unicode_FinalQuote type: Other vars: 
BindingGroup: Data_CodePoint_Unicode_InitialQuote type: Other vars: 
BindingGroup: Data_CodePoint_Unicode_ClosePunctuation type: Other vars: 
BindingGroup: Data_CodePoint_Unicode_OpenPunctuation type: Other vars: 
BindingGroup: Data_CodePoint_Unicode_DashPunctuation type: Other vars: 
BindingGroup: Data_CodePoint_Unicode_ConnectorPunctuation type: Other vars: 
BindingGroup: Data_CodePoint_Unicode_OtherNumber type: Other vars: 
BindingGroup: Data_CodePoint_Unicode_LetterNumber type: Other vars: 
BindingGroup: Data_CodePoint_Unicode_DecimalNumber type: Other vars: 
BindingGroup: Data_CodePoint_Unicode_EnclosingMark type: Other vars: 
BindingGroup: Data_CodePoint_Unicode_SpacingCombiningMark type: Other vars: 
BindingGroup: Data_CodePoint_Unicode_NonSpacingMark type: Other vars: 
BindingGroup: Data_CodePoint_Unicode_OtherLetter type: Other vars: 
BindingGroup: Data_CodePoint_Unicode_ModifierLetter type: Other vars: 
BindingGroup: Data_CodePoint_Unicode_TitlecaseLetter type: Other vars: 
BindingGroup: Data_CodePoint_Unicode_LowercaseLetter type: Other vars: 
BindingGroup: Data_CodePoint_Unicode_UppercaseLetter type: Other vars: 
findFfiFile [Data.CodePoint.Unicode] -> null
Found FFI for Data.CodePoint.Unicode at: Nothing
Found FFI for Data.CodePoint.Unicode at: Nothing
BindingGroup: Data_Comparison_contravariantComparison type: Other vars: a
BOXUNBOX FUNC: expStr=purust_core::Func2<purust_core::Func1<crate::UnknownType, a>, crate::UnknownType, crate::UnknownType> actStr=purust_core::Func4<purust_core::Func1<crate::UnknownType, a>, purust_core::Func2<a, a, std::rc::Rc<Purs_Data_Ordering::Ordering>>, crate::UnknownType, crate::UnknownType, std::rc::Rc<Purs_Data_Ordering::Ordering>>
BindingGroup: Data_Comparison_defaultComparison type: ConstrainedType(Func) vars: a
FUNCTION Data_Comparison_defaultComparison args: 3 extracted: Nothing
BindingGroup: Data_Comparison_monoidComparison type: Other vars: a
BindingGroup: Data_Comparison_newtypeComparison type: TypeApp(Other, [...]) vars: a
BindingGroup: Data_Comparison_semigroupComparison type: Other vars: a
BOXUNBOX FUNC: expStr=purust_core::Func2<purust_core::Func2<a, a, std::rc::Rc<Purs_Data_Ordering::Ordering>>, purust_core::Func2<a, a, std::rc::Rc<Purs_Data_Ordering::Ordering>>, purust_core::Func2<a, a, std::rc::Rc<Purs_Data_Ordering::Ordering>>> actStr=purust_core::Func4<purust_core::Func2<a, a, std::rc::Rc<Purs_Data_Ordering::Ordering>>, purust_core::Func2<a, a, std::rc::Rc<Purs_Data_Ordering::Ordering>>, a, a, std::rc::Rc<Purs_Data_Ordering::Ordering>>
BindingGroup: Data_Comparison_Comparison type: Func vars: 
FUNCTION Data_Comparison_Comparison args: 1 extracted: Just
findFfiFile [Data.Comparison] -> null
Found FFI for Data.Comparison at: Nothing
Found FFI for Data.Comparison at: Nothing
BindingGroup: Data_Equivalence_comparisonEquivalence type: Func vars: a
FUNCTION Data_Equivalence_comparisonEquivalence args: 3 extracted: Just
BindingGroup: Data_Equivalence_contravariantEquivalence type: Other vars: a
BOXUNBOX FUNC: expStr=purust_core::Func2<purust_core::Func1<crate::UnknownType, a>, crate::UnknownType, crate::UnknownType> actStr=purust_core::Func4<purust_core::Func1<crate::UnknownType, a>, purust_core::Func2<a, a, bool>, crate::UnknownType, crate::UnknownType, bool>
BindingGroup: Data_Equivalence_defaultEquivalence type: ConstrainedType(Func) vars: a
FUNCTION Data_Equivalence_defaultEquivalence args: 3 extracted: Nothing
BindingGroup: Data_Equivalence_monoidEquivalence type: Other vars: a
BindingGroup: Data_Equivalence_newtypeEquivalence type: TypeApp(Other, [...]) vars: a
BindingGroup: Data_Equivalence_semigroupEquivalence type: Other vars: a
BOXUNBOX FUNC: expStr=purust_core::Func2<purust_core::Func2<a, a, bool>, purust_core::Func2<a, a, bool>, purust_core::Func2<a, a, bool>> actStr=purust_core::Func4<purust_core::Func2<a, a, bool>, purust_core::Func2<a, a, bool>, a, a, bool>
BindingGroup: Data_Equivalence_Equivalence type: Func vars: 
FUNCTION Data_Equivalence_Equivalence args: 1 extracted: Just
findFfiFile [Data.Equivalence] -> null
Found FFI for Data.Equivalence at: Nothing
Found FFI for Data.Equivalence at: Nothing
BindingGroup: Data_Op_categoryOp type: TypeApp(Other, [...]) vars: a, b
BindingGroup: Data_Op_contravariantOp type: Other vars: a, b
BOXUNBOX FUNC: expStr=purust_core::Func2<purust_core::Func1<b, a>, crate::UnknownType, crate::UnknownType> actStr=purust_core::Func3<purust_core::Func1<b, a>, purust_core::Func1<a, a>, b, a>
BindingGroup: Data_Op_monoidOp type: ConstrainedType(Other) vars: a, b
UNSAFE_COERCE GENERATED: expStr=b actStr=a expTy=TypeVar(b) actTy=TypeVar(a)
FUNCTION Data_Op_monoidOp args: 1 extracted: Just
BindingGroup: Data_Op_newtypeOp type: TypeApp(Other, [...]) vars: a, b
BindingGroup: Data_Op_semigroupOp type: ConstrainedType(Other) vars: a, b
BOXUNBOX EQUAL ARITY: expStr=purust_core::Func1<crate::UnknownType, crate::UnknownType> actStr=purust_core::Func1<b, a>
BOXUNBOX EQUAL ARITY: expStr=purust_core::Func1<crate::UnknownType, crate::UnknownType> actStr=purust_core::Func1<b, a>
BOXUNBOX EQUAL ARITY: expStr=purust_core::Func1<b, a> actStr=purust_core::Func1<crate::UnknownType, crate::UnknownType>
BOXUNBOX FUNC: expStr=purust_core::Func2<purust_core::Func1<b, a>, purust_core::Func1<b, a>, purust_core::Func1<b, a>> actStr=purust_core::Func3<purust_core::Func1<crate::UnknownType, crate::UnknownType>, purust_core::Func1<crate::UnknownType, crate::UnknownType>, crate::UnknownType, crate::UnknownType>
FUNCTION Data_Op_semigroupOp args: 1 extracted: Just
BindingGroup: Data_Op_semigroupoidOp type: TypeApp(Other, [...]) vars: a, b
BOXUNBOX FUNC: expStr=purust_core::Func2<crate::UnknownType, crate::UnknownType, crate::UnknownType> actStr=purust_core::Func3<purust_core::Func1<crate::UnknownType, crate::UnknownType>, purust_core::Func1<crate::UnknownType, b>, crate::UnknownType, b>
BindingGroup: Data_Op_Op type: Func vars: 
FUNCTION Data_Op_Op args: 1 extracted: Just
findFfiFile [Data.Op] -> null
Found FFI for Data.Op at: Nothing
Found FFI for Data.Op at: Nothing
BindingGroup: Data_Predicate_booleanAlgebraPredicate type: Other vars: a
BindingGroup: Data_Predicate_contravariantPredicate type: Other vars: a
BOXUNBOX FUNC: expStr=purust_core::Func2<purust_core::Func1<crate::UnknownType, a>, crate::UnknownType, crate::UnknownType> actStr=purust_core::Func3<purust_core::Func1<crate::UnknownType, a>, purust_core::Func1<a, bool>, crate::UnknownType, bool>
BindingGroup: Data_Predicate_heytingAlgebraPredicate type: Other vars: a
BOXUNBOX EQUAL ARITY: expStr=purust_core::Func1<a, bool> actStr=purust_core::Func1<a, crate::UnknownType>
BOXUNBOX EQUAL ARITY: expStr=purust_core::Func1<a, bool> actStr=purust_core::Func1<a, crate::UnknownType>
BOXUNBOX EQUAL ARITY: expStr=purust_core::Func1<a, crate::UnknownType> actStr=purust_core::Func1<a, bool>
BOXUNBOX EQUAL ARITY: expStr=purust_core::Func1<a, crate::UnknownType> actStr=purust_core::Func1<a, bool>
BOXUNBOX EQUAL ARITY: expStr=purust_core::Func1<a, bool> actStr=purust_core::Func1<a, crate::UnknownType>
BOXUNBOX FUNC: expStr=purust_core::Func2<purust_core::Func1<a, bool>, purust_core::Func1<a, bool>, purust_core::Func1<a, bool>> actStr=purust_core::Func3<purust_core::Func1<a, crate::UnknownType>, purust_core::Func1<a, crate::UnknownType>, a, crate::UnknownType>
BOXUNBOX EQUAL ARITY: expStr=purust_core::Func1<a, crate::UnknownType> actStr=purust_core::Func1<a, bool>
BOXUNBOX EQUAL ARITY: expStr=purust_core::Func1<a, crate::UnknownType> actStr=purust_core::Func1<a, bool>
BOXUNBOX EQUAL ARITY: expStr=purust_core::Func1<a, bool> actStr=purust_core::Func1<a, crate::UnknownType>
BOXUNBOX FUNC: expStr=purust_core::Func2<purust_core::Func1<a, bool>, purust_core::Func1<a, bool>, purust_core::Func1<a, bool>> actStr=purust_core::Func3<purust_core::Func1<a, crate::UnknownType>, purust_core::Func1<a, crate::UnknownType>, a, crate::UnknownType>
BOXUNBOX EQUAL ARITY: expStr=purust_core::Func1<a, crate::UnknownType> actStr=purust_core::Func1<a, bool>
BOXUNBOX EQUAL ARITY: expStr=purust_core::Func1<a, crate::UnknownType> actStr=purust_core::Func1<a, bool>
BOXUNBOX EQUAL ARITY: expStr=purust_core::Func1<a, bool> actStr=purust_core::Func1<a, crate::UnknownType>
BOXUNBOX FUNC: expStr=purust_core::Func2<purust_core::Func1<a, bool>, purust_core::Func1<a, bool>, purust_core::Func1<a, bool>> actStr=purust_core::Func3<purust_core::Func1<a, crate::UnknownType>, purust_core::Func1<a, crate::UnknownType>, a, crate::UnknownType>
BOXUNBOX EQUAL ARITY: expStr=purust_core::Func1<a, crate::UnknownType> actStr=purust_core::Func1<a, bool>
BOXUNBOX EQUAL ARITY: expStr=purust_core::Func1<a, bool> actStr=purust_core::Func1<a, crate::UnknownType>
BOXUNBOX FUNC: expStr=purust_core::Func1<purust_core::Func1<a, bool>, purust_core::Func1<a, bool>> actStr=purust_core::Func2<purust_core::Func1<a, crate::UnknownType>, a, crate::UnknownType>
BindingGroup: Data_Predicate_newtypePredicate type: TypeApp(Other, [...]) vars: a
BindingGroup: Data_Predicate_Predicate type: Func vars: 
FUNCTION Data_Predicate_Predicate args: 1 extracted: Just
findFfiFile [Data.Predicate] -> null
Found FFI for Data.Predicate at: Nothing
Found FFI for Data.Predicate at: Nothing
BindingGroup: Data_Divide_divided type: ConstrainedType(Func) vars: a, b, f
UNSAFE_COERCE GENERATED: expStr=std::rc::Rc<Purs_Data_Tuple::Tuple<a, b>> actStr=a expTy=Other actTy=TypeVar(a)
BOXUNBOX EQUAL ARITY: expStr=purust_core::Func1<a, std::rc::Rc<Purs_Data_Tuple::Tuple<b, crate::UnknownType>>> actStr=purust_core::Func1<std::rc::Rc<Purs_Data_Tuple::Tuple<a, b>>, std::rc::Rc<Purs_Data_Tuple::Tuple<a, b>>>
FUNCTION Data_Divide_divided args: 3 extracted: Nothing
BindingGroup: Data_Divide_divide type: ForAll(ConstrainedType(Func)) vars: 
FUNCTION Data_Divide_divide args: 4 extracted: Nothing
BindingGroup: Data_Divide_divideComparison type: Other vars: a
BOXUNBOX FUNC: expStr=purust_core::Func3<purust_core::Func1<a, std::rc::Rc<Purs_Data_Tuple::Tuple<crate::UnknownType, crate::UnknownType>>>, crate::UnknownType, crate::UnknownType, crate::UnknownType> actStr=purust_core::Func5<purust_core::Func1<a, std::rc::Rc<Purs_Data_Tuple::Tuple<crate::UnknownType, crate::UnknownType>>>, purust_core::Func2<crate::UnknownType, crate::UnknownType, std::rc::Rc<Purs_Data_Ordering::Ordering>>, purust_core::Func2<crate::UnknownType, crate::UnknownType, std::rc::Rc<Purs_Data_Ordering::Ordering>>, a, a, std::rc::Rc<Purs_Data_Ordering::Ordering>>
BindingGroup: Data_Divide_divideEquivalence type: Other vars: a
BOXUNBOX FUNC: expStr=purust_core::Func3<purust_core::Func1<a, std::rc::Rc<Purs_Data_Tuple::Tuple<crate::UnknownType, crate::UnknownType>>>, crate::UnknownType, crate::UnknownType, crate::UnknownType> actStr=purust_core::Func5<purust_core::Func1<a, std::rc::Rc<Purs_Data_Tuple::Tuple<crate::UnknownType, crate::UnknownType>>>, purust_core::Func2<crate::UnknownType, crate::UnknownType, bool>, purust_core::Func2<crate::UnknownType, crate::UnknownType, bool>, a, a, bool>
BindingGroup: Data_Divide_divideOp type: ConstrainedType(Other) vars: b, r
BOXUNBOX FUNC: expStr=purust_core::Func3<purust_core::Func1<crate::UnknownType, std::rc::Rc<Purs_Data_Tuple::Tuple<b, crate::UnknownType>>>, crate::UnknownType, crate::UnknownType, crate::UnknownType> actStr=purust_core::Func4<purust_core::Func1<crate::UnknownType, std::rc::Rc<Purs_Data_Tuple::Tuple<b, crate::UnknownType>>>, purust_core::Func1<b, r>, purust_core::Func1<crate::UnknownType, r>, crate::UnknownType, r>
FUNCTION Data_Divide_divideOp args: 1 extracted: Just
BindingGroup: Data_Divide_dividePredicate type: Other vars: a
BOXUNBOX FUNC: expStr=purust_core::Func3<purust_core::Func1<a, std::rc::Rc<Purs_Data_Tuple::Tuple<crate::UnknownType, crate::UnknownType>>>, crate::UnknownType, crate::UnknownType, crate::UnknownType> actStr=purust_core::Func4<purust_core::Func1<a, std::rc::Rc<Purs_Data_Tuple::Tuple<crate::UnknownType, crate::UnknownType>>>, purust_core::Func1<crate::UnknownType, bool>, purust_core::Func1<crate::UnknownType, bool>, a, bool>
findFfiFile [Data.Divide] -> null
Found FFI for Data.Divide at: Nothing
Found FFI for Data.Divide at: Nothing
BindingGroup: Data_Decide_chosen type: ConstrainedType(Func) vars: a, b, f
UNSAFE_COERCE GENERATED: expStr=std::rc::Rc<Purs_Data_Either::Either<a, b>> actStr=a expTy=Other actTy=TypeVar(a)
BOXUNBOX EQUAL ARITY: expStr=purust_core::Func1<a, std::rc::Rc<Purs_Data_Either::Either<b, crate::UnknownType>>> actStr=purust_core::Func1<std::rc::Rc<Purs_Data_Either::Either<a, b>>, std::rc::Rc<Purs_Data_Either::Either<a, b>>>
FUNCTION Data_Decide_chosen args: 3 extracted: Nothing
BindingGroup: Data_Decide_choose type: ForAll(ConstrainedType(Func)) vars: 
FUNCTION Data_Decide_choose args: 4 extracted: Nothing
BindingGroup: Data_Decide_chooseComparison type: Other vars: a
BOXUNBOX FUNC: expStr=purust_core::Func3<purust_core::Func1<a, std::rc::Rc<Purs_Data_Either::Either<crate::UnknownType, crate::UnknownType>>>, crate::UnknownType, crate::UnknownType, crate::UnknownType> actStr=purust_core::Func5<purust_core::Func1<a, std::rc::Rc<Purs_Data_Either::Either<crate::UnknownType, crate::UnknownType>>>, purust_core::Func2<crate::UnknownType, crate::UnknownType, std::rc::Rc<Purs_Data_Ordering::Ordering>>, purust_core::Func2<crate::UnknownType, crate::UnknownType, std::rc::Rc<Purs_Data_Ordering::Ordering>>, a, a, std::rc::Rc<Purs_Data_Ordering::Ordering>>
BindingGroup: Data_Decide_chooseEquivalence type: Other vars: a
BOXUNBOX FUNC: expStr=purust_core::Func3<purust_core::Func1<a, std::rc::Rc<Purs_Data_Either::Either<crate::UnknownType, crate::UnknownType>>>, crate::UnknownType, crate::UnknownType, crate::UnknownType> actStr=purust_core::Func5<purust_core::Func1<a, std::rc::Rc<Purs_Data_Either::Either<crate::UnknownType, crate::UnknownType>>>, purust_core::Func2<crate::UnknownType, crate::UnknownType, bool>, purust_core::Func2<crate::UnknownType, crate::UnknownType, bool>, a, a, bool>
BindingGroup: Data_Decide_chooseOp type: ConstrainedType(Other) vars: b, r
BOXUNBOX FUNC: expStr=purust_core::Func3<purust_core::Func1<crate::UnknownType, std::rc::Rc<Purs_Data_Either::Either<b, crate::UnknownType>>>, crate::UnknownType, crate::UnknownType, crate::UnknownType> actStr=purust_core::Func4<purust_core::Func1<crate::UnknownType, std::rc::Rc<Purs_Data_Either::Either<b, crate::UnknownType>>>, purust_core::Func1<b, r>, purust_core::Func1<crate::UnknownType, r>, crate::UnknownType, r>
FUNCTION Data_Decide_chooseOp args: 1 extracted: Just
BindingGroup: Data_Decide_choosePredicate type: Other vars: a
BOXUNBOX FUNC: expStr=purust_core::Func3<purust_core::Func1<a, std::rc::Rc<Purs_Data_Either::Either<crate::UnknownType, crate::UnknownType>>>, crate::UnknownType, crate::UnknownType, crate::UnknownType> actStr=purust_core::Func4<purust_core::Func1<a, std::rc::Rc<Purs_Data_Either::Either<crate::UnknownType, crate::UnknownType>>>, purust_core::Func1<crate::UnknownType, bool>, purust_core::Func1<crate::UnknownType, bool>, a, bool>
findFfiFile [Data.Decide] -> null
Found FFI for Data.Decide at: Nothing
Found FFI for Data.Decide at: Nothing
BindingGroup: Data_Divisible_conquer type: ForAll(ConstrainedType(TypeApp(TypeVar(f), [...]))) vars: 
FUNCTION Data_Divisible_conquer args: 1 extracted: Just
BindingGroup: Data_Divisible_divisibleComparison type: Other vars: a
BindingGroup: Data_Divisible_divisibleEquivalence type: Other vars: a
BindingGroup: Data_Divisible_divisibleOp type: ConstrainedType(Other) vars: b, r
BOXUNBOX EQUAL ARITY: expStr=purust_core::Func1<crate::UnknownType, r> actStr=purust_core::Func1<b, crate::UnknownType>
FUNCTION Data_Divisible_divisibleOp args: 1 extracted: Just
BindingGroup: Data_Divisible_divisiblePredicate type: Other vars: a
findFfiFile [Data.Divisible] -> null
Found FFI for Data.Divisible at: Nothing
Found FFI for Data.Divisible at: Nothing
BindingGroup: Data_Decidable_decidableComparison type: Other vars: a
UNSAFE_COERCE GENERATED: expStr=std::rc::Rc<Purs_Data_Ordering::Ordering> actStr=a expTy=Other actTy=TypeVar(a)
BOXUNBOX FUNC: expStr=purust_core::Func1<purust_core::Func1<a, purust_core::Void>, crate::UnknownType> actStr=purust_core::Func3<purust_core::Func1<a, purust_core::Void>, a, a, std::rc::Rc<Purs_Data_Ordering::Ordering>>
BindingGroup: Data_Decidable_decidableEquivalence type: Other vars: a
BOXUNBOX FUNC: expStr=purust_core::Func1<purust_core::Func1<a, purust_core::Void>, crate::UnknownType> actStr=purust_core::Func3<purust_core::Func1<a, purust_core::Void>, a, a, bool>
BindingGroup: Data_Decidable_decidableOp type: ConstrainedType(Other) vars: b, r
BOXUNBOX FUNC: expStr=purust_core::Func1<purust_core::Func1<crate::UnknownType, purust_core::Void>, crate::UnknownType> actStr=purust_core::Func2<purust_core::Func1<crate::UnknownType, purust_core::Void>, crate::UnknownType, r>
FUNCTION Data_Decidable_decidableOp args: 1 extracted: Just
BindingGroup: Data_Decidable_decidablePredicate type: Other vars: a
BOXUNBOX FUNC: expStr=purust_core::Func1<purust_core::Func1<a, purust_core::Void>, crate::UnknownType> actStr=purust_core::Func2<purust_core::Func1<a, purust_core::Void>, a, bool>
BindingGroup: Data_Decidable_lost type: ConstrainedType(TypeApp(TypeVar(f), [...])) vars: f
BOXUNBOX EQUAL ARITY: expStr=purust_core::Func1<crate::UnknownType, purust_core::Void> actStr=purust_core::Func1<purust_core::Void, purust_core::Void>
FUNCTION Data_Decidable_lost args: 1 extracted: Just
BindingGroup: Data_Decidable_lose type: ForAll(ConstrainedType(Func)) vars: 
FUNCTION Data_Decidable_lose args: 2 extracted: Nothing
findFfiFile [Data.Decidable] -> null
Found FFI for Data.Decidable at: Nothing
Found FFI for Data.Decidable at: Nothing
BindingGroup: Type_Equality_from type: ConstrainedType(Func) vars: a, b
FUNCTION Type_Equality_from args: 2 extracted: Nothing
BindingGroup: Type_Equality_to type: ConstrainedType(Func) vars: a, b
FUNCTION Type_Equality_to args: 2 extracted: Nothing
BindingGroup: Type_Equality_proof type: ForAll(ConstrainedType(Func)) vars: 
FUNCTION Type_Equality_proof args: 2 extracted: Nothing
BindingGroup: Type_Equality_refl type: TypeApp(Other, [...]) vars: a
findFfiFile [Type.Equality] -> null
Found FFI for Type.Equality at: Nothing
Found FFI for Type.Equality at: Nothing
BindingGroup: Data_Distributive_distribute type: ForAll(ConstrainedType(Func)) vars: 
FUNCTION Data_Distributive_distribute args: 3 extracted: Nothing
BindingGroup: Data_Distributive_distributiveIdentity type: Other vars: a
VAR UNSAFE_COERCE: ty=Func genTy=ForAll(Func) mKeys=(fromFoldable ["a","b"]) mVals=TypeVar(a),TypeVar(a)
BOXUNBOX UNSAFE_COERCE: expStr=purust_core::Func1<a, crate::UnknownType> actStr=purust_core::Func1<a, a> ty=Func actTy=Func
BOXUNBOX EQUAL ARITY: expStr=purust_core::Func1<a, crate::UnknownType> actStr=purust_core::Func1<a, a>
BindingGroup: Data_Distributive_distributiveFunction type: Other vars: e
BOXUNBOX EQUAL ARITY: expStr=purust_core::Func1<crate::UnknownType, crate::UnknownType> actStr=purust_core::Func1<purust_core::Func1<e, crate::UnknownType>, crate::UnknownType>
BOXUNBOX FUNC: expStr=purust_core::Func2<std::rc::Rc<Purs_Data_Functor::Functor<crate::UnknownType>>, crate::UnknownType, crate::UnknownType> actStr=purust_core::Func3<std::rc::Rc<Purs_Data_Functor::Functor<crate::UnknownType>>, crate::UnknownType, e, crate::UnknownType>
BOXUNBOX FUNC: expStr=purust_core::Func1<crate::UnknownType, crate::UnknownType> actStr=purust_core::Func2<crate::UnknownType, e, crate::UnknownType>
BOXUNBOX EQUAL ARITY: expStr=purust_core::Func1<crate::UnknownType, crate::UnknownType> actStr=purust_core::Func1<purust_core::Func1<e, crate::UnknownType>, crate::UnknownType>
BOXUNBOX FUNC: expStr=purust_core::Func3<std::rc::Rc<Purs_Data_Functor::Functor<crate::UnknownType>>, purust_core::Func1<crate::UnknownType, crate::UnknownType>, crate::UnknownType, crate::UnknownType> actStr=purust_core::Func4<std::rc::Rc<Purs_Data_Functor::Functor<crate::UnknownType>>, purust_core::Func2<crate::UnknownType, e, crate::UnknownType>, crate::UnknownType, e, crate::UnknownType>
BindingGroup: Data_Distributive_collectDefault type: ConstrainedType(Func) vars: a, b, f, g
BOXUNBOX EQUAL ARITY: expStr=purust_core::Func1<a, b> actStr=purust_core::Func1<a, crate::UnknownType>
FUNCTION Data_Distributive_collectDefault args: 4 extracted: Just
BindingGroup: Data_Distributive_cotraverse type: ConstrainedType(Func) vars: a, b, f, g
BOXUNBOX EQUAL ARITY: expStr=purust_core::Func1<a, b> actStr=purust_core::Func1<crate::UnknownType, b>
FUNCTION Data_Distributive_cotraverse args: 4 extracted: Just
BindingGroup: Data_Distributive_distributiveTuple type: ConstrainedType(Other) vars: a
BOXUNBOX EQUAL ARITY: expStr=purust_core::Func1<crate::UnknownType, crate::UnknownType> actStr=purust_core::Func1<crate::UnknownType, std::rc::Rc<Purs_Data_Tuple::Tuple<a, crate::UnknownType>>>
BOXUNBOX EQUAL ARITY: expStr=purust_core::Func1<a, crate::UnknownType> actStr=purust_core::Func1<a, std::rc::Rc<Purs_Data_Tuple::Tuple<a, crate::UnknownType>>>
BOXUNBOX EQUAL ARITY: expStr=purust_core::Func2<purust_core::Func1<a, std::rc::Rc<Purs_Data_Tuple::Tuple<a, crate::UnknownType>>>, crate::UnknownType, std::rc::Rc<Purs_Data_Tuple::Tuple<a, crate::UnknownType>>> actStr=purust_core::Func2<purust_core::Func1<a, crate::UnknownType>, crate::UnknownType, crate::UnknownType>
UNSAFE_COERCE GENERATED: expStr=std::rc::Rc<Purs_Data_Tuple::Tuple<a, a>> actStr=a expTy=Other actTy=TypeVar(a)
BOXUNBOX EQUAL ARITY: expStr=purust_core::Func1<a, crate::UnknownType> actStr=purust_core::Func1<std::rc::Rc<Purs_Data_Tuple::Tuple<a, a>>, a>
FUNCTION Data_Distributive_distributiveTuple args: 1 extracted: Just
BindingGroup: Data_Distributive_distributeDefault type: ConstrainedType(Func) vars: a, f, g
BOXUNBOX EQUAL ARITY: expStr=purust_core::Func1<a, crate::UnknownType> actStr=purust_core::Func1<crate::UnknownType, crate::UnknownType>
FUNCTION Data_Distributive_distributeDefault args: 3 extracted: Nothing
BindingGroup: Data_Distributive_collect type: ForAll(ConstrainedType(Func)) vars: 
FUNCTION Data_Distributive_collect args: 4 extracted: Nothing
findFfiFile [Data.Distributive] -> null
Found FFI for Data.Distributive at: Nothing
Found FFI for Data.Distributive at: Nothing
BindingGroup: Data_Either_Inject_injectRight type: ConstrainedType(Other) vars: a, b, c
UNSAFE_COERCE GENERATED: expStr=b actStr=a expTy=TypeVar(b) actTy=TypeVar(a)
UNSAFE_COERCE GENERATED: expStr=a actStr=b expTy=TypeVar(a) actTy=TypeVar(b)
UNSAFE_COERCE GENERATED: expStr=c actStr=std::rc::Rc<Purs_Data_Maybe::Maybe> expTy=TypeVar(c) actTy=Other
UNSAFE_COERCE GENERATED: expStr=c actStr=std::rc::Rc<Purs_Data_Maybe::Maybe<a>> expTy=TypeVar(c) actTy=Other
UNSAFE_COERCE GENERATED: expStr=std::rc::Rc<Purs_Data_Maybe::Maybe<a>> actStr=c expTy=Other actTy=TypeVar(c)
FUNCTION Data_Either_Inject_injectRight args: 1 extracted: Just
BindingGroup: Data_Either_Inject_inj type: ForAll(ConstrainedType(Func)) vars: 
FUNCTION Data_Either_Inject_inj args: 2 extracted: Nothing
BindingGroup: Data_Either_Inject_injectLeft type: Other vars: a, b
BOXUNBOX EQUAL ARITY: expStr=purust_core::Func1<a, std::rc::Rc<Purs_Data_Either::Either<a, b>>> actStr=purust_core::Func1<a, std::rc::Rc<Purs_Data_Either::Either<crate::UnknownType, crate::UnknownType>>>
BindingGroup: Data_Either_Inject_injectReflexive type: Other vars: a
BOXUNBOX EQUAL ARITY: expStr=purust_core::Func1<a, std::rc::Rc<Purs_Data_Maybe::Maybe<a>>> actStr=purust_core::Func1<a, std::rc::Rc<Purs_Data_Maybe::Maybe<crate::UnknownType>>>
BindingGroup: Data_Either_Inject_prj type: ForAll(ConstrainedType(Func)) vars: 
FUNCTION Data_Either_Inject_prj args: 2 extracted: Nothing
findFfiFile [Data.Either.Inject] -> null
Found FFI for Data.Either.Inject at: Nothing
Found FFI for Data.Either.Inject at: Nothing
BindingGroup: Data_Either_Nested_at1 type: Func vars: a, r, z
FUNCTION Data_Either_Nested_at1 args: 3 extracted: Just
BindingGroup: Data_Either_Nested_at10 type: Func vars: a, b, c, d, e, f, g, h, i, j, r, z
UNSAFE_COERCE GENERATED: expStr=std::rc::Rc<Purs_Data_Either::Either> actStr=b expTy=Other actTy=TypeVar(b)
UNSAFE_COERCE GENERATED: expStr=std::rc::Rc<Purs_Data_Either::Either> actStr=b expTy=Other actTy=TypeVar(b)
UNSAFE_COERCE GENERATED: expStr=std::rc::Rc<Purs_Data_Either::Either> actStr=b expTy=Other actTy=TypeVar(b)
UNSAFE_COERCE GENERATED: expStr=std::rc::Rc<Purs_Data_Either::Either> actStr=b expTy=Other actTy=TypeVar(b)
UNSAFE_COERCE GENERATED: expStr=std::rc::Rc<Purs_Data_Either::Either> actStr=b expTy=Other actTy=TypeVar(b)
UNSAFE_COERCE GENERATED: expStr=std::rc::Rc<Purs_Data_Either::Either> actStr=b expTy=Other actTy=TypeVar(b)
UNSAFE_COERCE GENERATED: expStr=std::rc::Rc<Purs_Data_Either::Either> actStr=b expTy=Other actTy=TypeVar(b)
UNSAFE_COERCE GENERATED: expStr=std::rc::Rc<Purs_Data_Either::Either> actStr=b expTy=Other actTy=TypeVar(b)
UNSAFE_COERCE GENERATED: expStr=std::rc::Rc<Purs_Data_Either::Either> actStr=b expTy=Other actTy=TypeVar(b)
UNSAFE_COERCE GENERATED: expStr=std::rc::Rc<Purs_Data_Either::Either> actStr=b expTy=Other actTy=TypeVar(b)
UNSAFE_COERCE GENERATED: expStr=std::rc::Rc<Purs_Data_Either::Either> actStr=b expTy=Other actTy=TypeVar(b)
UNSAFE_COERCE GENERATED: expStr=std::rc::Rc<Purs_Data_Either::Either> actStr=b expTy=Other actTy=TypeVar(b)
UNSAFE_COERCE GENERATED: expStr=std::rc::Rc<Purs_Data_Either::Either> actStr=b expTy=Other actTy=TypeVar(b)
UNSAFE_COERCE GENERATED: expStr=std::rc::Rc<Purs_Data_Either::Either> actStr=b expTy=Other actTy=TypeVar(b)
UNSAFE_COERCE GENERATED: expStr=std::rc::Rc<Purs_Data_Either::Either> actStr=b expTy=Other actTy=TypeVar(b)
UNSAFE_COERCE GENERATED: expStr=std::rc::Rc<Purs_Data_Either::Either> actStr=b expTy=Other actTy=TypeVar(b)
UNSAFE_COERCE GENERATED: expStr=std::rc::Rc<Purs_Data_Either::Either> actStr=b expTy=Other actTy=TypeVar(b)
UNSAFE_COERCE GENERATED: expStr=std::rc::Rc<Purs_Data_Either::Either> actStr=b expTy=Other actTy=TypeVar(b)
UNSAFE_COERCE GENERATED: expStr=std::rc::Rc<Purs_Data_Either::Either> actStr=b expTy=Other actTy=TypeVar(b)
UNSAFE_COERCE GENERATED: expStr=std::rc::Rc<Purs_Data_Either::Either> actStr=b expTy=Other actTy=TypeVar(b)
UNSAFE_COERCE GENERATED: expStr=std::rc::Rc<Purs_Data_Either::Either> actStr=b expTy=Other actTy=TypeVar(b)
UNSAFE_COERCE GENERATED: expStr=std::rc::Rc<Purs_Data_Either::Either> actStr=b expTy=Other actTy=TypeVar(b)
UNSAFE_COERCE GENERATED: expStr=std::rc::Rc<Purs_Data_Either::Either> actStr=b expTy=Other actTy=TypeVar(b)
UNSAFE_COERCE GENERATED: expStr=std::rc::Rc<Purs_Data_Either::Either> actStr=b expTy=Other actTy=TypeVar(b)
UNSAFE_COERCE GENERATED: expStr=std::rc::Rc<Purs_Data_Either::Either> actStr=b expTy=Other actTy=TypeVar(b)
UNSAFE_COERCE GENERATED: expStr=std::rc::Rc<Purs_Data_Either::Either> actStr=b expTy=Other actTy=TypeVar(b)
UNSAFE_COERCE GENERATED: expStr=std::rc::Rc<Purs_Data_Either::Either> actStr=b expTy=Other actTy=TypeVar(b)
UNSAFE_COERCE GENERATED: expStr=std::rc::Rc<Purs_Data_Either::Either> actStr=b expTy=Other actTy=TypeVar(b)
UNSAFE_COERCE GENERATED: expStr=std::rc::Rc<Purs_Data_Either::Either> actStr=b expTy=Other actTy=TypeVar(b)
UNSAFE_COERCE GENERATED: expStr=std::rc::Rc<Purs_Data_Either::Either> actStr=b expTy=Other actTy=TypeVar(b)
UNSAFE_COERCE GENERATED: expStr=std::rc::Rc<Purs_Data_Either::Either> actStr=b expTy=Other actTy=TypeVar(b)
UNSAFE_COERCE GENERATED: expStr=std::rc::Rc<Purs_Data_Either::Either> actStr=b expTy=Other actTy=TypeVar(b)
UNSAFE_COERCE GENERATED: expStr=std::rc::Rc<Purs_Data_Either::Either> actStr=b expTy=Other actTy=TypeVar(b)
UNSAFE_COERCE GENERATED: expStr=std::rc::Rc<Purs_Data_Either::Either> actStr=b expTy=Other actTy=TypeVar(b)
UNSAFE_COERCE GENERATED: expStr=std::rc::Rc<Purs_Data_Either::Either> actStr=b expTy=Other actTy=TypeVar(b)
UNSAFE_COERCE GENERATED: expStr=std::rc::Rc<Purs_Data_Either::Either> actStr=b expTy=Other actTy=TypeVar(b)
UNSAFE_COERCE GENERATED: expStr=std::rc::Rc<Purs_Data_Either::Either> actStr=b expTy=Other actTy=TypeVar(b)
UNSAFE_COERCE GENERATED: expStr=std::rc::Rc<Purs_Data_Either::Either> actStr=b expTy=Other actTy=TypeVar(b)
UNSAFE_COERCE GENERATED: expStr=std::rc::Rc<Purs_Data_Either::Either> actStr=b expTy=Other actTy=TypeVar(b)
UNSAFE_COERCE GENERATED: expStr=std::rc::Rc<Purs_Data_Either::Either> actStr=b expTy=Other actTy=TypeVar(b)
UNSAFE_COERCE GENERATED: expStr=std::rc::Rc<Purs_Data_Either::Either> actStr=b expTy=Other actTy=TypeVar(b)
UNSAFE_COERCE GENERATED: expStr=std::rc::Rc<Purs_Data_Either::Either> actStr=b expTy=Other actTy=TypeVar(b)
UNSAFE_COERCE GENERATED: expStr=std::rc::Rc<Purs_Data_Either::Either> actStr=b expTy=Other actTy=TypeVar(b)
UNSAFE_COERCE GENERATED: expStr=std::rc::Rc<Purs_Data_Either::Either> actStr=b expTy=Other actTy=TypeVar(b)
UNSAFE_COERCE GENERATED: expStr=std::rc::Rc<Purs_Data_Either::Either> actStr=b expTy=Other actTy=TypeVar(b)
UNSAFE_COERCE GENERATED: expStr=j actStr=a expTy=TypeVar(j) actTy=TypeVar(a)
FUNCTION Data_Either_Nested_at10 args: 3 extracted: Just
BindingGroup: Data_Either_Nested_at2 type: Func vars: a, b, r, z
UNSAFE_COERCE GENERATED: expStr=std::rc::Rc<Purs_Data_Either::Either> actStr=b expTy=Other actTy=TypeVar(b)
UNSAFE_COERCE GENERATED: expStr=b actStr=a expTy=TypeVar(b) actTy=TypeVar(a)
FUNCTION Data_Either_Nested_at2 args: 3 extracted: Just
BindingGroup: Data_Either_Nested_at3 type: Func vars: a, b, c, r, z
UNSAFE_COERCE GENERATED: expStr=std::rc::Rc<Purs_Data_Either::Either> actStr=b expTy=Other actTy=TypeVar(b)
UNSAFE_COERCE GENERATED: expStr=std::rc::Rc<Purs_Data_Either::Either> actStr=b expTy=Other actTy=TypeVar(b)
UNSAFE_COERCE GENERATED: expStr=std::rc::Rc<Purs_Data_Either::Either> actStr=b expTy=Other actTy=TypeVar(b)
UNSAFE_COERCE GENERATED: expStr=c actStr=a expTy=TypeVar(c) actTy=TypeVar(a)
FUNCTION Data_Either_Nested_at3 args: 3 extracted: Just
BindingGroup: Data_Either_Nested_at4 type: Func vars: a, b, c, d, r, z
UNSAFE_COERCE GENERATED: expStr=std::rc::Rc<Purs_Data_Either::Either> actStr=b expTy=Other actTy=TypeVar(b)
UNSAFE_COERCE GENERATED: expStr=std::rc::Rc<Purs_Data_Either::Either> actStr=b expTy=Other actTy=TypeVar(b)
UNSAFE_COERCE GENERATED: expStr=std::rc::Rc<Purs_Data_Either::Either> actStr=b expTy=Other actTy=TypeVar(b)
UNSAFE_COERCE GENERATED: expStr=std::rc::Rc<Purs_Data_Either::Either> actStr=b expTy=Other actTy=TypeVar(b)
UNSAFE_COERCE GENERATED: expStr=std::rc::Rc<Purs_Data_Either::Either> actStr=b expTy=Other actTy=TypeVar(b)
UNSAFE_COERCE GENERATED: expStr=std::rc::Rc<Purs_Data_Either::Either> actStr=b expTy=Other actTy=TypeVar(b)
UNSAFE_COERCE GENERATED: expStr=d actStr=a expTy=TypeVar(d) actTy=TypeVar(a)
FUNCTION Data_Either_Nested_at4 args: 3 extracted: Just
BindingGroup: Data_Either_Nested_at5 type: Func vars: a, b, c, d, e, r, z
UNSAFE_COERCE GENERATED: expStr=std::rc::Rc<Purs_Data_Either::Either> actStr=b expTy=Other actTy=TypeVar(b)
UNSAFE_COERCE GENERATED: expStr=std::rc::Rc<Purs_Data_Either::Either> actStr=b expTy=Other actTy=TypeVar(b)
UNSAFE_COERCE GENERATED: expStr=std::rc::Rc<Purs_Data_Either::Either> actStr=b expTy=Other actTy=TypeVar(b)
UNSAFE_COERCE GENERATED: expStr=std::rc::Rc<Purs_Data_Either::Either> actStr=b expTy=Other actTy=TypeVar(b)
UNSAFE_COERCE GENERATED: expStr=std::rc::Rc<Purs_Data_Either::Either> actStr=b expTy=Other actTy=TypeVar(b)
UNSAFE_COERCE GENERATED: expStr=std::rc::Rc<Purs_Data_Either::Either> actStr=b expTy=Other actTy=TypeVar(b)
UNSAFE_COERCE GENERATED: expStr=std::rc::Rc<Purs_Data_Either::Either> actStr=b expTy=Other actTy=TypeVar(b)
UNSAFE_COERCE GENERATED: expStr=std::rc::Rc<Purs_Data_Either::Either> actStr=b expTy=Other actTy=TypeVar(b)
UNSAFE_COERCE GENERATED: expStr=std::rc::Rc<Purs_Data_Either::Either> actStr=b expTy=Other actTy=TypeVar(b)
UNSAFE_COERCE GENERATED: expStr=std::rc::Rc<Purs_Data_Either::Either> actStr=b expTy=Other actTy=TypeVar(b)
UNSAFE_COERCE GENERATED: expStr=e actStr=a expTy=TypeVar(e) actTy=TypeVar(a)
FUNCTION Data_Either_Nested_at5 args: 3 extracted: Just
BindingGroup: Data_Either_Nested_at6 type: Func vars: a, b, c, d, e, f, r, z
UNSAFE_COERCE GENERATED: expStr=std::rc::Rc<Purs_Data_Either::Either> actStr=b expTy=Other actTy=TypeVar(b)
UNSAFE_COERCE GENERATED: expStr=std::rc::Rc<Purs_Data_Either::Either> actStr=b expTy=Other actTy=TypeVar(b)
UNSAFE_COERCE GENERATED: expStr=std::rc::Rc<Purs_Data_Either::Either> actStr=b expTy=Other actTy=TypeVar(b)
UNSAFE_COERCE GENERATED: expStr=std::rc::Rc<Purs_Data_Either::Either> actStr=b expTy=Other actTy=TypeVar(b)
UNSAFE_COERCE GENERATED: expStr=std::rc::Rc<Purs_Data_Either::Either> actStr=b expTy=Other actTy=TypeVar(b)
UNSAFE_COERCE GENERATED: expStr=std::rc::Rc<Purs_Data_Either::Either> actStr=b expTy=Other actTy=TypeVar(b)
UNSAFE_COERCE GENERATED: expStr=std::rc::Rc<Purs_Data_Either::Either> actStr=b expTy=Other actTy=TypeVar(b)
UNSAFE_COERCE GENERATED: expStr=std::rc::Rc<Purs_Data_Either::Either> actStr=b expTy=Other actTy=TypeVar(b)
UNSAFE_COERCE GENERATED: expStr=std::rc::Rc<Purs_Data_Either::Either> actStr=b expTy=Other actTy=TypeVar(b)
UNSAFE_COERCE GENERATED: expStr=std::rc::Rc<Purs_Data_Either::Either> actStr=b expTy=Other actTy=TypeVar(b)
UNSAFE_COERCE GENERATED: expStr=std::rc::Rc<Purs_Data_Either::Either> actStr=b expTy=Other actTy=TypeVar(b)
UNSAFE_COERCE GENERATED: expStr=std::rc::Rc<Purs_Data_Either::Either> actStr=b expTy=Other actTy=TypeVar(b)
UNSAFE_COERCE GENERATED: expStr=std::rc::Rc<Purs_Data_Either::Either> actStr=b expTy=Other actTy=TypeVar(b)
UNSAFE_COERCE GENERATED: expStr=std::rc::Rc<Purs_Data_Either::Either> actStr=b expTy=Other actTy=TypeVar(b)
UNSAFE_COERCE GENERATED: expStr=std::rc::Rc<Purs_Data_Either::Either> actStr=b expTy=Other actTy=TypeVar(b)
UNSAFE_COERCE GENERATED: expStr=f actStr=a expTy=TypeVar(f) actTy=TypeVar(a)
FUNCTION Data_Either_Nested_at6 args: 3 extracted: Just
BindingGroup: Data_Either_Nested_at7 type: Func vars: a, b, c, d, e, f, g, r, z
UNSAFE_COERCE GENERATED: expStr=std::rc::Rc<Purs_Data_Either::Either> actStr=b expTy=Other actTy=TypeVar(b)
UNSAFE_COERCE GENERATED: expStr=std::rc::Rc<Purs_Data_Either::Either> actStr=b expTy=Other actTy=TypeVar(b)
UNSAFE_COERCE GENERATED: expStr=std::rc::Rc<Purs_Data_Either::Either> actStr=b expTy=Other actTy=TypeVar(b)
UNSAFE_COERCE GENERATED: expStr=std::rc::Rc<Purs_Data_Either::Either> actStr=b expTy=Other actTy=TypeVar(b)
UNSAFE_COERCE GENERATED: expStr=std::rc::Rc<Purs_Data_Either::Either> actStr=b expTy=Other actTy=TypeVar(b)
UNSAFE_COERCE GENERATED: expStr=std::rc::Rc<Purs_Data_Either::Either> actStr=b expTy=Other actTy=TypeVar(b)
UNSAFE_COERCE GENERATED: expStr=std::rc::Rc<Purs_Data_Either::Either> actStr=b expTy=Other actTy=TypeVar(b)
UNSAFE_COERCE GENERATED: expStr=std::rc::Rc<Purs_Data_Either::Either> actStr=b expTy=Other actTy=TypeVar(b)
UNSAFE_COERCE GENERATED: expStr=std::rc::Rc<Purs_Data_Either::Either> actStr=b expTy=Other actTy=TypeVar(b)
UNSAFE_COERCE GENERATED: expStr=std::rc::Rc<Purs_Data_Either::Either> actStr=b expTy=Other actTy=TypeVar(b)
UNSAFE_COERCE GENERATED: expStr=std::rc::Rc<Purs_Data_Either::Either> actStr=b expTy=Other actTy=TypeVar(b)
UNSAFE_COERCE GENERATED: expStr=std::rc::Rc<Purs_Data_Either::Either> actStr=b expTy=Other actTy=TypeVar(b)
UNSAFE_COERCE GENERATED: expStr=std::rc::Rc<Purs_Data_Either::Either> actStr=b expTy=Other actTy=TypeVar(b)
UNSAFE_COERCE GENERATED: expStr=std::rc::Rc<Purs_Data_Either::Either> actStr=b expTy=Other actTy=TypeVar(b)
UNSAFE_COERCE GENERATED: expStr=std::rc::Rc<Purs_Data_Either::Either> actStr=b expTy=Other actTy=TypeVar(b)
UNSAFE_COERCE GENERATED: expStr=std::rc::Rc<Purs_Data_Either::Either> actStr=b expTy=Other actTy=TypeVar(b)
UNSAFE_COERCE GENERATED: expStr=std::rc::Rc<Purs_Data_Either::Either> actStr=b expTy=Other actTy=TypeVar(b)
UNSAFE_COERCE GENERATED: expStr=std::rc::Rc<Purs_Data_Either::Either> actStr=b expTy=Other actTy=TypeVar(b)
UNSAFE_COERCE GENERATED: expStr=std::rc::Rc<Purs_Data_Either::Either> actStr=b expTy=Other actTy=TypeVar(b)
UNSAFE_COERCE GENERATED: expStr=std::rc::Rc<Purs_Data_Either::Either> actStr=b expTy=Other actTy=TypeVar(b)
UNSAFE_COERCE GENERATED: expStr=std::rc::Rc<Purs_Data_Either::Either> actStr=b expTy=Other actTy=TypeVar(b)
UNSAFE_COERCE GENERATED: expStr=g actStr=a expTy=TypeVar(g) actTy=TypeVar(a)
FUNCTION Data_Either_Nested_at7 args: 3 extracted: Just
BindingGroup: Data_Either_Nested_at8 type: Func vars: a, b, c, d, e, f, g, h, r, z
UNSAFE_COERCE GENERATED: expStr=std::rc::Rc<Purs_Data_Either::Either> actStr=b expTy=Other actTy=TypeVar(b)
UNSAFE_COERCE GENERATED: expStr=std::rc::Rc<Purs_Data_Either::Either> actStr=b expTy=Other actTy=TypeVar(b)
UNSAFE_COERCE GENERATED: expStr=std::rc::Rc<Purs_Data_Either::Either> actStr=b expTy=Other actTy=TypeVar(b)
UNSAFE_COERCE GENERATED: expStr=std::rc::Rc<Purs_Data_Either::Either> actStr=b expTy=Other actTy=TypeVar(b)
UNSAFE_COERCE GENERATED: expStr=std::rc::Rc<Purs_Data_Either::Either> actStr=b expTy=Other actTy=TypeVar(b)
UNSAFE_COERCE GENERATED: expStr=std::rc::Rc<Purs_Data_Either::Either> actStr=b expTy=Other actTy=TypeVar(b)
UNSAFE_COERCE GENERATED: expStr=std::rc::Rc<Purs_Data_Either::Either> actStr=b expTy=Other actTy=TypeVar(b)
UNSAFE_COERCE GENERATED: expStr=std::rc::Rc<Purs_Data_Either::Either> actStr=b expTy=Other actTy=TypeVar(b)
UNSAFE_COERCE GENERATED: expStr=std::rc::Rc<Purs_Data_Either::Either> actStr=b expTy=Other actTy=TypeVar(b)
UNSAFE_COERCE GENERATED: expStr=std::rc::Rc<Purs_Data_Either::Either> actStr=b expTy=Other actTy=TypeVar(b)
UNSAFE_COERCE GENERATED: expStr=std::rc::Rc<Purs_Data_Either::Either> actStr=b expTy=Other actTy=TypeVar(b)
UNSAFE_COERCE GENERATED: expStr=std::rc::Rc<Purs_Data_Either::Either> actStr=b expTy=Other actTy=TypeVar(b)
UNSAFE_COERCE GENERATED: expStr=std::rc::Rc<Purs_Data_Either::Either> actStr=b expTy=Other actTy=TypeVar(b)
UNSAFE_COERCE GENERATED: expStr=std::rc::Rc<Purs_Data_Either::Either> actStr=b expTy=Other actTy=TypeVar(b)
UNSAFE_COERCE GENERATED: expStr=std::rc::Rc<Purs_Data_Either::Either> actStr=b expTy=Other actTy=TypeVar(b)
UNSAFE_COERCE GENERATED: expStr=std::rc::Rc<Purs_Data_Either::Either> actStr=b expTy=Other actTy=TypeVar(b)
UNSAFE_COERCE GENERATED: expStr=std::rc::Rc<Purs_Data_Either::Either> actStr=b expTy=Other actTy=TypeVar(b)
UNSAFE_COERCE GENERATED: expStr=std::rc::Rc<Purs_Data_Either::Either> actStr=b expTy=Other actTy=TypeVar(b)
UNSAFE_COERCE GENERATED: expStr=std::rc::Rc<Purs_Data_Either::Either> actStr=b expTy=Other actTy=TypeVar(b)
UNSAFE_COERCE GENERATED: expStr=std::rc::Rc<Purs_Data_Either::Either> actStr=b expTy=Other actTy=TypeVar(b)
UNSAFE_COERCE GENERATED: expStr=std::rc::Rc<Purs_Data_Either::Either> actStr=b expTy=Other actTy=TypeVar(b)
UNSAFE_COERCE GENERATED: expStr=std::rc::Rc<Purs_Data_Either::Either> actStr=b expTy=Other actTy=TypeVar(b)
UNSAFE_COERCE GENERATED: expStr=std::rc::Rc<Purs_Data_Either::Either> actStr=b expTy=Other actTy=TypeVar(b)
UNSAFE_COERCE GENERATED: expStr=std::rc::Rc<Purs_Data_Either::Either> actStr=b expTy=Other actTy=TypeVar(b)
UNSAFE_COERCE GENERATED: expStr=std::rc::Rc<Purs_Data_Either::Either> actStr=b expTy=Other actTy=TypeVar(b)
UNSAFE_COERCE GENERATED: expStr=std::rc::Rc<Purs_Data_Either::Either> actStr=b expTy=Other actTy=TypeVar(b)
UNSAFE_COERCE GENERATED: expStr=std::rc::Rc<Purs_Data_Either::Either> actStr=b expTy=Other actTy=TypeVar(b)
UNSAFE_COERCE GENERATED: expStr=std::rc::Rc<Purs_Data_Either::Either> actStr=b expTy=Other actTy=TypeVar(b)
UNSAFE_COERCE GENERATED: expStr=h actStr=a expTy=TypeVar(h) actTy=TypeVar(a)
FUNCTION Data_Either_Nested_at8 args: 3 extracted: Just
BindingGroup: Data_Either_Nested_at9 type: Func vars: a, b, c, d, e, f, g, h, i, r, z
UNSAFE_COERCE GENERATED: expStr=std::rc::Rc<Purs_Data_Either::Either> actStr=b expTy=Other actTy=TypeVar(b)
UNSAFE_COERCE GENERATED: expStr=std::rc::Rc<Purs_Data_Either::Either> actStr=b expTy=Other actTy=TypeVar(b)
UNSAFE_COERCE GENERATED: expStr=std::rc::Rc<Purs_Data_Either::Either> actStr=b expTy=Other actTy=TypeVar(b)
UNSAFE_COERCE GENERATED: expStr=std::rc::Rc<Purs_Data_Either::Either> actStr=b expTy=Other actTy=TypeVar(b)
UNSAFE_COERCE GENERATED: expStr=std::rc::Rc<Purs_Data_Either::Either> actStr=b expTy=Other actTy=TypeVar(b)
UNSAFE_COERCE GENERATED: expStr=std::rc::Rc<Purs_Data_Either::Either> actStr=b expTy=Other actTy=TypeVar(b)
UNSAFE_COERCE GENERATED: expStr=std::rc::Rc<Purs_Data_Either::Either> actStr=b expTy=Other actTy=TypeVar(b)
UNSAFE_COERCE GENERATED: expStr=std::rc::Rc<Purs_Data_Either::Either> actStr=b expTy=Other actTy=TypeVar(b)
UNSAFE_COERCE GENERATED: expStr=std::rc::Rc<Purs_Data_Either::Either> actStr=b expTy=Other actTy=TypeVar(b)
UNSAFE_COERCE GENERATED: expStr=std::rc::Rc<Purs_Data_Either::Either> actStr=b expTy=Other actTy=TypeVar(b)
UNSAFE_COERCE GENERATED: expStr=std::rc::Rc<Purs_Data_Either::Either> actStr=b expTy=Other actTy=TypeVar(b)
UNSAFE_COERCE GENERATED: expStr=std::rc::Rc<Purs_Data_Either::Either> actStr=b expTy=Other actTy=TypeVar(b)
UNSAFE_COERCE GENERATED: expStr=std::rc::Rc<Purs_Data_Either::Either> actStr=b expTy=Other actTy=TypeVar(b)
UNSAFE_COERCE GENERATED: expStr=std::rc::Rc<Purs_Data_Either::Either> actStr=b expTy=Other actTy=TypeVar(b)
UNSAFE_COERCE GENERATED: expStr=std::rc::Rc<Purs_Data_Either::Either> actStr=b expTy=Other actTy=TypeVar(b)
UNSAFE_COERCE GENERATED: expStr=std::rc::Rc<Purs_Data_Either::Either> actStr=b expTy=Other actTy=TypeVar(b)
UNSAFE_COERCE GENERATED: expStr=std::rc::Rc<Purs_Data_Either::Either> actStr=b expTy=Other actTy=TypeVar(b)
UNSAFE_COERCE GENERATED: expStr=std::rc::Rc<Purs_Data_Either::Either> actStr=b expTy=Other actTy=TypeVar(b)
UNSAFE_COERCE GENERATED: expStr=std::rc::Rc<Purs_Data_Either::Either> actStr=b expTy=Other actTy=TypeVar(b)
UNSAFE_COERCE GENERATED: expStr=std::rc::Rc<Purs_Data_Either::Either> actStr=b expTy=Other actTy=TypeVar(b)
UNSAFE_COERCE GENERATED: expStr=std::rc::Rc<Purs_Data_Either::Either> actStr=b expTy=Other actTy=TypeVar(b)
UNSAFE_COERCE GENERATED: expStr=std::rc::Rc<Purs_Data_Either::Either> actStr=b expTy=Other actTy=TypeVar(b)
UNSAFE_COERCE GENERATED: expStr=std::rc::Rc<Purs_Data_Either::Either> actStr=b expTy=Other actTy=TypeVar(b)
UNSAFE_COERCE GENERATED: expStr=std::rc::Rc<Purs_Data_Either::Either> actStr=b expTy=Other actTy=TypeVar(b)
UNSAFE_COERCE GENERATED: expStr=std::rc::Rc<Purs_Data_Either::Either> actStr=b expTy=Other actTy=TypeVar(b)
UNSAFE_COERCE GENERATED: expStr=std::rc::Rc<Purs_Data_Either::Either> actStr=b expTy=Other actTy=TypeVar(b)
UNSAFE_COERCE GENERATED: expStr=std::rc::Rc<Purs_Data_Either::Either> actStr=b expTy=Other actTy=TypeVar(b)
UNSAFE_COERCE GENERATED: expStr=std::rc::Rc<Purs_Data_Either::Either> actStr=b expTy=Other actTy=TypeVar(b)
UNSAFE_COERCE GENERATED: expStr=std::rc::Rc<Purs_Data_Either::Either> actStr=b expTy=Other actTy=TypeVar(b)
UNSAFE_COERCE GENERATED: expStr=std::rc::Rc<Purs_Data_Either::Either> actStr=b expTy=Other actTy=TypeVar(b)
UNSAFE_COERCE GENERATED: expStr=std::rc::Rc<Purs_Data_Either::Either> actStr=b expTy=Other actTy=TypeVar(b)
UNSAFE_COERCE GENERATED: expStr=std::rc::Rc<Purs_Data_Either::Either> actStr=b expTy=Other actTy=TypeVar(b)
UNSAFE_COERCE GENERATED: expStr=std::rc::Rc<Purs_Data_Either::Either> actStr=b expTy=Other actTy=TypeVar(b)
UNSAFE_COERCE GENERATED: expStr=std::rc::Rc<Purs_Data_Either::Either> actStr=b expTy=Other actTy=TypeVar(b)
UNSAFE_COERCE GENERATED: expStr=std::rc::Rc<Purs_Data_Either::Either> actStr=b expTy=Other actTy=TypeVar(b)
UNSAFE_COERCE GENERATED: expStr=std::rc::Rc<Purs_Data_Either::Either> actStr=b expTy=Other actTy=TypeVar(b)
UNSAFE_COERCE GENERATED: expStr=i actStr=a expTy=TypeVar(i) actTy=TypeVar(a)
FUNCTION Data_Either_Nested_at9 args: 3 extracted: Just
BindingGroup: Data_Either_Nested_either1 type: Func vars: a
FUNCTION Data_Either_Nested_either1 args: 1 extracted: Just
BindingGroup: Data_Either_Nested_either10 type: Func vars: a, b, c, d, e, f, g, h, i, j, r
UNSAFE_COERCE GENERATED: expStr=std::rc::Rc<Purs_Data_Either::Either> actStr=b expTy=Other actTy=TypeVar(b)
UNSAFE_COERCE GENERATED: expStr=b actStr=a expTy=TypeVar(b) actTy=TypeVar(a)
UNSAFE_COERCE GENERATED: expStr=std::rc::Rc<Purs_Data_Either::Either> actStr=b expTy=Other actTy=TypeVar(b)
UNSAFE_COERCE GENERATED: expStr=std::rc::Rc<Purs_Data_Either::Either> actStr=b expTy=Other actTy=TypeVar(b)
UNSAFE_COERCE GENERATED: expStr=std::rc::Rc<Purs_Data_Either::Either> actStr=b expTy=Other actTy=TypeVar(b)
UNSAFE_COERCE GENERATED: expStr=c actStr=a expTy=TypeVar(c) actTy=TypeVar(a)
UNSAFE_COERCE GENERATED: expStr=std::rc::Rc<Purs_Data_Either::Either> actStr=b expTy=Other actTy=TypeVar(b)
UNSAFE_COERCE GENERATED: expStr=std::rc::Rc<Purs_Data_Either::Either> actStr=b expTy=Other actTy=TypeVar(b)
UNSAFE_COERCE GENERATED: expStr=std::rc::Rc<Purs_Data_Either::Either> actStr=b expTy=Other actTy=TypeVar(b)
UNSAFE_COERCE GENERATED: expStr=std::rc::Rc<Purs_Data_Either::Either> actStr=b expTy=Other actTy=TypeVar(b)
UNSAFE_COERCE GENERATED: expStr=std::rc::Rc<Purs_Data_Either::Either> actStr=b expTy=Other actTy=TypeVar(b)
UNSAFE_COERCE GENERATED: expStr=std::rc::Rc<Purs_Data_Either::Either> actStr=b expTy=Other actTy=TypeVar(b)
UNSAFE_COERCE GENERATED: expStr=d actStr=a expTy=TypeVar(d) actTy=TypeVar(a)
UNSAFE_COERCE GENERATED: expStr=std::rc::Rc<Purs_Data_Either::Either> actStr=b expTy=Other actTy=TypeVar(b)
UNSAFE_COERCE GENERATED: expStr=std::rc::Rc<Purs_Data_Either::Either> actStr=b expTy=Other actTy=TypeVar(b)
UNSAFE_COERCE GENERATED: expStr=std::rc::Rc<Purs_Data_Either::Either> actStr=b expTy=Other actTy=TypeVar(b)
UNSAFE_COERCE GENERATED: expStr=std::rc::Rc<Purs_Data_Either::Either> actStr=b expTy=Other actTy=TypeVar(b)
UNSAFE_COERCE GENERATED: expStr=std::rc::Rc<Purs_Data_Either::Either> actStr=b expTy=Other actTy=TypeVar(b)
UNSAFE_COERCE GENERATED: expStr=std::rc::Rc<Purs_Data_Either::Either> actStr=b expTy=Other actTy=TypeVar(b)
UNSAFE_COERCE GENERATED: expStr=std::rc::Rc<Purs_Data_Either::Either> actStr=b expTy=Other actTy=TypeVar(b)
UNSAFE_COERCE GENERATED: expStr=std::rc::Rc<Purs_Data_Either::Either> actStr=b expTy=Other actTy=TypeVar(b)
UNSAFE_COERCE GENERATED: expStr=std::rc::Rc<Purs_Data_Either::Either> actStr=b expTy=Other actTy=TypeVar(b)
UNSAFE_COERCE GENERATED: expStr=e actStr=a expTy=TypeVar(e) actTy=TypeVar(a)
UNSAFE_COERCE GENERATED: expStr=std::rc::Rc<Purs_Data_Either::Either> actStr=b expTy=Other actTy=TypeVar(b)
UNSAFE_COERCE GENERATED: expStr=std::rc::Rc<Purs_Data_Either::Either> actStr=b expTy=Other actTy=TypeVar(b)
UNSAFE_COERCE GENERATED: expStr=std::rc::Rc<Purs_Data_Either::Either> actStr=b expTy=Other actTy=TypeVar(b)
UNSAFE_COERCE GENERATED: expStr=std::rc::Rc<Purs_Data_Either::Either> actStr=b expTy=Other actTy=TypeVar(b)
UNSAFE_COERCE GENERATED: expStr=std::rc::Rc<Purs_Data_Either::Either> actStr=b expTy=Other actTy=TypeVar(b)
UNSAFE_COERCE GENERATED: expStr=std::rc::Rc<Purs_Data_Either::Either> actStr=b expTy=Other actTy=TypeVar(b)
UNSAFE_COERCE GENERATED: expStr=std::rc::Rc<Purs_Data_Either::Either> actStr=b expTy=Other actTy=TypeVar(b)
UNSAFE_COERCE GENERATED: expStr=std::rc::Rc<Purs_Data_Either::Either> actStr=b expTy=Other actTy=TypeVar(b)
UNSAFE_COERCE GENERATED: expStr=std::rc::Rc<Purs_Data_Either::Either> actStr=b expTy=Other actTy=TypeVar(b)
UNSAFE_COERCE GENERATED: expStr=std::rc::Rc<Purs_Data_Either::Either> actStr=b expTy=Other actTy=TypeVar(b)
UNSAFE_COERCE GENERATED: expStr=std::rc::Rc<Purs_Data_Either::Either> actStr=b expTy=Other actTy=TypeVar(b)
UNSAFE_COERCE GENERATED: expStr=std::rc::Rc<Purs_Data_Either::Either> actStr=b expTy=Other actTy=TypeVar(b)
UNSAFE_COERCE GENERATED: expStr=f actStr=a expTy=TypeVar(f) actTy=TypeVar(a)
UNSAFE_COERCE GENERATED: expStr=std::rc::Rc<Purs_Data_Either::Either> actStr=b expTy=Other actTy=TypeVar(b)
UNSAFE_COERCE GENERATED: expStr=std::rc::Rc<Purs_Data_Either::Either> actStr=b expTy=Other actTy=TypeVar(b)
UNSAFE_COERCE GENERATED: expStr=std::rc::Rc<Purs_Data_Either::Either> actStr=b expTy=Other actTy=TypeVar(b)
UNSAFE_COERCE GENERATED: expStr=std::rc::Rc<Purs_Data_Either::Either> actStr=b expTy=Other actTy=TypeVar(b)
UNSAFE_COERCE GENERATED: expStr=std::rc::Rc<Purs_Data_Either::Either> actStr=b expTy=Other actTy=TypeVar(b)
UNSAFE_COERCE GENERATED: expStr=std::rc::Rc<Purs_Data_Either::Either> actStr=b expTy=Other actTy=TypeVar(b)
UNSAFE_COERCE GENERATED: expStr=std::rc::Rc<Purs_Data_Either::Either> actStr=b expTy=Other actTy=TypeVar(b)
UNSAFE_COERCE GENERATED: expStr=std::rc::Rc<Purs_Data_Either::Either> actStr=b expTy=Other actTy=TypeVar(b)
UNSAFE_COERCE GENERATED: expStr=std::rc::Rc<Purs_Data_Either::Either> actStr=b expTy=Other actTy=TypeVar(b)
UNSAFE_COERCE GENERATED: expStr=std::rc::Rc<Purs_Data_Either::Either> actStr=b expTy=Other actTy=TypeVar(b)
UNSAFE_COERCE GENERATED: expStr=std::rc::Rc<Purs_Data_Either::Either> actStr=b expTy=Other actTy=TypeVar(b)
UNSAFE_COERCE GENERATED: expStr=std::rc::Rc<Purs_Data_Either::Either> actStr=b expTy=Other actTy=TypeVar(b)
UNSAFE_COERCE GENERATED: expStr=std::rc::Rc<Purs_Data_Either::Either> actStr=b expTy=Other actTy=TypeVar(b)
UNSAFE_COERCE GENERATED: expStr=std::rc::Rc<Purs_Data_Either::Either> actStr=b expTy=Other actTy=TypeVar(b)
UNSAFE_COERCE GENERATED: expStr=std::rc::Rc<Purs_Data_Either::Either> actStr=b expTy=Other actTy=TypeVar(b)
UNSAFE_COERCE GENERATED: expStr=g actStr=a expTy=TypeVar(g) actTy=TypeVar(a)
UNSAFE_COERCE GENERATED: expStr=std::rc::Rc<Purs_Data_Either::Either> actStr=b expTy=Other actTy=TypeVar(b)
UNSAFE_COERCE GENERATED: expStr=std::rc::Rc<Purs_Data_Either::Either> actStr=b expTy=Other actTy=TypeVar(b)
UNSAFE_COERCE GENERATED: expStr=std::rc::Rc<Purs_Data_Either::Either> actStr=b expTy=Other actTy=TypeVar(b)
UNSAFE_COERCE GENERATED: expStr=std::rc::Rc<Purs_Data_Either::Either> actStr=b expTy=Other actTy=TypeVar(b)
UNSAFE_COERCE GENERATED: expStr=std::rc::Rc<Purs_Data_Either::Either> actStr=b expTy=Other actTy=TypeVar(b)
UNSAFE_COERCE GENERATED: expStr=std::rc::Rc<Purs_Data_Either::Either> actStr=b expTy=Other actTy=TypeVar(b)
UNSAFE_COERCE GENERATED: expStr=std::rc::Rc<Purs_Data_Either::Either> actStr=b expTy=Other actTy=TypeVar(b)
UNSAFE_COERCE GENERATED: expStr=std::rc::Rc<Purs_Data_Either::Either> actStr=b expTy=Other actTy=TypeVar(b)
UNSAFE_COERCE GENERATED: expStr=std::rc::Rc<Purs_Data_Either::Either> actStr=b expTy=Other actTy=TypeVar(b)
UNSAFE_COERCE GENERATED: expStr=std::rc::Rc<Purs_Data_Either::Either> actStr=b expTy=Other actTy=TypeVar(b)
UNSAFE_COERCE GENERATED: expStr=std::rc::Rc<Purs_Data_Either::Either> actStr=b expTy=Other actTy=TypeVar(b)
UNSAFE_COERCE GENERATED: expStr=std::rc::Rc<Purs_Data_Either::Either> actStr=b expTy=Other actTy=TypeVar(b)
UNSAFE_COERCE GENERATED: expStr=std::rc::Rc<Purs_Data_Either::Either> actStr=b expTy=Other actTy=TypeVar(b)
UNSAFE_COERCE GENERATED: expStr=std::rc::Rc<Purs_Data_Either::Either> actStr=b expTy=Other actTy=TypeVar(b)
UNSAFE_COERCE GENERATED: expStr=std::rc::Rc<Purs_Data_Either::Either> actStr=b expTy=Other actTy=TypeVar(b)
UNSAFE_COERCE GENERATED: expStr=std::rc::Rc<Purs_Data_Either::Either> actStr=b expTy=Other actTy=TypeVar(b)
UNSAFE_COERCE GENERATED: expStr=std::rc::Rc<Purs_Data_Either::Either> actStr=b expTy=Other actTy=TypeVar(b)
UNSAFE_COERCE GENERATED: expStr=std::rc::Rc<Purs_Data_Either::Either> actStr=b expTy=Other actTy=TypeVar(b)
UNSAFE_COERCE GENERATED: expStr=h actStr=a expTy=TypeVar(h) actTy=TypeVar(a)
UNSAFE_COERCE GENERATED: expStr=std::rc::Rc<Purs_Data_Either::Either> actStr=b expTy=Other actTy=TypeVar(b)
UNSAFE_COERCE GENERATED: expStr=std::rc::Rc<Purs_Data_Either::Either> actStr=b expTy=Other actTy=TypeVar(b)
UNSAFE_COERCE GENERATED: expStr=std::rc::Rc<Purs_Data_Either::Either> actStr=b expTy=Other actTy=TypeVar(b)
UNSAFE_COERCE GENERATED: expStr=std::rc::Rc<Purs_Data_Either::Either> actStr=b expTy=Other actTy=TypeVar(b)
UNSAFE_COERCE GENERATED: expStr=std::rc::Rc<Purs_Data_Either::Either> actStr=b expTy=Other actTy=TypeVar(b)
UNSAFE_COERCE GENERATED: expStr=std::rc::Rc<Purs_Data_Either::Either> actStr=b expTy=Other actTy=TypeVar(b)
UNSAFE_COERCE GENERATED: expStr=std::rc::Rc<Purs_Data_Either::Either> actStr=b expTy=Other actTy=TypeVar(b)
UNSAFE_COERCE GENERATED: expStr=std::rc::Rc<Purs_Data_Either::Either> actStr=b expTy=Other actTy=TypeVar(b)
UNSAFE_COERCE GENERATED: expStr=std::rc::Rc<Purs_Data_Either::Either> actStr=b expTy=Other actTy=TypeVar(b)
UNSAFE_COERCE GENERATED: expStr=std::rc::Rc<Purs_Data_Either::Either> actStr=b expTy=Other actTy=TypeVar(b)
UNSAFE_COERCE GENERATED: expStr=std::rc::Rc<Purs_Data_Either::Either> actStr=b expTy=Other actTy=TypeVar(b)
UNSAFE_COERCE GENERATED: expStr=std::rc::Rc<Purs_Data_Either::Either> actStr=b expTy=Other actTy=TypeVar(b)
UNSAFE_COERCE GENERATED: expStr=std::rc::Rc<Purs_Data_Either::Either> actStr=b expTy=Other actTy=TypeVar(b)
UNSAFE_COERCE GENERATED: expStr=std::rc::Rc<Purs_Data_Either::Either> actStr=b expTy=Other actTy=TypeVar(b)
UNSAFE_COERCE GENERATED: expStr=std::rc::Rc<Purs_Data_Either::Either> actStr=b expTy=Other actTy=TypeVar(b)
UNSAFE_COERCE GENERATED: expStr=std::rc::Rc<Purs_Data_Either::Either> actStr=b expTy=Other actTy=TypeVar(b)
UNSAFE_COERCE GENERATED: expStr=std::rc::Rc<Purs_Data_Either::Either> actStr=b expTy=Other actTy=TypeVar(b)
UNSAFE_COERCE GENERATED: expStr=std::rc::Rc<Purs_Data_Either::Either> actStr=b expTy=Other actTy=TypeVar(b)
UNSAFE_COERCE GENERATED: expStr=std::rc::Rc<Purs_Data_Either::Either> actStr=b expTy=Other actTy=TypeVar(b)
UNSAFE_COERCE GENERATED: expStr=std::rc::Rc<Purs_Data_Either::Either> actStr=b expTy=Other actTy=TypeVar(b)
UNSAFE_COERCE GENERATED: expStr=std::rc::Rc<Purs_Data_Either::Either> actStr=b expTy=Other actTy=TypeVar(b)
UNSAFE_COERCE GENERATED: expStr=i actStr=a expTy=TypeVar(i) actTy=TypeVar(a)
UNSAFE_COERCE GENERATED: expStr=std::rc::Rc<Purs_Data_Either::Either> actStr=b expTy=Other actTy=TypeVar(b)
UNSAFE_COERCE GENERATED: expStr=std::rc::Rc<Purs_Data_Either::Either> actStr=b expTy=Other actTy=TypeVar(b)
UNSAFE_COERCE GENERATED: expStr=std::rc::Rc<Purs_Data_Either::Either> actStr=b expTy=Other actTy=TypeVar(b)
UNSAFE_COERCE GENERATED: expStr=std::rc::Rc<Purs_Data_Either::Either> actStr=b expTy=Other actTy=TypeVar(b)
UNSAFE_COERCE GENERATED: expStr=std::rc::Rc<Purs_Data_Either::Either> actStr=b expTy=Other actTy=TypeVar(b)
UNSAFE_COERCE GENERATED: expStr=std::rc::Rc<Purs_Data_Either::Either> actStr=b expTy=Other actTy=TypeVar(b)
UNSAFE_COERCE GENERATED: expStr=std::rc::Rc<Purs_Data_Either::Either> actStr=b expTy=Other actTy=TypeVar(b)
UNSAFE_COERCE GENERATED: expStr=std::rc::Rc<Purs_Data_Either::Either> actStr=b expTy=Other actTy=TypeVar(b)
UNSAFE_COERCE GENERATED: expStr=std::rc::Rc<Purs_Data_Either::Either> actStr=b expTy=Other actTy=TypeVar(b)
UNSAFE_COERCE GENERATED: expStr=std::rc::Rc<Purs_Data_Either::Either> actStr=b expTy=Other actTy=TypeVar(b)
UNSAFE_COERCE GENERATED: expStr=std::rc::Rc<Purs_Data_Either::Either> actStr=b expTy=Other actTy=TypeVar(b)
UNSAFE_COERCE GENERATED: expStr=std::rc::Rc<Purs_Data_Either::Either> actStr=b expTy=Other actTy=TypeVar(b)
UNSAFE_COERCE GENERATED: expStr=std::rc::Rc<Purs_Data_Either::Either> actStr=b expTy=Other actTy=TypeVar(b)
UNSAFE_COERCE GENERATED: expStr=std::rc::Rc<Purs_Data_Either::Either> actStr=b expTy=Other actTy=TypeVar(b)
UNSAFE_COERCE GENERATED: expStr=std::rc::Rc<Purs_Data_Either::Either> actStr=b expTy=Other actTy=TypeVar(b)
UNSAFE_COERCE GENERATED: expStr=std::rc::Rc<Purs_Data_Either::Either> actStr=b expTy=Other actTy=TypeVar(b)
UNSAFE_COERCE GENERATED: expStr=std::rc::Rc<Purs_Data_Either::Either> actStr=b expTy=Other actTy=TypeVar(b)
UNSAFE_COERCE GENERATED: expStr=std::rc::Rc<Purs_Data_Either::Either> actStr=b expTy=Other actTy=TypeVar(b)
UNSAFE_COERCE GENERATED: expStr=std::rc::Rc<Purs_Data_Either::Either> actStr=b expTy=Other actTy=TypeVar(b)
UNSAFE_COERCE GENERATED: expStr=std::rc::Rc<Purs_Data_Either::Either> actStr=b expTy=Other actTy=TypeVar(b)
UNSAFE_COERCE GENERATED: expStr=std::rc::Rc<Purs_Data_Either::Either> actStr=b expTy=Other actTy=TypeVar(b)
UNSAFE_COERCE GENERATED: expStr=std::rc::Rc<Purs_Data_Either::Either> actStr=b expTy=Other actTy=TypeVar(b)
UNSAFE_COERCE GENERATED: expStr=std::rc::Rc<Purs_Data_Either::Either> actStr=b expTy=Other actTy=TypeVar(b)
UNSAFE_COERCE GENERATED: expStr=std::rc::Rc<Purs_Data_Either::Either> actStr=b expTy=Other actTy=TypeVar(b)
UNSAFE_COERCE GENERATED: expStr=j actStr=a expTy=TypeVar(j) actTy=TypeVar(a)
UNSAFE_COERCE GENERATED: expStr=std::rc::Rc<Purs_Data_Either::Either> actStr=b expTy=Other actTy=TypeVar(b)
UNSAFE_COERCE GENERATED: expStr=std::rc::Rc<Purs_Data_Either::Either> actStr=b expTy=Other actTy=TypeVar(b)
UNSAFE_COERCE GENERATED: expStr=std::rc::Rc<Purs_Data_Either::Either> actStr=b expTy=Other actTy=TypeVar(b)
UNSAFE_COERCE GENERATED: expStr=std::rc::Rc<Purs_Data_Either::Either> actStr=b expTy=Other actTy=TypeVar(b)
UNSAFE_COERCE GENERATED: expStr=std::rc::Rc<Purs_Data_Either::Either> actStr=b expTy=Other actTy=TypeVar(b)
UNSAFE_COERCE GENERATED: expStr=std::rc::Rc<Purs_Data_Either::Either> actStr=b expTy=Other actTy=TypeVar(b)
UNSAFE_COERCE GENERATED: expStr=std::rc::Rc<Purs_Data_Either::Either> actStr=b expTy=Other actTy=TypeVar(b)
UNSAFE_COERCE GENERATED: expStr=std::rc::Rc<Purs_Data_Either::Either> actStr=b expTy=Other actTy=TypeVar(b)
UNSAFE_COERCE GENERATED: expStr=std::rc::Rc<Purs_Data_Either::Either> actStr=b expTy=Other actTy=TypeVar(b)
UNSAFE_COERCE GENERATED: expStr=std::rc::Rc<Purs_Data_Either::Either> actStr=b expTy=Other actTy=TypeVar(b)
UNSAFE_COERCE GENERATED: expStr=std::rc::Rc<Purs_Data_Either::Either> actStr=b expTy=Other actTy=TypeVar(b)
UNSAFE_COERCE GENERATED: expStr=std::rc::Rc<Purs_Data_Either::Either> actStr=b expTy=Other actTy=TypeVar(b)
UNSAFE_COERCE GENERATED: expStr=std::rc::Rc<Purs_Data_Either::Either> actStr=b expTy=Other actTy=TypeVar(b)
UNSAFE_COERCE GENERATED: expStr=std::rc::Rc<Purs_Data_Either::Either> actStr=b expTy=Other actTy=TypeVar(b)
UNSAFE_COERCE GENERATED: expStr=std::rc::Rc<Purs_Data_Either::Either> actStr=b expTy=Other actTy=TypeVar(b)
UNSAFE_COERCE GENERATED: expStr=std::rc::Rc<Purs_Data_Either::Either> actStr=b expTy=Other actTy=TypeVar(b)
UNSAFE_COERCE GENERATED: expStr=std::rc::Rc<Purs_Data_Either::Either> actStr=b expTy=Other actTy=TypeVar(b)
UNSAFE_COERCE GENERATED: expStr=purust_core::Void actStr=b expTy=Other actTy=TypeVar(b)
UNSAFE_COERCE GENERATED: expStr=r actStr=a expTy=TypeVar(r) actTy=TypeVar(a)
FUNCTION Data_Either_Nested_either10 args: 11 extracted: Just
BindingGroup: Data_Either_Nested_either2 type: Func vars: a, b, r
UNSAFE_COERCE GENERATED: expStr=std::rc::Rc<Purs_Data_Either::Either> actStr=b expTy=Other actTy=TypeVar(b)
UNSAFE_COERCE GENERATED: expStr=b actStr=a expTy=TypeVar(b) actTy=TypeVar(a)
UNSAFE_COERCE GENERATED: expStr=std::rc::Rc<Purs_Data_Either::Either> actStr=b expTy=Other actTy=TypeVar(b)
UNSAFE_COERCE GENERATED: expStr=purust_core::Void actStr=b expTy=Other actTy=TypeVar(b)
UNSAFE_COERCE GENERATED: expStr=r actStr=a expTy=TypeVar(r) actTy=TypeVar(a)
FUNCTION Data_Either_Nested_either2 args: 3 extracted: Just
BindingGroup: Data_Either_Nested_either3 type: Func vars: a, b, c, r
UNSAFE_COERCE GENERATED: expStr=std::rc::Rc<Purs_Data_Either::Either> actStr=b expTy=Other actTy=TypeVar(b)
UNSAFE_COERCE GENERATED: expStr=b actStr=a expTy=TypeVar(b) actTy=TypeVar(a)
UNSAFE_COERCE GENERATED: expStr=std::rc::Rc<Purs_Data_Either::Either> actStr=b expTy=Other actTy=TypeVar(b)
UNSAFE_COERCE GENERATED: expStr=std::rc::Rc<Purs_Data_Either::Either> actStr=b expTy=Other actTy=TypeVar(b)
UNSAFE_COERCE GENERATED: expStr=std::rc::Rc<Purs_Data_Either::Either> actStr=b expTy=Other actTy=TypeVar(b)
UNSAFE_COERCE GENERATED: expStr=c actStr=a expTy=TypeVar(c) actTy=TypeVar(a)
UNSAFE_COERCE GENERATED: expStr=std::rc::Rc<Purs_Data_Either::Either> actStr=b expTy=Other actTy=TypeVar(b)
UNSAFE_COERCE GENERATED: expStr=std::rc::Rc<Purs_Data_Either::Either> actStr=b expTy=Other actTy=TypeVar(b)
UNSAFE_COERCE GENERATED: expStr=std::rc::Rc<Purs_Data_Either::Either> actStr=b expTy=Other actTy=TypeVar(b)
UNSAFE_COERCE GENERATED: expStr=purust_core::Void actStr=b expTy=Other actTy=TypeVar(b)
UNSAFE_COERCE GENERATED: expStr=r actStr=a expTy=TypeVar(r) actTy=TypeVar(a)
FUNCTION Data_Either_Nested_either3 args: 4 extracted: Just
BindingGroup: Data_Either_Nested_either4 type: Func vars: a, b, c, d, r
UNSAFE_COERCE GENERATED: expStr=std::rc::Rc<Purs_Data_Either::Either> actStr=b expTy=Other actTy=TypeVar(b)
UNSAFE_COERCE GENERATED: expStr=b actStr=a expTy=TypeVar(b) actTy=TypeVar(a)
UNSAFE_COERCE GENERATED: expStr=std::rc::Rc<Purs_Data_Either::Either> actStr=b expTy=Other actTy=TypeVar(b)
UNSAFE_COERCE GENERATED: expStr=std::rc::Rc<Purs_Data_Either::Either> actStr=b expTy=Other actTy=TypeVar(b)
UNSAFE_COERCE GENERATED: expStr=std::rc::Rc<Purs_Data_Either::Either> actStr=b expTy=Other actTy=TypeVar(b)
UNSAFE_COERCE GENERATED: expStr=c actStr=a expTy=TypeVar(c) actTy=TypeVar(a)
UNSAFE_COERCE GENERATED: expStr=std::rc::Rc<Purs_Data_Either::Either> actStr=b expTy=Other actTy=TypeVar(b)
UNSAFE_COERCE GENERATED: expStr=std::rc::Rc<Purs_Data_Either::Either> actStr=b expTy=Other actTy=TypeVar(b)
UNSAFE_COERCE GENERATED: expStr=std::rc::Rc<Purs_Data_Either::Either> actStr=b expTy=Other actTy=TypeVar(b)
UNSAFE_COERCE GENERATED: expStr=std::rc::Rc<Purs_Data_Either::Either> actStr=b expTy=Other actTy=TypeVar(b)
UNSAFE_COERCE GENERATED: expStr=std::rc::Rc<Purs_Data_Either::Either> actStr=b expTy=Other actTy=TypeVar(b)
UNSAFE_COERCE GENERATED: expStr=std::rc::Rc<Purs_Data_Either::Either> actStr=b expTy=Other actTy=TypeVar(b)
UNSAFE_COERCE GENERATED: expStr=d actStr=a expTy=TypeVar(d) actTy=TypeVar(a)
UNSAFE_COERCE GENERATED: expStr=std::rc::Rc<Purs_Data_Either::Either> actStr=b expTy=Other actTy=TypeVar(b)
UNSAFE_COERCE GENERATED: expStr=std::rc::Rc<Purs_Data_Either::Either> actStr=b expTy=Other actTy=TypeVar(b)
UNSAFE_COERCE GENERATED: expStr=std::rc::Rc<Purs_Data_Either::Either> actStr=b expTy=Other actTy=TypeVar(b)
UNSAFE_COERCE GENERATED: expStr=std::rc::Rc<Purs_Data_Either::Either> actStr=b expTy=Other actTy=TypeVar(b)
UNSAFE_COERCE GENERATED: expStr=std::rc::Rc<Purs_Data_Either::Either> actStr=b expTy=Other actTy=TypeVar(b)
UNSAFE_COERCE GENERATED: expStr=purust_core::Void actStr=b expTy=Other actTy=TypeVar(b)
UNSAFE_COERCE GENERATED: expStr=r actStr=a expTy=TypeVar(r) actTy=TypeVar(a)
FUNCTION Data_Either_Nested_either4 args: 5 extracted: Just
BindingGroup: Data_Either_Nested_either5 type: Func vars: a, b, c, d, e, r
UNSAFE_COERCE GENERATED: expStr=std::rc::Rc<Purs_Data_Either::Either> actStr=b expTy=Other actTy=TypeVar(b)
UNSAFE_COERCE GENERATED: expStr=b actStr=a expTy=TypeVar(b) actTy=TypeVar(a)
UNSAFE_COERCE GENERATED: expStr=std::rc::Rc<Purs_Data_Either::Either> actStr=b expTy=Other actTy=TypeVar(b)
UNSAFE_COERCE GENERATED: expStr=std::rc::Rc<Purs_Data_Either::Either> actStr=b expTy=Other actTy=TypeVar(b)
UNSAFE_COERCE GENERATED: expStr=std::rc::Rc<Purs_Data_Either::Either> actStr=b expTy=Other actTy=TypeVar(b)
UNSAFE_COERCE GENERATED: expStr=c actStr=a expTy=TypeVar(c) actTy=TypeVar(a)
UNSAFE_COERCE GENERATED: expStr=std::rc::Rc<Purs_Data_Either::Either> actStr=b expTy=Other actTy=TypeVar(b)
UNSAFE_COERCE GENERATED: expStr=std::rc::Rc<Purs_Data_Either::Either> actStr=b expTy=Other actTy=TypeVar(b)
UNSAFE_COERCE GENERATED: expStr=std::rc::Rc<Purs_Data_Either::Either> actStr=b expTy=Other actTy=TypeVar(b)
UNSAFE_COERCE GENERATED: expStr=std::rc::Rc<Purs_Data_Either::Either> actStr=b expTy=Other actTy=TypeVar(b)
UNSAFE_COERCE GENERATED: expStr=std::rc::Rc<Purs_Data_Either::Either> actStr=b expTy=Other actTy=TypeVar(b)
UNSAFE_COERCE GENERATED: expStr=std::rc::Rc<Purs_Data_Either::Either> actStr=b expTy=Other actTy=TypeVar(b)
UNSAFE_COERCE GENERATED: expStr=d actStr=a expTy=TypeVar(d) actTy=TypeVar(a)
UNSAFE_COERCE GENERATED: expStr=std::rc::Rc<Purs_Data_Either::Either> actStr=b expTy=Other actTy=TypeVar(b)
UNSAFE_COERCE GENERATED: expStr=std::rc::Rc<Purs_Data_Either::Either> actStr=b expTy=Other actTy=TypeVar(b)
UNSAFE_COERCE GENERATED: expStr=std::rc::Rc<Purs_Data_Either::Either> actStr=b expTy=Other actTy=TypeVar(b)
UNSAFE_COERCE GENERATED: expStr=std::rc::Rc<Purs_Data_Either::Either> actStr=b expTy=Other actTy=TypeVar(b)
UNSAFE_COERCE GENERATED: expStr=std::rc::Rc<Purs_Data_Either::Either> actStr=b expTy=Other actTy=TypeVar(b)
UNSAFE_COERCE GENERATED: expStr=std::rc::Rc<Purs_Data_Either::Either> actStr=b expTy=Other actTy=TypeVar(b)
UNSAFE_COERCE GENERATED: expStr=std::rc::Rc<Purs_Data_Either::Either> actStr=b expTy=Other actTy=TypeVar(b)
UNSAFE_COERCE GENERATED: expStr=std::rc::Rc<Purs_Data_Either::Either> actStr=b expTy=Other actTy=TypeVar(b)
UNSAFE_COERCE GENERATED: expStr=std::rc::Rc<Purs_Data_Either::Either> actStr=b expTy=Other actTy=TypeVar(b)
UNSAFE_COERCE GENERATED: expStr=e actStr=a expTy=TypeVar(e) actTy=TypeVar(a)
UNSAFE_COERCE GENERATED: expStr=std::rc::Rc<Purs_Data_Either::Either> actStr=b expTy=Other actTy=TypeVar(b)
UNSAFE_COERCE GENERATED: expStr=std::rc::Rc<Purs_Data_Either::Either> actStr=b expTy=Other actTy=TypeVar(b)
UNSAFE_COERCE GENERATED: expStr=std::rc::Rc<Purs_Data_Either::Either> actStr=b expTy=Other actTy=TypeVar(b)
UNSAFE_COERCE GENERATED: expStr=std::rc::Rc<Purs_Data_Either::Either> actStr=b expTy=Other actTy=TypeVar(b)
UNSAFE_COERCE GENERATED: expStr=std::rc::Rc<Purs_Data_Either::Either> actStr=b expTy=Other actTy=TypeVar(b)
UNSAFE_COERCE GENERATED: expStr=std::rc::Rc<Purs_Data_Either::Either> actStr=b expTy=Other actTy=TypeVar(b)
UNSAFE_COERCE GENERATED: expStr=std::rc::Rc<Purs_Data_Either::Either> actStr=b expTy=Other actTy=TypeVar(b)
UNSAFE_COERCE GENERATED: expStr=purust_core::Void actStr=b expTy=Other actTy=TypeVar(b)
UNSAFE_COERCE GENERATED: expStr=r actStr=a expTy=TypeVar(r) actTy=TypeVar(a)
FUNCTION Data_Either_Nested_either5 args: 6 extracted: Just
BindingGroup: Data_Either_Nested_either6 type: Func vars: a, b, c, d, e, f, r
UNSAFE_COERCE GENERATED: expStr=std::rc::Rc<Purs_Data_Either::Either> actStr=b expTy=Other actTy=TypeVar(b)
UNSAFE_COERCE GENERATED: expStr=b actStr=a expTy=TypeVar(b) actTy=TypeVar(a)
UNSAFE_COERCE GENERATED: expStr=std::rc::Rc<Purs_Data_Either::Either> actStr=b expTy=Other actTy=TypeVar(b)
UNSAFE_COERCE GENERATED: expStr=std::rc::Rc<Purs_Data_Either::Either> actStr=b expTy=Other actTy=TypeVar(b)
UNSAFE_COERCE GENERATED: expStr=std::rc::Rc<Purs_Data_Either::Either> actStr=b expTy=Other actTy=TypeVar(b)
UNSAFE_COERCE GENERATED: expStr=c actStr=a expTy=TypeVar(c) actTy=TypeVar(a)
UNSAFE_COERCE GENERATED: expStr=std::rc::Rc<Purs_Data_Either::Either> actStr=b expTy=Other actTy=TypeVar(b)
UNSAFE_COERCE GENERATED: expStr=std::rc::Rc<Purs_Data_Either::Either> actStr=b expTy=Other actTy=TypeVar(b)
UNSAFE_COERCE GENERATED: expStr=std::rc::Rc<Purs_Data_Either::Either> actStr=b expTy=Other actTy=TypeVar(b)
UNSAFE_COERCE GENERATED: expStr=std::rc::Rc<Purs_Data_Either::Either> actStr=b expTy=Other actTy=TypeVar(b)
UNSAFE_COERCE GENERATED: expStr=std::rc::Rc<Purs_Data_Either::Either> actStr=b expTy=Other actTy=TypeVar(b)
UNSAFE_COERCE GENERATED: expStr=std::rc::Rc<Purs_Data_Either::Either> actStr=b expTy=Other actTy=TypeVar(b)
UNSAFE_COERCE GENERATED: expStr=d actStr=a expTy=TypeVar(d) actTy=TypeVar(a)
UNSAFE_COERCE GENERATED: expStr=std::rc::Rc<Purs_Data_Either::Either> actStr=b expTy=Other actTy=TypeVar(b)
UNSAFE_COERCE GENERATED: expStr=std::rc::Rc<Purs_Data_Either::Either> actStr=b expTy=Other actTy=TypeVar(b)
UNSAFE_COERCE GENERATED: expStr=std::rc::Rc<Purs_Data_Either::Either> actStr=b expTy=Other actTy=TypeVar(b)
UNSAFE_COERCE GENERATED: expStr=std::rc::Rc<Purs_Data_Either::Either> actStr=b expTy=Other actTy=TypeVar(b)
UNSAFE_COERCE GENERATED: expStr=std::rc::Rc<Purs_Data_Either::Either> actStr=b expTy=Other actTy=TypeVar(b)
UNSAFE_COERCE GENERATED: expStr=std::rc::Rc<Purs_Data_Either::Either> actStr=b expTy=Other actTy=TypeVar(b)
UNSAFE_COERCE GENERATED: expStr=std::rc::Rc<Purs_Data_Either::Either> actStr=b expTy=Other actTy=TypeVar(b)
UNSAFE_COERCE GENERATED: expStr=std::rc::Rc<Purs_Data_Either::Either> actStr=b expTy=Other actTy=TypeVar(b)
UNSAFE_COERCE GENERATED: expStr=std::rc::Rc<Purs_Data_Either::Either> actStr=b expTy=Other actTy=TypeVar(b)
UNSAFE_COERCE GENERATED: expStr=e actStr=a expTy=TypeVar(e) actTy=TypeVar(a)
UNSAFE_COERCE GENERATED: expStr=std::rc::Rc<Purs_Data_Either::Either> actStr=b expTy=Other actTy=TypeVar(b)
UNSAFE_COERCE GENERATED: expStr=std::rc::Rc<Purs_Data_Either::Either> actStr=b expTy=Other actTy=TypeVar(b)
UNSAFE_COERCE GENERATED: expStr=std::rc::Rc<Purs_Data_Either::Either> actStr=b expTy=Other actTy=TypeVar(b)
UNSAFE_COERCE GENERATED: expStr=std::rc::Rc<Purs_Data_Either::Either> actStr=b expTy=Other actTy=TypeVar(b)
UNSAFE_COERCE GENERATED: expStr=std::rc::Rc<Purs_Data_Either::Either> actStr=b expTy=Other actTy=TypeVar(b)
UNSAFE_COERCE GENERATED: expStr=std::rc::Rc<Purs_Data_Either::Either> actStr=b expTy=Other actTy=TypeVar(b)
UNSAFE_COERCE GENERATED: expStr=std::rc::Rc<Purs_Data_Either::Either> actStr=b expTy=Other actTy=TypeVar(b)
UNSAFE_COERCE GENERATED: expStr=std::rc::Rc<Purs_Data_Either::Either> actStr=b expTy=Other actTy=TypeVar(b)
UNSAFE_COERCE GENERATED: expStr=std::rc::Rc<Purs_Data_Either::Either> actStr=b expTy=Other actTy=TypeVar(b)
UNSAFE_COERCE GENERATED: expStr=std::rc::Rc<Purs_Data_Either::Either> actStr=b expTy=Other actTy=TypeVar(b)
UNSAFE_COERCE GENERATED: expStr=std::rc::Rc<Purs_Data_Either::Either> actStr=b expTy=Other actTy=TypeVar(b)
UNSAFE_COERCE GENERATED: expStr=std::rc::Rc<Purs_Data_Either::Either> actStr=b expTy=Other actTy=TypeVar(b)
UNSAFE_COERCE GENERATED: expStr=f actStr=a expTy=TypeVar(f) actTy=TypeVar(a)
UNSAFE_COERCE GENERATED: expStr=std::rc::Rc<Purs_Data_Either::Either> actStr=b expTy=Other actTy=TypeVar(b)
UNSAFE_COERCE GENERATED: expStr=std::rc::Rc<Purs_Data_Either::Either> actStr=b expTy=Other actTy=TypeVar(b)
UNSAFE_COERCE GENERATED: expStr=std::rc::Rc<Purs_Data_Either::Either> actStr=b expTy=Other actTy=TypeVar(b)
UNSAFE_COERCE GENERATED: expStr=std::rc::Rc<Purs_Data_Either::Either> actStr=b expTy=Other actTy=TypeVar(b)
UNSAFE_COERCE GENERATED: expStr=std::rc::Rc<Purs_Data_Either::Either> actStr=b expTy=Other actTy=TypeVar(b)
UNSAFE_COERCE GENERATED: expStr=std::rc::Rc<Purs_Data_Either::Either> actStr=b expTy=Other actTy=TypeVar(b)
UNSAFE_COERCE GENERATED: expStr=std::rc::Rc<Purs_Data_Either::Either> actStr=b expTy=Other actTy=TypeVar(b)
UNSAFE_COERCE GENERATED: expStr=std::rc::Rc<Purs_Data_Either::Either> actStr=b expTy=Other actTy=TypeVar(b)
UNSAFE_COERCE GENERATED: expStr=std::rc::Rc<Purs_Data_Either::Either> actStr=b expTy=Other actTy=TypeVar(b)
UNSAFE_COERCE GENERATED: expStr=purust_core::Void actStr=b expTy=Other actTy=TypeVar(b)
UNSAFE_COERCE GENERATED: expStr=r actStr=a expTy=TypeVar(r) actTy=TypeVar(a)
FUNCTION Data_Either_Nested_either6 args: 7 extracted: Just
BindingGroup: Data_Either_Nested_either7 type: Func vars: a, b, c, d, e, f, g, r
UNSAFE_COERCE GENERATED: expStr=std::rc::Rc<Purs_Data_Either::Either> actStr=b expTy=Other actTy=TypeVar(b)
UNSAFE_COERCE GENERATED: expStr=b actStr=a expTy=TypeVar(b) actTy=TypeVar(a)
UNSAFE_COERCE GENERATED: expStr=std::rc::Rc<Purs_Data_Either::Either> actStr=b expTy=Other actTy=TypeVar(b)
UNSAFE_COERCE GENERATED: expStr=std::rc::Rc<Purs_Data_Either::Either> actStr=b expTy=Other actTy=TypeVar(b)
UNSAFE_COERCE GENERATED: expStr=std::rc::Rc<Purs_Data_Either::Either> actStr=b expTy=Other actTy=TypeVar(b)
UNSAFE_COERCE GENERATED: expStr=c actStr=a expTy=TypeVar(c) actTy=TypeVar(a)
UNSAFE_COERCE GENERATED: expStr=std::rc::Rc<Purs_Data_Either::Either> actStr=b expTy=Other actTy=TypeVar(b)
UNSAFE_COERCE GENERATED: expStr=std::rc::Rc<Purs_Data_Either::Either> actStr=b expTy=Other actTy=TypeVar(b)
UNSAFE_COERCE GENERATED: expStr=std::rc::Rc<Purs_Data_Either::Either> actStr=b expTy=Other actTy=TypeVar(b)
UNSAFE_COERCE GENERATED: expStr=std::rc::Rc<Purs_Data_Either::Either> actStr=b expTy=Other actTy=TypeVar(b)
UNSAFE_COERCE GENERATED: expStr=std::rc::Rc<Purs_Data_Either::Either> actStr=b expTy=Other actTy=TypeVar(b)
UNSAFE_COERCE GENERATED: expStr=std::rc::Rc<Purs_Data_Either::Either> actStr=b expTy=Other actTy=TypeVar(b)
UNSAFE_COERCE GENERATED: expStr=d actStr=a expTy=TypeVar(d) actTy=TypeVar(a)
UNSAFE_COERCE GENERATED: expStr=std::rc::Rc<Purs_Data_Either::Either> actStr=b expTy=Other actTy=TypeVar(b)
UNSAFE_COERCE GENERATED: expStr=std::rc::Rc<Purs_Data_Either::Either> actStr=b expTy=Other actTy=TypeVar(b)
UNSAFE_COERCE GENERATED: expStr=std::rc::Rc<Purs_Data_Either::Either> actStr=b expTy=Other actTy=TypeVar(b)
UNSAFE_COERCE GENERATED: expStr=std::rc::Rc<Purs_Data_Either::Either> actStr=b expTy=Other actTy=TypeVar(b)
UNSAFE_COERCE GENERATED: expStr=std::rc::Rc<Purs_Data_Either::Either> actStr=b expTy=Other actTy=TypeVar(b)
UNSAFE_COERCE GENERATED: expStr=std::rc::Rc<Purs_Data_Either::Either> actStr=b expTy=Other actTy=TypeVar(b)
UNSAFE_COERCE GENERATED: expStr=std::rc::Rc<Purs_Data_Either::Either> actStr=b expTy=Other actTy=TypeVar(b)
UNSAFE_COERCE GENERATED: expStr=std::rc::Rc<Purs_Data_Either::Either> actStr=b expTy=Other actTy=TypeVar(b)
UNSAFE_COERCE GENERATED: expStr=std::rc::Rc<Purs_Data_Either::Either> actStr=b expTy=Other actTy=TypeVar(b)
UNSAFE_COERCE GENERATED: expStr=e actStr=a expTy=TypeVar(e) actTy=TypeVar(a)
UNSAFE_COERCE GENERATED: expStr=std::rc::Rc<Purs_Data_Either::Either> actStr=b expTy=Other actTy=TypeVar(b)
UNSAFE_COERCE GENERATED: expStr=std::rc::Rc<Purs_Data_Either::Either> actStr=b expTy=Other actTy=TypeVar(b)
UNSAFE_COERCE GENERATED: expStr=std::rc::Rc<Purs_Data_Either::Either> actStr=b expTy=Other actTy=TypeVar(b)
UNSAFE_COERCE GENERATED: expStr=std::rc::Rc<Purs_Data_Either::Either> actStr=b expTy=Other actTy=TypeVar(b)
UNSAFE_COERCE GENERATED: expStr=std::rc::Rc<Purs_Data_Either::Either> actStr=b expTy=Other actTy=TypeVar(b)
UNSAFE_COERCE GENERATED: expStr=std::rc::Rc<Purs_Data_Either::Either> actStr=b expTy=Other actTy=TypeVar(b)
UNSAFE_COERCE GENERATED: expStr=std::rc::Rc<Purs_Data_Either::Either> actStr=b expTy=Other actTy=TypeVar(b)
UNSAFE_COERCE GENERATED: expStr=std::rc::Rc<Purs_Data_Either::Either> actStr=b expTy=Other actTy=TypeVar(b)
UNSAFE_COERCE GENERATED: expStr=std::rc::Rc<Purs_Data_Either::Either> actStr=b expTy=Other actTy=TypeVar(b)
UNSAFE_COERCE GENERATED: expStr=std::rc::Rc<Purs_Data_Either::Either> actStr=b expTy=Other actTy=TypeVar(b)
UNSAFE_COERCE GENERATED: expStr=std::rc::Rc<Purs_Data_Either::Either> actStr=b expTy=Other actTy=TypeVar(b)
UNSAFE_COERCE GENERATED: expStr=std::rc::Rc<Purs_Data_Either::Either> actStr=b expTy=Other actTy=TypeVar(b)
UNSAFE_COERCE GENERATED: expStr=f actStr=a expTy=TypeVar(f) actTy=TypeVar(a)
UNSAFE_COERCE GENERATED: expStr=std::rc::Rc<Purs_Data_Either::Either> actStr=b expTy=Other actTy=TypeVar(b)
UNSAFE_COERCE GENERATED: expStr=std::rc::Rc<Purs_Data_Either::Either> actStr=b expTy=Other actTy=TypeVar(b)
UNSAFE_COERCE GENERATED: expStr=std::rc::Rc<Purs_Data_Either::Either> actStr=b expTy=Other actTy=TypeVar(b)
UNSAFE_COERCE GENERATED: expStr=std::rc::Rc<Purs_Data_Either::Either> actStr=b expTy=Other actTy=TypeVar(b)
UNSAFE_COERCE GENERATED: expStr=std::rc::Rc<Purs_Data_Either::Either> actStr=b expTy=Other actTy=TypeVar(b)
UNSAFE_COERCE GENERATED: expStr=std::rc::Rc<Purs_Data_Either::Either> actStr=b expTy=Other actTy=TypeVar(b)
UNSAFE_COERCE GENERATED: expStr=std::rc::Rc<Purs_Data_Either::Either> actStr=b expTy=Other actTy=TypeVar(b)
UNSAFE_COERCE GENERATED: expStr=std::rc::Rc<Purs_Data_Either::Either> actStr=b expTy=Other actTy=TypeVar(b)
UNSAFE_COERCE GENERATED: expStr=std::rc::Rc<Purs_Data_Either::Either> actStr=b expTy=Other actTy=TypeVar(b)
UNSAFE_COERCE GENERATED: expStr=std::rc::Rc<Purs_Data_Either::Either> actStr=b expTy=Other actTy=TypeVar(b)
UNSAFE_COERCE GENERATED: expStr=std::rc::Rc<Purs_Data_Either::Either> actStr=b expTy=Other actTy=TypeVar(b)
UNSAFE_COERCE GENERATED: expStr=std::rc::Rc<Purs_Data_Either::Either> actStr=b expTy=Other actTy=TypeVar(b)
UNSAFE_COERCE GENERATED: expStr=std::rc::Rc<Purs_Data_Either::Either> actStr=b expTy=Other actTy=TypeVar(b)
UNSAFE_COERCE GENERATED: expStr=std::rc::Rc<Purs_Data_Either::Either> actStr=b expTy=Other actTy=TypeVar(b)
UNSAFE_COERCE GENERATED: expStr=std::rc::Rc<Purs_Data_Either::Either> actStr=b expTy=Other actTy=TypeVar(b)
UNSAFE_COERCE GENERATED: expStr=g actStr=a expTy=TypeVar(g) actTy=TypeVar(a)
UNSAFE_COERCE GENERATED: expStr=std::rc::Rc<Purs_Data_Either::Either> actStr=b expTy=Other actTy=TypeVar(b)
UNSAFE_COERCE GENERATED: expStr=std::rc::Rc<Purs_Data_Either::Either> actStr=b expTy=Other actTy=TypeVar(b)
UNSAFE_COERCE GENERATED: expStr=std::rc::Rc<Purs_Data_Either::Either> actStr=b expTy=Other actTy=TypeVar(b)
UNSAFE_COERCE GENERATED: expStr=std::rc::Rc<Purs_Data_Either::Either> actStr=b expTy=Other actTy=TypeVar(b)
UNSAFE_COERCE GENERATED: expStr=std::rc::Rc<Purs_Data_Either::Either> actStr=b expTy=Other actTy=TypeVar(b)
UNSAFE_COERCE GENERATED: expStr=std::rc::Rc<Purs_Data_Either::Either> actStr=b expTy=Other actTy=TypeVar(b)
UNSAFE_COERCE GENERATED: expStr=std::rc::Rc<Purs_Data_Either::Either> actStr=b expTy=Other actTy=TypeVar(b)
UNSAFE_COERCE GENERATED: expStr=std::rc::Rc<Purs_Data_Either::Either> actStr=b expTy=Other actTy=TypeVar(b)
UNSAFE_COERCE GENERATED: expStr=std::rc::Rc<Purs_Data_Either::Either> actStr=b expTy=Other actTy=TypeVar(b)
UNSAFE_COERCE GENERATED: expStr=std::rc::Rc<Purs_Data_Either::Either> actStr=b expTy=Other actTy=TypeVar(b)
UNSAFE_COERCE GENERATED: expStr=std::rc::Rc<Purs_Data_Either::Either> actStr=b expTy=Other actTy=TypeVar(b)
UNSAFE_COERCE GENERATED: expStr=purust_core::Void actStr=b expTy=Other actTy=TypeVar(b)
UNSAFE_COERCE GENERATED: expStr=r actStr=a expTy=TypeVar(r) actTy=TypeVar(a)
FUNCTION Data_Either_Nested_either7 args: 8 extracted: Just
BindingGroup: Data_Either_Nested_either8 type: Func vars: a, b, c, d, e, f, g, h, r
UNSAFE_COERCE GENERATED: expStr=std::rc::Rc<Purs_Data_Either::Either> actStr=b expTy=Other actTy=TypeVar(b)
UNSAFE_COERCE GENERATED: expStr=b actStr=a expTy=TypeVar(b) actTy=TypeVar(a)
UNSAFE_COERCE GENERATED: expStr=std::rc::Rc<Purs_Data_Either::Either> actStr=b expTy=Other actTy=TypeVar(b)
UNSAFE_COERCE GENERATED: expStr=std::rc::Rc<Purs_Data_Either::Either> actStr=b expTy=Other actTy=TypeVar(b)
UNSAFE_COERCE GENERATED: expStr=std::rc::Rc<Purs_Data_Either::Either> actStr=b expTy=Other actTy=TypeVar(b)
UNSAFE_COERCE GENERATED: expStr=c actStr=a expTy=TypeVar(c) actTy=TypeVar(a)
UNSAFE_COERCE GENERATED: expStr=std::rc::Rc<Purs_Data_Either::Either> actStr=b expTy=Other actTy=TypeVar(b)
UNSAFE_COERCE GENERATED: expStr=std::rc::Rc<Purs_Data_Either::Either> actStr=b expTy=Other actTy=TypeVar(b)
UNSAFE_COERCE GENERATED: expStr=std::rc::Rc<Purs_Data_Either::Either> actStr=b expTy=Other actTy=TypeVar(b)
UNSAFE_COERCE GENERATED: expStr=std::rc::Rc<Purs_Data_Either::Either> actStr=b expTy=Other actTy=TypeVar(b)
UNSAFE_COERCE GENERATED: expStr=std::rc::Rc<Purs_Data_Either::Either> actStr=b expTy=Other actTy=TypeVar(b)
UNSAFE_COERCE GENERATED: expStr=std::rc::Rc<Purs_Data_Either::Either> actStr=b expTy=Other actTy=TypeVar(b)
UNSAFE_COERCE GENERATED: expStr=d actStr=a expTy=TypeVar(d) actTy=TypeVar(a)
UNSAFE_COERCE GENERATED: expStr=std::rc::Rc<Purs_Data_Either::Either> actStr=b expTy=Other actTy=TypeVar(b)
UNSAFE_COERCE GENERATED: expStr=std::rc::Rc<Purs_Data_Either::Either> actStr=b expTy=Other actTy=TypeVar(b)
UNSAFE_COERCE GENERATED: expStr=std::rc::Rc<Purs_Data_Either::Either> actStr=b expTy=Other actTy=TypeVar(b)
UNSAFE_COERCE GENERATED: expStr=std::rc::Rc<Purs_Data_Either::Either> actStr=b expTy=Other actTy=TypeVar(b)
UNSAFE_COERCE GENERATED: expStr=std::rc::Rc<Purs_Data_Either::Either> actStr=b expTy=Other actTy=TypeVar(b)
UNSAFE_COERCE GENERATED: expStr=std::rc::Rc<Purs_Data_Either::Either> actStr=b expTy=Other actTy=TypeVar(b)
UNSAFE_COERCE GENERATED: expStr=std::rc::Rc<Purs_Data_Either::Either> actStr=b expTy=Other actTy=TypeVar(b)
UNSAFE_COERCE GENERATED: expStr=std::rc::Rc<Purs_Data_Either::Either> actStr=b expTy=Other actTy=TypeVar(b)
UNSAFE_COERCE GENERATED: expStr=std::rc::Rc<Purs_Data_Either::Either> actStr=b expTy=Other actTy=TypeVar(b)
UNSAFE_COERCE GENERATED: expStr=e actStr=a expTy=TypeVar(e) actTy=TypeVar(a)
UNSAFE_COERCE GENERATED: expStr=std::rc::Rc<Purs_Data_Either::Either> actStr=b expTy=Other actTy=TypeVar(b)
UNSAFE_COERCE GENERATED: expStr=std::rc::Rc<Purs_Data_Either::Either> actStr=b expTy=Other actTy=TypeVar(b)
UNSAFE_COERCE GENERATED: expStr=std::rc::Rc<Purs_Data_Either::Either> actStr=b expTy=Other actTy=TypeVar(b)
UNSAFE_COERCE GENERATED: expStr=std::rc::Rc<Purs_Data_Either::Either> actStr=b expTy=Other actTy=TypeVar(b)
UNSAFE_COERCE GENERATED: expStr=std::rc::Rc<Purs_Data_Either::Either> actStr=b expTy=Other actTy=TypeVar(b)
UNSAFE_COERCE GENERATED: expStr=std::rc::Rc<Purs_Data_Either::Either> actStr=b expTy=Other actTy=TypeVar(b)
UNSAFE_COERCE GENERATED: expStr=std::rc::Rc<Purs_Data_Either::Either> actStr=b expTy=Other actTy=TypeVar(b)
UNSAFE_COERCE GENERATED: expStr=std::rc::Rc<Purs_Data_Either::Either> actStr=b expTy=Other actTy=TypeVar(b)
UNSAFE_COERCE GENERATED: expStr=std::rc::Rc<Purs_Data_Either::Either> actStr=b expTy=Other actTy=TypeVar(b)
UNSAFE_COERCE GENERATED: expStr=std::rc::Rc<Purs_Data_Either::Either> actStr=b expTy=Other actTy=TypeVar(b)
UNSAFE_COERCE GENERATED: expStr=std::rc::Rc<Purs_Data_Either::Either> actStr=b expTy=Other actTy=TypeVar(b)
UNSAFE_COERCE GENERATED: expStr=std::rc::Rc<Purs_Data_Either::Either> actStr=b expTy=Other actTy=TypeVar(b)
UNSAFE_COERCE GENERATED: expStr=f actStr=a expTy=TypeVar(f) actTy=TypeVar(a)
UNSAFE_COERCE GENERATED: expStr=std::rc::Rc<Purs_Data_Either::Either> actStr=b expTy=Other actTy=TypeVar(b)
UNSAFE_COERCE GENERATED: expStr=std::rc::Rc<Purs_Data_Either::Either> actStr=b expTy=Other actTy=TypeVar(b)
UNSAFE_COERCE GENERATED: expStr=std::rc::Rc<Purs_Data_Either::Either> actStr=b expTy=Other actTy=TypeVar(b)
UNSAFE_COERCE GENERATED: expStr=std::rc::Rc<Purs_Data_Either::Either> actStr=b expTy=Other actTy=TypeVar(b)
UNSAFE_COERCE GENERATED: expStr=std::rc::Rc<Purs_Data_Either::Either> actStr=b expTy=Other actTy=TypeVar(b)
UNSAFE_COERCE GENERATED: expStr=std::rc::Rc<Purs_Data_Either::Either> actStr=b expTy=Other actTy=TypeVar(b)
UNSAFE_COERCE GENERATED: expStr=std::rc::Rc<Purs_Data_Either::Either> actStr=b expTy=Other actTy=TypeVar(b)
UNSAFE_COERCE GENERATED: expStr=std::rc::Rc<Purs_Data_Either::Either> actStr=b expTy=Other actTy=TypeVar(b)
UNSAFE_COERCE GENERATED: expStr=std::rc::Rc<Purs_Data_Either::Either> actStr=b expTy=Other actTy=TypeVar(b)
UNSAFE_COERCE GENERATED: expStr=std::rc::Rc<Purs_Data_Either::Either> actStr=b expTy=Other actTy=TypeVar(b)
UNSAFE_COERCE GENERATED: expStr=std::rc::Rc<Purs_Data_Either::Either> actStr=b expTy=Other actTy=TypeVar(b)
UNSAFE_COERCE GENERATED: expStr=std::rc::Rc<Purs_Data_Either::Either> actStr=b expTy=Other actTy=TypeVar(b)
UNSAFE_COERCE GENERATED: expStr=std::rc::Rc<Purs_Data_Either::Either> actStr=b expTy=Other actTy=TypeVar(b)
UNSAFE_COERCE GENERATED: expStr=std::rc::Rc<Purs_Data_Either::Either> actStr=b expTy=Other actTy=TypeVar(b)
UNSAFE_COERCE GENERATED: expStr=std::rc::Rc<Purs_Data_Either::Either> actStr=b expTy=Other actTy=TypeVar(b)
UNSAFE_COERCE GENERATED: expStr=g actStr=a expTy=TypeVar(g) actTy=TypeVar(a)
UNSAFE_COERCE GENERATED: expStr=std::rc::Rc<Purs_Data_Either::Either> actStr=b expTy=Other actTy=TypeVar(b)
UNSAFE_COERCE GENERATED: expStr=std::rc::Rc<Purs_Data_Either::Either> actStr=b expTy=Other actTy=TypeVar(b)
UNSAFE_COERCE GENERATED: expStr=std::rc::Rc<Purs_Data_Either::Either> actStr=b expTy=Other actTy=TypeVar(b)
UNSAFE_COERCE GENERATED: expStr=std::rc::Rc<Purs_Data_Either::Either> actStr=b expTy=Other actTy=TypeVar(b)
UNSAFE_COERCE GENERATED: expStr=std::rc::Rc<Purs_Data_Either::Either> actStr=b expTy=Other actTy=TypeVar(b)
UNSAFE_COERCE GENERATED: expStr=std::rc::Rc<Purs_Data_Either::Either> actStr=b expTy=Other actTy=TypeVar(b)
UNSAFE_COERCE GENERATED: expStr=std::rc::Rc<Purs_Data_Either::Either> actStr=b expTy=Other actTy=TypeVar(b)
UNSAFE_COERCE GENERATED: expStr=std::rc::Rc<Purs_Data_Either::Either> actStr=b expTy=Other actTy=TypeVar(b)
UNSAFE_COERCE GENERATED: expStr=std::rc::Rc<Purs_Data_Either::Either> actStr=b expTy=Other actTy=TypeVar(b)
UNSAFE_COERCE GENERATED: expStr=std::rc::Rc<Purs_Data_Either::Either> actStr=b expTy=Other actTy=TypeVar(b)
UNSAFE_COERCE GENERATED: expStr=std::rc::Rc<Purs_Data_Either::Either> actStr=b expTy=Other actTy=TypeVar(b)
UNSAFE_COERCE GENERATED: expStr=std::rc::Rc<Purs_Data_Either::Either> actStr=b expTy=Other actTy=TypeVar(b)
UNSAFE_COERCE GENERATED: expStr=std::rc::Rc<Purs_Data_Either::Either> actStr=b expTy=Other actTy=TypeVar(b)
UNSAFE_COERCE GENERATED: expStr=std::rc::Rc<Purs_Data_Either::Either> actStr=b expTy=Other actTy=TypeVar(b)
UNSAFE_COERCE GENERATED: expStr=std::rc::Rc<Purs_Data_Either::Either> actStr=b expTy=Other actTy=TypeVar(b)
UNSAFE_COERCE GENERATED: expStr=std::rc::Rc<Purs_Data_Either::Either> actStr=b expTy=Other actTy=TypeVar(b)
UNSAFE_COERCE GENERATED: expStr=std::rc::Rc<Purs_Data_Either::Either> actStr=b expTy=Other actTy=TypeVar(b)
UNSAFE_COERCE GENERATED: expStr=std::rc::Rc<Purs_Data_Either::Either> actStr=b expTy=Other actTy=TypeVar(b)
UNSAFE_COERCE GENERATED: expStr=h actStr=a expTy=TypeVar(h) actTy=TypeVar(a)
UNSAFE_COERCE GENERATED: expStr=std::rc::Rc<Purs_Data_Either::Either> actStr=b expTy=Other actTy=TypeVar(b)
UNSAFE_COERCE GENERATED: expStr=std::rc::Rc<Purs_Data_Either::Either> actStr=b expTy=Other actTy=TypeVar(b)
UNSAFE_COERCE GENERATED: expStr=std::rc::Rc<Purs_Data_Either::Either> actStr=b expTy=Other actTy=TypeVar(b)
UNSAFE_COERCE GENERATED: expStr=std::rc::Rc<Purs_Data_Either::Either> actStr=b expTy=Other actTy=TypeVar(b)
UNSAFE_COERCE GENERATED: expStr=std::rc::Rc<Purs_Data_Either::Either> actStr=b expTy=Other actTy=TypeVar(b)
UNSAFE_COERCE GENERATED: expStr=std::rc::Rc<Purs_Data_Either::Either> actStr=b expTy=Other actTy=TypeVar(b)
UNSAFE_COERCE GENERATED: expStr=std::rc::Rc<Purs_Data_Either::Either> actStr=b expTy=Other actTy=TypeVar(b)
UNSAFE_COERCE GENERATED: expStr=std::rc::Rc<Purs_Data_Either::Either> actStr=b expTy=Other actTy=TypeVar(b)
UNSAFE_COERCE GENERATED: expStr=std::rc::Rc<Purs_Data_Either::Either> actStr=b expTy=Other actTy=TypeVar(b)
UNSAFE_COERCE GENERATED: expStr=std::rc::Rc<Purs_Data_Either::Either> actStr=b expTy=Other actTy=TypeVar(b)
UNSAFE_COERCE GENERATED: expStr=std::rc::Rc<Purs_Data_Either::Either> actStr=b expTy=Other actTy=TypeVar(b)
UNSAFE_COERCE GENERATED: expStr=std::rc::Rc<Purs_Data_Either::Either> actStr=b expTy=Other actTy=TypeVar(b)
UNSAFE_COERCE GENERATED: expStr=std::rc::Rc<Purs_Data_Either::Either> actStr=b expTy=Other actTy=TypeVar(b)
UNSAFE_COERCE GENERATED: expStr=purust_core::Void actStr=b expTy=Other actTy=TypeVar(b)
UNSAFE_COERCE GENERATED: expStr=r actStr=a expTy=TypeVar(r) actTy=TypeVar(a)
FUNCTION Data_Either_Nested_either8 args: 9 extracted: Just
BindingGroup: Data_Either_Nested_either9 type: Func vars: a, b, c, d, e, f, g, h, i, r
UNSAFE_COERCE GENERATED: expStr=std::rc::Rc<Purs_Data_Either::Either> actStr=b expTy=Other actTy=TypeVar(b)
UNSAFE_COERCE GENERATED: expStr=b actStr=a expTy=TypeVar(b) actTy=TypeVar(a)
UNSAFE_COERCE GENERATED: expStr=std::rc::Rc<Purs_Data_Either::Either> actStr=b expTy=Other actTy=TypeVar(b)
UNSAFE_COERCE GENERATED: expStr=std::rc::Rc<Purs_Data_Either::Either> actStr=b expTy=Other actTy=TypeVar(b)
UNSAFE_COERCE GENERATED: expStr=std::rc::Rc<Purs_Data_Either::Either> actStr=b expTy=Other actTy=TypeVar(b)
UNSAFE_COERCE GENERATED: expStr=c actStr=a expTy=TypeVar(c) actTy=TypeVar(a)
UNSAFE_COERCE GENERATED: expStr=std::rc::Rc<Purs_Data_Either::Either> actStr=b expTy=Other actTy=TypeVar(b)
UNSAFE_COERCE GENERATED: expStr=std::rc::Rc<Purs_Data_Either::Either> actStr=b expTy=Other actTy=TypeVar(b)
UNSAFE_COERCE GENERATED: expStr=std::rc::Rc<Purs_Data_Either::Either> actStr=b expTy=Other actTy=TypeVar(b)
UNSAFE_COERCE GENERATED: expStr=std::rc::Rc<Purs_Data_Either::Either> actStr=b expTy=Other actTy=TypeVar(b)
UNSAFE_COERCE GENERATED: expStr=std::rc::Rc<Purs_Data_Either::Either> actStr=b expTy=Other actTy=TypeVar(b)
UNSAFE_COERCE GENERATED: expStr=std::rc::Rc<Purs_Data_Either::Either> actStr=b expTy=Other actTy=TypeVar(b)
UNSAFE_COERCE GENERATED: expStr=d actStr=a expTy=TypeVar(d) actTy=TypeVar(a)
UNSAFE_COERCE GENERATED: expStr=std::rc::Rc<Purs_Data_Either::Either> actStr=b expTy=Other actTy=TypeVar(b)
UNSAFE_COERCE GENERATED: expStr=std::rc::Rc<Purs_Data_Either::Either> actStr=b expTy=Other actTy=TypeVar(b)
UNSAFE_COERCE GENERATED: expStr=std::rc::Rc<Purs_Data_Either::Either> actStr=b expTy=Other actTy=TypeVar(b)
UNSAFE_COERCE GENERATED: expStr=std::rc::Rc<Purs_Data_Either::Either> actStr=b expTy=Other actTy=TypeVar(b)
UNSAFE_COERCE GENERATED: expStr=std::rc::Rc<Purs_Data_Either::Either> actStr=b expTy=Other actTy=TypeVar(b)
UNSAFE_COERCE GENERATED: expStr=std::rc::Rc<Purs_Data_Either::Either> actStr=b expTy=Other actTy=TypeVar(b)
UNSAFE_COERCE GENERATED: expStr=std::rc::Rc<Purs_Data_Either::Either> actStr=b expTy=Other actTy=TypeVar(b)
UNSAFE_COERCE GENERATED: expStr=std::rc::Rc<Purs_Data_Either::Either> actStr=b expTy=Other actTy=TypeVar(b)
UNSAFE_COERCE GENERATED: expStr=std::rc::Rc<Purs_Data_Either::Either> actStr=b expTy=Other actTy=TypeVar(b)
UNSAFE_COERCE GENERATED: expStr=e actStr=a expTy=TypeVar(e) actTy=TypeVar(a)
UNSAFE_COERCE GENERATED: expStr=std::rc::Rc<Purs_Data_Either::Either> actStr=b expTy=Other actTy=TypeVar(b)
UNSAFE_COERCE GENERATED: expStr=std::rc::Rc<Purs_Data_Either::Either> actStr=b expTy=Other actTy=TypeVar(b)
UNSAFE_COERCE GENERATED: expStr=std::rc::Rc<Purs_Data_Either::Either> actStr=b expTy=Other actTy=TypeVar(b)
UNSAFE_COERCE GENERATED: expStr=std::rc::Rc<Purs_Data_Either::Either> actStr=b expTy=Other actTy=TypeVar(b)
UNSAFE_COERCE GENERATED: expStr=std::rc::Rc<Purs_Data_Either::Either> actStr=b expTy=Other actTy=TypeVar(b)
UNSAFE_COERCE GENERATED: expStr=std::rc::Rc<Purs_Data_Either::Either> actStr=b expTy=Other actTy=TypeVar(b)
UNSAFE_COERCE GENERATED: expStr=std::rc::Rc<Purs_Data_Either::Either> actStr=b expTy=Other actTy=TypeVar(b)
UNSAFE_COERCE GENERATED: expStr=std::rc::Rc<Purs_Data_Either::Either> actStr=b expTy=Other actTy=TypeVar(b)
UNSAFE_COERCE GENERATED: expStr=std::rc::Rc<Purs_Data_Either::Either> actStr=b expTy=Other actTy=TypeVar(b)
UNSAFE_COERCE GENERATED: expStr=std::rc::Rc<Purs_Data_Either::Either> actStr=b expTy=Other actTy=TypeVar(b)
UNSAFE_COERCE GENERATED: expStr=std::rc::Rc<Purs_Data_Either::Either> actStr=b expTy=Other actTy=TypeVar(b)
UNSAFE_COERCE GENERATED: expStr=std::rc::Rc<Purs_Data_Either::Either> actStr=b expTy=Other actTy=TypeVar(b)
UNSAFE_COERCE GENERATED: expStr=f actStr=a expTy=TypeVar(f) actTy=TypeVar(a)
UNSAFE_COERCE GENERATED: expStr=std::rc::Rc<Purs_Data_Either::Either> actStr=b expTy=Other actTy=TypeVar(b)
UNSAFE_COERCE GENERATED: expStr=std::rc::Rc<Purs_Data_Either::Either> actStr=b expTy=Other actTy=TypeVar(b)
UNSAFE_COERCE GENERATED: expStr=std::rc::Rc<Purs_Data_Either::Either> actStr=b expTy=Other actTy=TypeVar(b)
UNSAFE_COERCE GENERATED: expStr=std::rc::Rc<Purs_Data_Either::Either> actStr=b expTy=Other actTy=TypeVar(b)
UNSAFE_COERCE GENERATED: expStr=std::rc::Rc<Purs_Data_Either::Either> actStr=b expTy=Other actTy=TypeVar(b)
UNSAFE_COERCE GENERATED: expStr=std::rc::Rc<Purs_Data_Either::Either> actStr=b expTy=Other actTy=TypeVar(b)
UNSAFE_COERCE GENERATED: expStr=std::rc::Rc<Purs_Data_Either::Either> actStr=b expTy=Other actTy=TypeVar(b)
UNSAFE_COERCE GENERATED: expStr=std::rc::Rc<Purs_Data_Either::Either> actStr=b expTy=Other actTy=TypeVar(b)
UNSAFE_COERCE GENERATED: expStr=std::rc::Rc<Purs_Data_Either::Either> actStr=b expTy=Other actTy=TypeVar(b)
UNSAFE_COERCE GENERATED: expStr=std::rc::Rc<Purs_Data_Either::Either> actStr=b expTy=Other actTy=TypeVar(b)
UNSAFE_COERCE GENERATED: expStr=std::rc::Rc<Purs_Data_Either::Either> actStr=b expTy=Other actTy=TypeVar(b)
UNSAFE_COERCE GENERATED: expStr=std::rc::Rc<Purs_Data_Either::Either> actStr=b expTy=Other actTy=TypeVar(b)
UNSAFE_COERCE GENERATED: expStr=std::rc::Rc<Purs_Data_Either::Either> actStr=b expTy=Other actTy=TypeVar(b)
UNSAFE_COERCE GENERATED: expStr=std::rc::Rc<Purs_Data_Either::Either> actStr=b expTy=Other actTy=TypeVar(b)
UNSAFE_COERCE GENERATED: expStr=std::rc::Rc<Purs_Data_Either::Either> actStr=b expTy=Other actTy=TypeVar(b)
UNSAFE_COERCE GENERATED: expStr=g actStr=a expTy=TypeVar(g) actTy=TypeVar(a)
UNSAFE_COERCE GENERATED: expStr=std::rc::Rc<Purs_Data_Either::Either> actStr=b expTy=Other actTy=TypeVar(b)
UNSAFE_COERCE GENERATED: expStr=std::rc::Rc<Purs_Data_Either::Either> actStr=b expTy=Other actTy=TypeVar(b)
UNSAFE_COERCE GENERATED: expStr=std::rc::Rc<Purs_Data_Either::Either> actStr=b expTy=Other actTy=TypeVar(b)
UNSAFE_COERCE GENERATED: expStr=std::rc::Rc<Purs_Data_Either::Either> actStr=b expTy=Other actTy=TypeVar(b)
UNSAFE_COERCE GENERATED: expStr=std::rc::Rc<Purs_Data_Either::Either> actStr=b expTy=Other actTy=TypeVar(b)
UNSAFE_COERCE GENERATED: expStr=std::rc::Rc<Purs_Data_Either::Either> actStr=b expTy=Other actTy=TypeVar(b)
UNSAFE_COERCE GENERATED: expStr=std::rc::Rc<Purs_Data_Either::Either> actStr=b expTy=Other actTy=TypeVar(b)
UNSAFE_COERCE GENERATED: expStr=std::rc::Rc<Purs_Data_Either::Either> actStr=b expTy=Other actTy=TypeVar(b)
UNSAFE_COERCE GENERATED: expStr=std::rc::Rc<Purs_Data_Either::Either> actStr=b expTy=Other actTy=TypeVar(b)
UNSAFE_COERCE GENERATED: expStr=std::rc::Rc<Purs_Data_Either::Either> actStr=b expTy=Other actTy=TypeVar(b)
UNSAFE_COERCE GENERATED: expStr=std::rc::Rc<Purs_Data_Either::Either> actStr=b expTy=Other actTy=TypeVar(b)
UNSAFE_COERCE GENERATED: expStr=std::rc::Rc<Purs_Data_Either::Either> actStr=b expTy=Other actTy=TypeVar(b)
UNSAFE_COERCE GENERATED: expStr=std::rc::Rc<Purs_Data_Either::Either> actStr=b expTy=Other actTy=TypeVar(b)
UNSAFE_COERCE GENERATED: expStr=std::rc::Rc<Purs_Data_Either::Either> actStr=b expTy=Other actTy=TypeVar(b)
UNSAFE_COERCE GENERATED: expStr=std::rc::Rc<Purs_Data_Either::Either> actStr=b expTy=Other actTy=TypeVar(b)
UNSAFE_COERCE GENERATED: expStr=std::rc::Rc<Purs_Data_Either::Either> actStr=b expTy=Other actTy=TypeVar(b)
UNSAFE_COERCE GENERATED: expStr=std::rc::Rc<Purs_Data_Either::Either> actStr=b expTy=Other actTy=TypeVar(b)
UNSAFE_COERCE GENERATED: expStr=std::rc::Rc<Purs_Data_Either::Either> actStr=b expTy=Other actTy=TypeVar(b)
UNSAFE_COERCE GENERATED: expStr=h actStr=a expTy=TypeVar(h) actTy=TypeVar(a)
UNSAFE_COERCE GENERATED: expStr=std::rc::Rc<Purs_Data_Either::Either> actStr=b expTy=Other actTy=TypeVar(b)
UNSAFE_COERCE GENERATED: expStr=std::rc::Rc<Purs_Data_Either::Either> actStr=b expTy=Other actTy=TypeVar(b)
UNSAFE_COERCE GENERATED: expStr=std::rc::Rc<Purs_Data_Either::Either> actStr=b expTy=Other actTy=TypeVar(b)
UNSAFE_COERCE GENERATED: expStr=std::rc::Rc<Purs_Data_Either::Either> actStr=b expTy=Other actTy=TypeVar(b)
UNSAFE_COERCE GENERATED: expStr=std::rc::Rc<Purs_Data_Either::Either> actStr=b expTy=Other actTy=TypeVar(b)
UNSAFE_COERCE GENERATED: expStr=std::rc::Rc<Purs_Data_Either::Either> actStr=b expTy=Other actTy=TypeVar(b)
UNSAFE_COERCE GENERATED: expStr=std::rc::Rc<Purs_Data_Either::Either> actStr=b expTy=Other actTy=TypeVar(b)
UNSAFE_COERCE GENERATED: expStr=std::rc::Rc<Purs_Data_Either::Either> actStr=b expTy=Other actTy=TypeVar(b)
UNSAFE_COERCE GENERATED: expStr=std::rc::Rc<Purs_Data_Either::Either> actStr=b expTy=Other actTy=TypeVar(b)
UNSAFE_COERCE GENERATED: expStr=std::rc::Rc<Purs_Data_Either::Either> actStr=b expTy=Other actTy=TypeVar(b)
UNSAFE_COERCE GENERATED: expStr=std::rc::Rc<Purs_Data_Either::Either> actStr=b expTy=Other actTy=TypeVar(b)
UNSAFE_COERCE GENERATED: expStr=std::rc::Rc<Purs_Data_Either::Either> actStr=b expTy=Other actTy=TypeVar(b)
UNSAFE_COERCE GENERATED: expStr=std::rc::Rc<Purs_Data_Either::Either> actStr=b expTy=Other actTy=TypeVar(b)
UNSAFE_COERCE GENERATED: expStr=std::rc::Rc<Purs_Data_Either::Either> actStr=b expTy=Other actTy=TypeVar(b)
UNSAFE_COERCE GENERATED: expStr=std::rc::Rc<Purs_Data_Either::Either> actStr=b expTy=Other actTy=TypeVar(b)
UNSAFE_COERCE GENERATED: expStr=std::rc::Rc<Purs_Data_Either::Either> actStr=b expTy=Other actTy=TypeVar(b)
UNSAFE_COERCE GENERATED: expStr=std::rc::Rc<Purs_Data_Either::Either> actStr=b expTy=Other actTy=TypeVar(b)
UNSAFE_COERCE GENERATED: expStr=std::rc::Rc<Purs_Data_Either::Either> actStr=b expTy=Other actTy=TypeVar(b)
UNSAFE_COERCE GENERATED: expStr=std::rc::Rc<Purs_Data_Either::Either> actStr=b expTy=Other actTy=TypeVar(b)
UNSAFE_COERCE GENERATED: expStr=std::rc::Rc<Purs_Data_Either::Either> actStr=b expTy=Other actTy=TypeVar(b)
UNSAFE_COERCE GENERATED: expStr=std::rc::Rc<Purs_Data_Either::Either> actStr=b expTy=Other actTy=TypeVar(b)
UNSAFE_COERCE GENERATED: expStr=i actStr=a expTy=TypeVar(i) actTy=TypeVar(a)
UNSAFE_COERCE GENERATED: expStr=std::rc::Rc<Purs_Data_Either::Either> actStr=b expTy=Other actTy=TypeVar(b)
UNSAFE_COERCE GENERATED: expStr=std::rc::Rc<Purs_Data_Either::Either> actStr=b expTy=Other actTy=TypeVar(b)
UNSAFE_COERCE GENERATED: expStr=std::rc::Rc<Purs_Data_Either::Either> actStr=b expTy=Other actTy=TypeVar(b)
UNSAFE_COERCE GENERATED: expStr=std::rc::Rc<Purs_Data_Either::Either> actStr=b expTy=Other actTy=TypeVar(b)
UNSAFE_COERCE GENERATED: expStr=std::rc::Rc<Purs_Data_Either::Either> actStr=b expTy=Other actTy=TypeVar(b)
UNSAFE_COERCE GENERATED: expStr=std::rc::Rc<Purs_Data_Either::Either> actStr=b expTy=Other actTy=TypeVar(b)
UNSAFE_COERCE GENERATED: expStr=std::rc::Rc<Purs_Data_Either::Either> actStr=b expTy=Other actTy=TypeVar(b)
UNSAFE_COERCE GENERATED: expStr=std::rc::Rc<Purs_Data_Either::Either> actStr=b expTy=Other actTy=TypeVar(b)
UNSAFE_COERCE GENERATED: expStr=std::rc::Rc<Purs_Data_Either::Either> actStr=b expTy=Other actTy=TypeVar(b)
UNSAFE_COERCE GENERATED: expStr=std::rc::Rc<Purs_Data_Either::Either> actStr=b expTy=Other actTy=TypeVar(b)
UNSAFE_COERCE GENERATED: expStr=std::rc::Rc<Purs_Data_Either::Either> actStr=b expTy=Other actTy=TypeVar(b)
UNSAFE_COERCE GENERATED: expStr=std::rc::Rc<Purs_Data_Either::Either> actStr=b expTy=Other actTy=TypeVar(b)
UNSAFE_COERCE GENERATED: expStr=std::rc::Rc<Purs_Data_Either::Either> actStr=b expTy=Other actTy=TypeVar(b)
UNSAFE_COERCE GENERATED: expStr=std::rc::Rc<Purs_Data_Either::Either> actStr=b expTy=Other actTy=TypeVar(b)
UNSAFE_COERCE GENERATED: expStr=std::rc::Rc<Purs_Data_Either::Either> actStr=b expTy=Other actTy=TypeVar(b)
UNSAFE_COERCE GENERATED: expStr=purust_core::Void actStr=b expTy=Other actTy=TypeVar(b)
UNSAFE_COERCE GENERATED: expStr=r actStr=a expTy=TypeVar(r) actTy=TypeVar(a)
FUNCTION Data_Either_Nested_either9 args: 10 extracted: Just
BindingGroup: Data_Either_Nested_in1 type: Func vars: a, z
BOXUNBOX EQUAL ARITY: expStr=purust_core::Func1<a, std::rc::Rc<Purs_Data_Either::Either<a, z>>> actStr=purust_core::Func1<a, std::rc::Rc<Purs_Data_Either::Either<crate::UnknownType, crate::UnknownType>>>
FUNCTION Data_Either_Nested_in1 args: 1 extracted: Nothing
BindingGroup: Data_Either_Nested_in10 type: Func vars: a, b, c, d, e, f, g, h, i, j, z
UNSAFE_COERCE GENERATED: expStr=a actStr=j expTy=TypeVar(a) actTy=TypeVar(j)
UNSAFE_COERCE GENERATED: expStr=b actStr=std::rc::Rc<Purs_Data_Either::Either> expTy=TypeVar(b) actTy=Other
UNSAFE_COERCE GENERATED: expStr=b actStr=std::rc::Rc<Purs_Data_Either::Either> expTy=TypeVar(b) actTy=Other
UNSAFE_COERCE GENERATED: expStr=b actStr=std::rc::Rc<Purs_Data_Either::Either> expTy=TypeVar(b) actTy=Other
UNSAFE_COERCE GENERATED: expStr=b actStr=std::rc::Rc<Purs_Data_Either::Either> expTy=TypeVar(b) actTy=Other
UNSAFE_COERCE GENERATED: expStr=b actStr=std::rc::Rc<Purs_Data_Either::Either> expTy=TypeVar(b) actTy=Other
UNSAFE_COERCE GENERATED: expStr=b actStr=std::rc::Rc<Purs_Data_Either::Either> expTy=TypeVar(b) actTy=Other
UNSAFE_COERCE GENERATED: expStr=b actStr=std::rc::Rc<Purs_Data_Either::Either> expTy=TypeVar(b) actTy=Other
UNSAFE_COERCE GENERATED: expStr=b actStr=std::rc::Rc<Purs_Data_Either::Either> expTy=TypeVar(b) actTy=Other
UNSAFE_COERCE GENERATED: expStr=b actStr=std::rc::Rc<Purs_Data_Either::Either> expTy=TypeVar(b) actTy=Other
FUNCTION Data_Either_Nested_in10 args: 1 extracted: Just
BindingGroup: Data_Either_Nested_in2 type: Func vars: a, b, z
UNSAFE_COERCE GENERATED: expStr=a actStr=b expTy=TypeVar(a) actTy=TypeVar(b)
UNSAFE_COERCE GENERATED: expStr=b actStr=std::rc::Rc<Purs_Data_Either::Either> expTy=TypeVar(b) actTy=Other
FUNCTION Data_Either_Nested_in2 args: 1 extracted: Just
BindingGroup: Data_Either_Nested_in3 type: Func vars: a, b, c, z
UNSAFE_COERCE GENERATED: expStr=a actStr=c expTy=TypeVar(a) actTy=TypeVar(c)
UNSAFE_COERCE GENERATED: expStr=b actStr=std::rc::Rc<Purs_Data_Either::Either> expTy=TypeVar(b) actTy=Other
UNSAFE_COERCE GENERATED: expStr=b actStr=std::rc::Rc<Purs_Data_Either::Either> expTy=TypeVar(b) actTy=Other
FUNCTION Data_Either_Nested_in3 args: 1 extracted: Just
BindingGroup: Data_Either_Nested_in4 type: Func vars: a, b, c, d, z
UNSAFE_COERCE GENERATED: expStr=a actStr=d expTy=TypeVar(a) actTy=TypeVar(d)
UNSAFE_COERCE GENERATED: expStr=b actStr=std::rc::Rc<Purs_Data_Either::Either> expTy=TypeVar(b) actTy=Other
UNSAFE_COERCE GENERATED: expStr=b actStr=std::rc::Rc<Purs_Data_Either::Either> expTy=TypeVar(b) actTy=Other
UNSAFE_COERCE GENERATED: expStr=b actStr=std::rc::Rc<Purs_Data_Either::Either> expTy=TypeVar(b) actTy=Other
FUNCTION Data_Either_Nested_in4 args: 1 extracted: Just
BindingGroup: Data_Either_Nested_in5 type: Func vars: a, b, c, d, e, z
UNSAFE_COERCE GENERATED: expStr=a actStr=e expTy=TypeVar(a) actTy=TypeVar(e)
UNSAFE_COERCE GENERATED: expStr=b actStr=std::rc::Rc<Purs_Data_Either::Either> expTy=TypeVar(b) actTy=Other
UNSAFE_COERCE GENERATED: expStr=b actStr=std::rc::Rc<Purs_Data_Either::Either> expTy=TypeVar(b) actTy=Other
UNSAFE_COERCE GENERATED: expStr=b actStr=std::rc::Rc<Purs_Data_Either::Either> expTy=TypeVar(b) actTy=Other
UNSAFE_COERCE GENERATED: expStr=b actStr=std::rc::Rc<Purs_Data_Either::Either> expTy=TypeVar(b) actTy=Other
FUNCTION Data_Either_Nested_in5 args: 1 extracted: Just
BindingGroup: Data_Either_Nested_in6 type: Func vars: a, b, c, d, e, f, z
UNSAFE_COERCE GENERATED: expStr=a actStr=f expTy=TypeVar(a) actTy=TypeVar(f)
UNSAFE_COERCE GENERATED: expStr=b actStr=std::rc::Rc<Purs_Data_Either::Either> expTy=TypeVar(b) actTy=Other
UNSAFE_COERCE GENERATED: expStr=b actStr=std::rc::Rc<Purs_Data_Either::Either> expTy=TypeVar(b) actTy=Other
UNSAFE_COERCE GENERATED: expStr=b actStr=std::rc::Rc<Purs_Data_Either::Either> expTy=TypeVar(b) actTy=Other
UNSAFE_COERCE GENERATED: expStr=b actStr=std::rc::Rc<Purs_Data_Either::Either> expTy=TypeVar(b) actTy=Other
UNSAFE_COERCE GENERATED: expStr=b actStr=std::rc::Rc<Purs_Data_Either::Either> expTy=TypeVar(b) actTy=Other
FUNCTION Data_Either_Nested_in6 args: 1 extracted: Just
BindingGroup: Data_Either_Nested_in7 type: Func vars: a, b, c, d, e, f, g, z
UNSAFE_COERCE GENERATED: expStr=a actStr=g expTy=TypeVar(a) actTy=TypeVar(g)
UNSAFE_COERCE GENERATED: expStr=b actStr=std::rc::Rc<Purs_Data_Either::Either> expTy=TypeVar(b) actTy=Other
UNSAFE_COERCE GENERATED: expStr=b actStr=std::rc::Rc<Purs_Data_Either::Either> expTy=TypeVar(b) actTy=Other
UNSAFE_COERCE GENERATED: expStr=b actStr=std::rc::Rc<Purs_Data_Either::Either> expTy=TypeVar(b) actTy=Other
UNSAFE_COERCE GENERATED: expStr=b actStr=std::rc::Rc<Purs_Data_Either::Either> expTy=TypeVar(b) actTy=Other
UNSAFE_COERCE GENERATED: expStr=b actStr=std::rc::Rc<Purs_Data_Either::Either> expTy=TypeVar(b) actTy=Other
UNSAFE_COERCE GENERATED: expStr=b actStr=std::rc::Rc<Purs_Data_Either::Either> expTy=TypeVar(b) actTy=Other
FUNCTION Data_Either_Nested_in7 args: 1 extracted: Just
BindingGroup: Data_Either_Nested_in8 type: Func vars: a, b, c, d, e, f, g, h, z
UNSAFE_COERCE GENERATED: expStr=a actStr=h expTy=TypeVar(a) actTy=TypeVar(h)
UNSAFE_COERCE GENERATED: expStr=b actStr=std::rc::Rc<Purs_Data_Either::Either> expTy=TypeVar(b) actTy=Other
UNSAFE_COERCE GENERATED: expStr=b actStr=std::rc::Rc<Purs_Data_Either::Either> expTy=TypeVar(b) actTy=Other
UNSAFE_COERCE GENERATED: expStr=b actStr=std::rc::Rc<Purs_Data_Either::Either> expTy=TypeVar(b) actTy=Other
UNSAFE_COERCE GENERATED: expStr=b actStr=std::rc::Rc<Purs_Data_Either::Either> expTy=TypeVar(b) actTy=Other
UNSAFE_COERCE GENERATED: expStr=b actStr=std::rc::Rc<Purs_Data_Either::Either> expTy=TypeVar(b) actTy=Other
UNSAFE_COERCE GENERATED: expStr=b actStr=std::rc::Rc<Purs_Data_Either::Either> expTy=TypeVar(b) actTy=Other
UNSAFE_COERCE GENERATED: expStr=b actStr=std::rc::Rc<Purs_Data_Either::Either> expTy=TypeVar(b) actTy=Other
FUNCTION Data_Either_Nested_in8 args: 1 extracted: Just
BindingGroup: Data_Either_Nested_in9 type: Func vars: a, b, c, d, e, f, g, h, i, z
UNSAFE_COERCE GENERATED: expStr=a actStr=i expTy=TypeVar(a) actTy=TypeVar(i)
UNSAFE_COERCE GENERATED: expStr=b actStr=std::rc::Rc<Purs_Data_Either::Either> expTy=TypeVar(b) actTy=Other
UNSAFE_COERCE GENERATED: expStr=b actStr=std::rc::Rc<Purs_Data_Either::Either> expTy=TypeVar(b) actTy=Other
UNSAFE_COERCE GENERATED: expStr=b actStr=std::rc::Rc<Purs_Data_Either::Either> expTy=TypeVar(b) actTy=Other
UNSAFE_COERCE GENERATED: expStr=b actStr=std::rc::Rc<Purs_Data_Either::Either> expTy=TypeVar(b) actTy=Other
UNSAFE_COERCE GENERATED: expStr=b actStr=std::rc::Rc<Purs_Data_Either::Either> expTy=TypeVar(b) actTy=Other
UNSAFE_COERCE GENERATED: expStr=b actStr=std::rc::Rc<Purs_Data_Either::Either> expTy=TypeVar(b) actTy=Other
UNSAFE_COERCE GENERATED: expStr=b actStr=std::rc::Rc<Purs_Data_Either::Either> expTy=TypeVar(b) actTy=Other
UNSAFE_COERCE GENERATED: expStr=b actStr=std::rc::Rc<Purs_Data_Either::Either> expTy=TypeVar(b) actTy=Other
FUNCTION Data_Either_Nested_in9 args: 1 extracted: Just
findFfiFile [Data.Either.Nested] -> null
Found FFI for Data.Either.Nested at: Nothing
Found FFI for Data.Either.Nested at: Nothing
BindingGroup: Data_Enum_Gen_genBoundedEnum type: ConstrainedType(TypeApp(TypeVar(m), [...])) vars: a, m
FUNCTION Data_Enum_Gen_genBoundedEnum args: 2 extracted: Just
findFfiFile [Data.Enum.Gen] -> null
Found FFI for Data.Enum.Gen at: Nothing
Found FFI for Data.Enum.Gen at: Nothing
BindingGroup: Data_Enum_Generic_genericBoundedEnumArgument type: ConstrainedType(Other) vars: a
FUNCTION Data_Enum_Generic_genericBoundedEnumArgument args: 1 extracted: Just
BindingGroup: Data_Enum_Generic_genericBoundedEnumConstructor type: ConstrainedType(Other) vars: a
FUNCTION Data_Enum_Generic_genericBoundedEnumConstructor args: 1 extracted: Just
BindingGroup: Data_Enum_Generic_genericBoundedEnumNoArguments type: Other vars: 
BindingGroup: Data_Enum_Generic_genericBoundedEnumProduct type: ConstrainedType(Other) vars: a, b
UNSAFE_COERCE GENERATED: expStr=b actStr=a expTy=TypeVar(b) actTy=TypeVar(a)
UNSAFE_COERCE GENERATED: expStr=b actStr=std::rc::Rc<Purs_Data_Generic_Rep::Product> expTy=TypeVar(b) actTy=Other
UNSAFE_COERCE GENERATED: expStr=a actStr=b expTy=TypeVar(a) actTy=TypeVar(b)
FUNCTION Data_Enum_Generic_genericBoundedEnumProduct args: 2 extracted: Just
BindingGroup: Data_Enum_Generic_genericBoundedEnumSum type: ConstrainedType(Other) vars: a, b
UNSAFE_COERCE GENERATED: expStr=b actStr=a expTy=TypeVar(b) actTy=TypeVar(a)
UNSAFE_COERCE GENERATED: expStr=a actStr=std::rc::Rc<Purs_Data_Generic_Rep::Sum> expTy=TypeVar(a) actTy=Other
UNSAFE_COERCE GENERATED: expStr=a actStr=std::rc::Rc<Purs_Data_Generic_Rep::Sum> expTy=TypeVar(a) actTy=Other
FUNCTION Data_Enum_Generic_genericBoundedEnumSum args: 2 extracted: Just
BindingGroup: Data_Enum_Generic_genericCardinality type: ConstrainedType(TypeApp(Int, [...])) vars: a, rep
FUNCTION Data_Enum_Generic_genericCardinality args: 2 extracted: Just
BindingGroup: Data_Enum_Generic_genericCardinality_prime type: ForAll(ConstrainedType(TypeApp(Int, [...]))) vars: 
FUNCTION Data_Enum_Generic_genericCardinality_prime args: 1 extracted: Just
BindingGroup: Data_Enum_Generic_genericEnumArgument type: ConstrainedType(Other) vars: a
FUNCTION Data_Enum_Generic_genericEnumArgument args: 1 extracted: Just
BindingGroup: Data_Enum_Generic_genericEnumConstructor type: ConstrainedType(Other) vars: a
FUNCTION Data_Enum_Generic_genericEnumConstructor args: 1 extracted: Just
BindingGroup: Data_Enum_Generic_genericEnumNoArguments type: Other vars: 
BindingGroup: Data_Enum_Generic_genericEnumProduct type: ConstrainedType(Other) vars: a, b
UNSAFE_COERCE GENERATED: expStr=b actStr=a expTy=TypeVar(b) actTy=TypeVar(a)
UNSAFE_COERCE GENERATED: expStr=a actStr=std::rc::Rc<Purs_Data_Generic_Rep::Product> expTy=TypeVar(a) actTy=Other
UNSAFE_COERCE GENERATED: expStr=b actStr=a expTy=TypeVar(b) actTy=TypeVar(a)
UNSAFE_COERCE GENERATED: expStr=a actStr=std::rc::Rc<Purs_Data_Generic_Rep::Product> expTy=TypeVar(a) actTy=Other
FUNCTION Data_Enum_Generic_genericEnumProduct args: 6 extracted: Just
BindingGroup: Data_Enum_Generic_genericEnumSum type: ConstrainedType(Other) vars: a, b
UNSAFE_COERCE GENERATED: expStr=a actStr=std::rc::Rc<Purs_Data_Generic_Rep::Sum> expTy=TypeVar(a) actTy=Other
UNSAFE_COERCE GENERATED: expStr=a actStr=std::rc::Rc<Purs_Data_Generic_Rep::Sum> expTy=TypeVar(a) actTy=Other
UNSAFE_COERCE GENERATED: expStr=b actStr=a expTy=TypeVar(b) actTy=TypeVar(a)
UNSAFE_COERCE GENERATED: expStr=a actStr=std::rc::Rc<Purs_Data_Generic_Rep::Sum> expTy=TypeVar(a) actTy=Other
UNSAFE_COERCE GENERATED: expStr=a actStr=std::rc::Rc<Purs_Data_Generic_Rep::Sum> expTy=TypeVar(a) actTy=Other
UNSAFE_COERCE GENERATED: expStr=a actStr=std::rc::Rc<Purs_Data_Generic_Rep::Sum> expTy=TypeVar(a) actTy=Other
UNSAFE_COERCE GENERATED: expStr=b actStr=a expTy=TypeVar(b) actTy=TypeVar(a)
UNSAFE_COERCE GENERATED: expStr=a actStr=std::rc::Rc<Purs_Data_Generic_Rep::Sum> expTy=TypeVar(a) actTy=Other
FUNCTION Data_Enum_Generic_genericEnumSum args: 4 extracted: Just
BindingGroup: Data_Enum_Generic_genericFromEnum type: ConstrainedType(Func) vars: a, rep
FUNCTION Data_Enum_Generic_genericFromEnum args: 3 extracted: Just
BindingGroup: Data_Enum_Generic_genericFromEnum_prime type: ForAll(ConstrainedType(Func)) vars: 
FUNCTION Data_Enum_Generic_genericFromEnum_prime args: 2 extracted: Nothing
BindingGroup: Data_Enum_Generic_genericPred type: ConstrainedType(Func) vars: a, rep
UNSAFE_COERCE GENERATED: expStr=rep actStr=a expTy=TypeVar(rep) actTy=TypeVar(a)
FUNCTION Data_Enum_Generic_genericPred args: 3 extracted: Just
BindingGroup: Data_Enum_Generic_genericPred_prime type: ForAll(ConstrainedType(Func)) vars: 
FUNCTION Data_Enum_Generic_genericPred_prime args: 2 extracted: Nothing
BindingGroup: Data_Enum_Generic_genericSucc type: ConstrainedType(Func) vars: a, rep
UNSAFE_COERCE GENERATED: expStr=rep actStr=a expTy=TypeVar(rep) actTy=TypeVar(a)
FUNCTION Data_Enum_Generic_genericSucc args: 3 extracted: Just
BindingGroup: Data_Enum_Generic_genericSucc_prime type: ForAll(ConstrainedType(Func)) vars: 
FUNCTION Data_Enum_Generic_genericSucc_prime args: 2 extracted: Nothing
BindingGroup: Data_Enum_Generic_genericToEnum type: ConstrainedType(Func) vars: a, rep
UNSAFE_COERCE GENERATED: expStr=rep actStr=a expTy=TypeVar(rep) actTy=TypeVar(a)
FUNCTION Data_Enum_Generic_genericToEnum args: 3 extracted: Just
BindingGroup: Data_Enum_Generic_genericToEnum_prime type: ForAll(ConstrainedType(Func)) vars: 
FUNCTION Data_Enum_Generic_genericToEnum_prime args: 2 extracted: Nothing
findFfiFile [Data.Enum.Generic] -> null
Found FFI for Data.Enum.Generic at: Nothing
Found FFI for Data.Enum.Generic at: Nothing
BindingGroup: Data_Eq_Generic_genericEq type: ConstrainedType(Func) vars: a, rep
FUNCTION Data_Eq_Generic_genericEq args: 4 extracted: Just
BindingGroup: Data_Eq_Generic_genericEqSum type: ConstrainedType(Other) vars: a, b
FUNCTION Data_Eq_Generic_genericEqSum args: 2 extracted: Just
BindingGroup: Data_Eq_Generic_genericEqProduct type: ConstrainedType(Other) vars: a, b
FUNCTION Data_Eq_Generic_genericEqProduct args: 2 extracted: Just
BindingGroup: Data_Eq_Generic_genericEqConstructor type: ConstrainedType(Other) vars: a
FUNCTION Data_Eq_Generic_genericEqConstructor args: 1 extracted: Just
BindingGroup: Data_Eq_Generic_genericEq_prime type: ForAll(ConstrainedType(Func)) vars: 
FUNCTION Data_Eq_Generic_genericEq_prime args: 3 extracted: Nothing
BindingGroup: Data_Eq_Generic_genericEqArgument type: ConstrainedType(Other) vars: a
FUNCTION Data_Eq_Generic_genericEqArgument args: 1 extracted: Just
BindingGroup: Data_Eq_Generic_genericEqNoArguments type: Other vars: 
BindingGroup: Data_Eq_Generic_genericEqNoConstructors type: Other vars: 
findFfiFile [Data.Eq.Generic] -> null
Found FFI for Data.Eq.Generic at: Nothing
Found FFI for Data.Eq.Generic at: Nothing
BindingGroup: Data_Exists_mkExists type: Func vars: a, f
VAR UNSAFE_COERCE: ty=Func genTy=ForAll(Func) mKeys=(fromFoldable ["a","b"]) mVals=TypeApp(TypeVar(f), [...]),TypeApp(Other, [...])
FUNCTION Data_Exists_mkExists args: 1 extracted: Nothing
BindingGroup: Data_Exists_runExists type: Func vars: f, r
VAR UNSAFE_COERCE: ty=Func genTy=ForAll(Func) mKeys=(fromFoldable ["a","b"]) mVals=ForAll(Func),TypeVar(r)
BOXUNBOX UNSAFE_COERCE: expStr=purust_core::Func2<purust_core::Func1<crate::UnknownType, r>, std::rc::Rc<crate::Exists<f>>, r> actStr=purust_core::Func1<purust_core::Func1<crate::UnknownType, r>, r> ty=Func actTy=Func
FUNCTION Data_Exists_runExists args: 2 extracted: Nothing
findFfiFile [Data.Exists] -> null
Found FFI for Data.Exists at: Nothing
Found FFI for Data.Exists at: Nothing
BindingGroup: Data_Functor_Coproduct_Inject_injectRight type: ConstrainedType(TypeApp(Other, [...])) vars: a, f, g, h
FUNCTION Data_Functor_Coproduct_Inject_injectRight args: 1 extracted: Just
BindingGroup: Data_Functor_Coproduct_Inject_inj type: ForAll(ConstrainedType(Func)) vars: 
FUNCTION Data_Functor_Coproduct_Inject_inj args: 2 extracted: Nothing
BindingGroup: Data_Functor_Coproduct_Inject_injectLeft type: TypeApp(Other, [...]) vars: a, f, g
BindingGroup: Data_Functor_Coproduct_Inject_injectReflexive type: TypeApp(Other, [...]) vars: f
BindingGroup: Data_Functor_Coproduct_Inject_prj type: ForAll(ConstrainedType(Func)) vars: 
FUNCTION Data_Functor_Coproduct_Inject_prj args: 2 extracted: Nothing
findFfiFile [Data.Functor.Coproduct.Inject] -> null
Found FFI for Data.Functor.Coproduct.Inject at: Nothing
Found FFI for Data.Functor.Coproduct.Inject at: Nothing
BindingGroup: Data_Functor_Coproduct_Nested_at1 type: Func vars: a, f, g, r, x, z
FUNCTION Data_Functor_Coproduct_Nested_at1 args: 3 extracted: Just
BindingGroup: Data_Functor_Coproduct_Nested_at10 type: Func vars: a, b, c, d, e, f, g, h, i, j, r, x, z
UNSAFE_COERCE GENERATED: expStr=std::rc::Rc<Purs_Data_Either::Either> actStr=b expTy=Other actTy=TypeVar(b)
UNSAFE_COERCE GENERATED: expStr=std::rc::Rc<Purs_Data_Either::Either> actStr=b expTy=Other actTy=TypeVar(b)
UNSAFE_COERCE GENERATED: expStr=std::rc::Rc<Purs_Data_Either::Either> actStr=b expTy=Other actTy=TypeVar(b)
UNSAFE_COERCE GENERATED: expStr=std::rc::Rc<Purs_Data_Either::Either> actStr=b expTy=Other actTy=TypeVar(b)
UNSAFE_COERCE GENERATED: expStr=std::rc::Rc<Purs_Data_Either::Either> actStr=b expTy=Other actTy=TypeVar(b)
UNSAFE_COERCE GENERATED: expStr=std::rc::Rc<Purs_Data_Either::Either> actStr=b expTy=Other actTy=TypeVar(b)
UNSAFE_COERCE GENERATED: expStr=std::rc::Rc<Purs_Data_Either::Either> actStr=b expTy=Other actTy=TypeVar(b)
UNSAFE_COERCE GENERATED: expStr=std::rc::Rc<Purs_Data_Either::Either> actStr=b expTy=Other actTy=TypeVar(b)
UNSAFE_COERCE GENERATED: expStr=std::rc::Rc<Purs_Data_Either::Either> actStr=b expTy=Other actTy=TypeVar(b)
UNSAFE_COERCE GENERATED: expStr=std::rc::Rc<Purs_Data_Either::Either> actStr=b expTy=Other actTy=TypeVar(b)
UNSAFE_COERCE GENERATED: expStr=std::rc::Rc<Purs_Data_Either::Either> actStr=b expTy=Other actTy=TypeVar(b)
UNSAFE_COERCE GENERATED: expStr=std::rc::Rc<Purs_Data_Either::Either> actStr=b expTy=Other actTy=TypeVar(b)
UNSAFE_COERCE GENERATED: expStr=std::rc::Rc<Purs_Data_Either::Either> actStr=b expTy=Other actTy=TypeVar(b)
UNSAFE_COERCE GENERATED: expStr=std::rc::Rc<Purs_Data_Either::Either> actStr=b expTy=Other actTy=TypeVar(b)
UNSAFE_COERCE GENERATED: expStr=std::rc::Rc<Purs_Data_Either::Either> actStr=b expTy=Other actTy=TypeVar(b)
UNSAFE_COERCE GENERATED: expStr=std::rc::Rc<Purs_Data_Either::Either> actStr=b expTy=Other actTy=TypeVar(b)
UNSAFE_COERCE GENERATED: expStr=std::rc::Rc<Purs_Data_Either::Either> actStr=b expTy=Other actTy=TypeVar(b)
UNSAFE_COERCE GENERATED: expStr=std::rc::Rc<Purs_Data_Either::Either> actStr=b expTy=Other actTy=TypeVar(b)
UNSAFE_COERCE GENERATED: expStr=std::rc::Rc<Purs_Data_Either::Either> actStr=b expTy=Other actTy=TypeVar(b)
UNSAFE_COERCE GENERATED: expStr=std::rc::Rc<Purs_Data_Either::Either> actStr=b expTy=Other actTy=TypeVar(b)
UNSAFE_COERCE GENERATED: expStr=std::rc::Rc<Purs_Data_Either::Either> actStr=b expTy=Other actTy=TypeVar(b)
UNSAFE_COERCE GENERATED: expStr=std::rc::Rc<Purs_Data_Either::Either> actStr=b expTy=Other actTy=TypeVar(b)
UNSAFE_COERCE GENERATED: expStr=std::rc::Rc<Purs_Data_Either::Either> actStr=b expTy=Other actTy=TypeVar(b)
UNSAFE_COERCE GENERATED: expStr=std::rc::Rc<Purs_Data_Either::Either> actStr=b expTy=Other actTy=TypeVar(b)
UNSAFE_COERCE GENERATED: expStr=std::rc::Rc<Purs_Data_Either::Either> actStr=b expTy=Other actTy=TypeVar(b)
UNSAFE_COERCE GENERATED: expStr=std::rc::Rc<Purs_Data_Either::Either> actStr=b expTy=Other actTy=TypeVar(b)
UNSAFE_COERCE GENERATED: expStr=std::rc::Rc<Purs_Data_Either::Either> actStr=b expTy=Other actTy=TypeVar(b)
UNSAFE_COERCE GENERATED: expStr=std::rc::Rc<Purs_Data_Either::Either> actStr=b expTy=Other actTy=TypeVar(b)
UNSAFE_COERCE GENERATED: expStr=std::rc::Rc<Purs_Data_Either::Either> actStr=b expTy=Other actTy=TypeVar(b)
UNSAFE_COERCE GENERATED: expStr=std::rc::Rc<Purs_Data_Either::Either> actStr=b expTy=Other actTy=TypeVar(b)
UNSAFE_COERCE GENERATED: expStr=std::rc::Rc<Purs_Data_Either::Either> actStr=b expTy=Other actTy=TypeVar(b)
UNSAFE_COERCE GENERATED: expStr=std::rc::Rc<Purs_Data_Either::Either> actStr=b expTy=Other actTy=TypeVar(b)
UNSAFE_COERCE GENERATED: expStr=std::rc::Rc<Purs_Data_Either::Either> actStr=b expTy=Other actTy=TypeVar(b)
UNSAFE_COERCE GENERATED: expStr=std::rc::Rc<Purs_Data_Either::Either> actStr=b expTy=Other actTy=TypeVar(b)
UNSAFE_COERCE GENERATED: expStr=std::rc::Rc<Purs_Data_Either::Either> actStr=b expTy=Other actTy=TypeVar(b)
UNSAFE_COERCE GENERATED: expStr=std::rc::Rc<Purs_Data_Either::Either> actStr=b expTy=Other actTy=TypeVar(b)
UNSAFE_COERCE GENERATED: expStr=std::rc::Rc<Purs_Data_Either::Either> actStr=b expTy=Other actTy=TypeVar(b)
UNSAFE_COERCE GENERATED: expStr=std::rc::Rc<Purs_Data_Either::Either> actStr=b expTy=Other actTy=TypeVar(b)
UNSAFE_COERCE GENERATED: expStr=std::rc::Rc<Purs_Data_Either::Either> actStr=b expTy=Other actTy=TypeVar(b)
UNSAFE_COERCE GENERATED: expStr=std::rc::Rc<Purs_Data_Either::Either> actStr=b expTy=Other actTy=TypeVar(b)
UNSAFE_COERCE GENERATED: expStr=std::rc::Rc<Purs_Data_Either::Either> actStr=b expTy=Other actTy=TypeVar(b)
UNSAFE_COERCE GENERATED: expStr=std::rc::Rc<Purs_Data_Either::Either> actStr=b expTy=Other actTy=TypeVar(b)
UNSAFE_COERCE GENERATED: expStr=std::rc::Rc<Purs_Data_Either::Either> actStr=b expTy=Other actTy=TypeVar(b)
UNSAFE_COERCE GENERATED: expStr=std::rc::Rc<Purs_Data_Either::Either> actStr=b expTy=Other actTy=TypeVar(b)
UNSAFE_COERCE GENERATED: expStr=std::rc::Rc<Purs_Data_Either::Either> actStr=b expTy=Other actTy=TypeVar(b)
FUNCTION Data_Functor_Coproduct_Nested_at10 args: 3 extracted: Just
BindingGroup: Data_Functor_Coproduct_Nested_at2 type: Func vars: a, b, f, g, r, x, z
UNSAFE_COERCE GENERATED: expStr=std::rc::Rc<Purs_Data_Either::Either> actStr=b expTy=Other actTy=TypeVar(b)
FUNCTION Data_Functor_Coproduct_Nested_at2 args: 3 extracted: Just
BindingGroup: Data_Functor_Coproduct_Nested_at3 type: Func vars: a, b, c, f, g, r, x, z
UNSAFE_COERCE GENERATED: expStr=std::rc::Rc<Purs_Data_Either::Either> actStr=b expTy=Other actTy=TypeVar(b)
UNSAFE_COERCE GENERATED: expStr=std::rc::Rc<Purs_Data_Either::Either> actStr=b expTy=Other actTy=TypeVar(b)
UNSAFE_COERCE GENERATED: expStr=std::rc::Rc<Purs_Data_Either::Either> actStr=b expTy=Other actTy=TypeVar(b)
FUNCTION Data_Functor_Coproduct_Nested_at3 args: 3 extracted: Just
BindingGroup: Data_Functor_Coproduct_Nested_at4 type: Func vars: a, b, c, d, f, g, r, x, z
UNSAFE_COERCE GENERATED: expStr=std::rc::Rc<Purs_Data_Either::Either> actStr=b expTy=Other actTy=TypeVar(b)
UNSAFE_COERCE GENERATED: expStr=std::rc::Rc<Purs_Data_Either::Either> actStr=b expTy=Other actTy=TypeVar(b)
UNSAFE_COERCE GENERATED: expStr=std::rc::Rc<Purs_Data_Either::Either> actStr=b expTy=Other actTy=TypeVar(b)
UNSAFE_COERCE GENERATED: expStr=std::rc::Rc<Purs_Data_Either::Either> actStr=b expTy=Other actTy=TypeVar(b)
UNSAFE_COERCE GENERATED: expStr=std::rc::Rc<Purs_Data_Either::Either> actStr=b expTy=Other actTy=TypeVar(b)
UNSAFE_COERCE GENERATED: expStr=std::rc::Rc<Purs_Data_Either::Either> actStr=b expTy=Other actTy=TypeVar(b)
FUNCTION Data_Functor_Coproduct_Nested_at4 args: 3 extracted: Just
BindingGroup: Data_Functor_Coproduct_Nested_at5 type: Func vars: a, b, c, d, e, f, g, r, x, z
UNSAFE_COERCE GENERATED: expStr=std::rc::Rc<Purs_Data_Either::Either> actStr=b expTy=Other actTy=TypeVar(b)
UNSAFE_COERCE GENERATED: expStr=std::rc::Rc<Purs_Data_Either::Either> actStr=b expTy=Other actTy=TypeVar(b)
UNSAFE_COERCE GENERATED: expStr=std::rc::Rc<Purs_Data_Either::Either> actStr=b expTy=Other actTy=TypeVar(b)
UNSAFE_COERCE GENERATED: expStr=std::rc::Rc<Purs_Data_Either::Either> actStr=b expTy=Other actTy=TypeVar(b)
UNSAFE_COERCE GENERATED: expStr=std::rc::Rc<Purs_Data_Either::Either> actStr=b expTy=Other actTy=TypeVar(b)
UNSAFE_COERCE GENERATED: expStr=std::rc::Rc<Purs_Data_Either::Either> actStr=b expTy=Other actTy=TypeVar(b)
UNSAFE_COERCE GENERATED: expStr=std::rc::Rc<Purs_Data_Either::Either> actStr=b expTy=Other actTy=TypeVar(b)
UNSAFE_COERCE GENERATED: expStr=std::rc::Rc<Purs_Data_Either::Either> actStr=b expTy=Other actTy=TypeVar(b)
UNSAFE_COERCE GENERATED: expStr=std::rc::Rc<Purs_Data_Either::Either> actStr=b expTy=Other actTy=TypeVar(b)
UNSAFE_COERCE GENERATED: expStr=std::rc::Rc<Purs_Data_Either::Either> actStr=b expTy=Other actTy=TypeVar(b)
FUNCTION Data_Functor_Coproduct_Nested_at5 args: 3 extracted: Just
BindingGroup: Data_Functor_Coproduct_Nested_at6 type: Func vars: a, b, c, d, e, f, g, r, x, z
UNSAFE_COERCE GENERATED: expStr=std::rc::Rc<Purs_Data_Either::Either> actStr=b expTy=Other actTy=TypeVar(b)
UNSAFE_COERCE GENERATED: expStr=std::rc::Rc<Purs_Data_Either::Either> actStr=b expTy=Other actTy=TypeVar(b)
UNSAFE_COERCE GENERATED: expStr=std::rc::Rc<Purs_Data_Either::Either> actStr=b expTy=Other actTy=TypeVar(b)
UNSAFE_COERCE GENERATED: expStr=std::rc::Rc<Purs_Data_Either::Either> actStr=b expTy=Other actTy=TypeVar(b)
UNSAFE_COERCE GENERATED: expStr=std::rc::Rc<Purs_Data_Either::Either> actStr=b expTy=Other actTy=TypeVar(b)
UNSAFE_COERCE GENERATED: expStr=std::rc::Rc<Purs_Data_Either::Either> actStr=b expTy=Other actTy=TypeVar(b)
UNSAFE_COERCE GENERATED: expStr=std::rc::Rc<Purs_Data_Either::Either> actStr=b expTy=Other actTy=TypeVar(b)
UNSAFE_COERCE GENERATED: expStr=std::rc::Rc<Purs_Data_Either::Either> actStr=b expTy=Other actTy=TypeVar(b)
UNSAFE_COERCE GENERATED: expStr=std::rc::Rc<Purs_Data_Either::Either> actStr=b expTy=Other actTy=TypeVar(b)
UNSAFE_COERCE GENERATED: expStr=std::rc::Rc<Purs_Data_Either::Either> actStr=b expTy=Other actTy=TypeVar(b)
UNSAFE_COERCE GENERATED: expStr=std::rc::Rc<Purs_Data_Either::Either> actStr=b expTy=Other actTy=TypeVar(b)
UNSAFE_COERCE GENERATED: expStr=std::rc::Rc<Purs_Data_Either::Either> actStr=b expTy=Other actTy=TypeVar(b)
UNSAFE_COERCE GENERATED: expStr=std::rc::Rc<Purs_Data_Either::Either> actStr=b expTy=Other actTy=TypeVar(b)
UNSAFE_COERCE GENERATED: expStr=std::rc::Rc<Purs_Data_Either::Either> actStr=b expTy=Other actTy=TypeVar(b)
UNSAFE_COERCE GENERATED: expStr=std::rc::Rc<Purs_Data_Either::Either> actStr=b expTy=Other actTy=TypeVar(b)
FUNCTION Data_Functor_Coproduct_Nested_at6 args: 3 extracted: Just
BindingGroup: Data_Functor_Coproduct_Nested_at7 type: Func vars: a, b, c, d, e, f, g, r, x, z
UNSAFE_COERCE GENERATED: expStr=std::rc::Rc<Purs_Data_Either::Either> actStr=b expTy=Other actTy=TypeVar(b)
UNSAFE_COERCE GENERATED: expStr=std::rc::Rc<Purs_Data_Either::Either> actStr=b expTy=Other actTy=TypeVar(b)
UNSAFE_COERCE GENERATED: expStr=std::rc::Rc<Purs_Data_Either::Either> actStr=b expTy=Other actTy=TypeVar(b)
UNSAFE_COERCE GENERATED: expStr=std::rc::Rc<Purs_Data_Either::Either> actStr=b expTy=Other actTy=TypeVar(b)
UNSAFE_COERCE GENERATED: expStr=std::rc::Rc<Purs_Data_Either::Either> actStr=b expTy=Other actTy=TypeVar(b)
UNSAFE_COERCE GENERATED: expStr=std::rc::Rc<Purs_Data_Either::Either> actStr=b expTy=Other actTy=TypeVar(b)
UNSAFE_COERCE GENERATED: expStr=std::rc::Rc<Purs_Data_Either::Either> actStr=b expTy=Other actTy=TypeVar(b)
UNSAFE_COERCE GENERATED: expStr=std::rc::Rc<Purs_Data_Either::Either> actStr=b expTy=Other actTy=TypeVar(b)
UNSAFE_COERCE GENERATED: expStr=std::rc::Rc<Purs_Data_Either::Either> actStr=b expTy=Other actTy=TypeVar(b)
UNSAFE_COERCE GENERATED: expStr=std::rc::Rc<Purs_Data_Either::Either> actStr=b expTy=Other actTy=TypeVar(b)
UNSAFE_COERCE GENERATED: expStr=std::rc::Rc<Purs_Data_Either::Either> actStr=b expTy=Other actTy=TypeVar(b)
UNSAFE_COERCE GENERATED: expStr=std::rc::Rc<Purs_Data_Either::Either> actStr=b expTy=Other actTy=TypeVar(b)
UNSAFE_COERCE GENERATED: expStr=std::rc::Rc<Purs_Data_Either::Either> actStr=b expTy=Other actTy=TypeVar(b)
UNSAFE_COERCE GENERATED: expStr=std::rc::Rc<Purs_Data_Either::Either> actStr=b expTy=Other actTy=TypeVar(b)
UNSAFE_COERCE GENERATED: expStr=std::rc::Rc<Purs_Data_Either::Either> actStr=b expTy=Other actTy=TypeVar(b)
UNSAFE_COERCE GENERATED: expStr=std::rc::Rc<Purs_Data_Either::Either> actStr=b expTy=Other actTy=TypeVar(b)
UNSAFE_COERCE GENERATED: expStr=std::rc::Rc<Purs_Data_Either::Either> actStr=b expTy=Other actTy=TypeVar(b)
UNSAFE_COERCE GENERATED: expStr=std::rc::Rc<Purs_Data_Either::Either> actStr=b expTy=Other actTy=TypeVar(b)
UNSAFE_COERCE GENERATED: expStr=std::rc::Rc<Purs_Data_Either::Either> actStr=b expTy=Other actTy=TypeVar(b)
UNSAFE_COERCE GENERATED: expStr=std::rc::Rc<Purs_Data_Either::Either> actStr=b expTy=Other actTy=TypeVar(b)
UNSAFE_COERCE GENERATED: expStr=std::rc::Rc<Purs_Data_Either::Either> actStr=b expTy=Other actTy=TypeVar(b)
FUNCTION Data_Functor_Coproduct_Nested_at7 args: 3 extracted: Just
BindingGroup: Data_Functor_Coproduct_Nested_at8 type: Func vars: a, b, c, d, e, f, g, h, r, x, z
UNSAFE_COERCE GENERATED: expStr=std::rc::Rc<Purs_Data_Either::Either> actStr=b expTy=Other actTy=TypeVar(b)
UNSAFE_COERCE GENERATED: expStr=std::rc::Rc<Purs_Data_Either::Either> actStr=b expTy=Other actTy=TypeVar(b)
UNSAFE_COERCE GENERATED: expStr=std::rc::Rc<Purs_Data_Either::Either> actStr=b expTy=Other actTy=TypeVar(b)
UNSAFE_COERCE GENERATED: expStr=std::rc::Rc<Purs_Data_Either::Either> actStr=b expTy=Other actTy=TypeVar(b)
UNSAFE_COERCE GENERATED: expStr=std::rc::Rc<Purs_Data_Either::Either> actStr=b expTy=Other actTy=TypeVar(b)
UNSAFE_COERCE GENERATED: expStr=std::rc::Rc<Purs_Data_Either::Either> actStr=b expTy=Other actTy=TypeVar(b)
UNSAFE_COERCE GENERATED: expStr=std::rc::Rc<Purs_Data_Either::Either> actStr=b expTy=Other actTy=TypeVar(b)
UNSAFE_COERCE GENERATED: expStr=std::rc::Rc<Purs_Data_Either::Either> actStr=b expTy=Other actTy=TypeVar(b)
UNSAFE_COERCE GENERATED: expStr=std::rc::Rc<Purs_Data_Either::Either> actStr=b expTy=Other actTy=TypeVar(b)
UNSAFE_COERCE GENERATED: expStr=std::rc::Rc<Purs_Data_Either::Either> actStr=b expTy=Other actTy=TypeVar(b)
UNSAFE_COERCE GENERATED: expStr=std::rc::Rc<Purs_Data_Either::Either> actStr=b expTy=Other actTy=TypeVar(b)
UNSAFE_COERCE GENERATED: expStr=std::rc::Rc<Purs_Data_Either::Either> actStr=b expTy=Other actTy=TypeVar(b)
UNSAFE_COERCE GENERATED: expStr=std::rc::Rc<Purs_Data_Either::Either> actStr=b expTy=Other actTy=TypeVar(b)
UNSAFE_COERCE GENERATED: expStr=std::rc::Rc<Purs_Data_Either::Either> actStr=b expTy=Other actTy=TypeVar(b)
UNSAFE_COERCE GENERATED: expStr=std::rc::Rc<Purs_Data_Either::Either> actStr=b expTy=Other actTy=TypeVar(b)
UNSAFE_COERCE GENERATED: expStr=std::rc::Rc<Purs_Data_Either::Either> actStr=b expTy=Other actTy=TypeVar(b)
UNSAFE_COERCE GENERATED: expStr=std::rc::Rc<Purs_Data_Either::Either> actStr=b expTy=Other actTy=TypeVar(b)
UNSAFE_COERCE GENERATED: expStr=std::rc::Rc<Purs_Data_Either::Either> actStr=b expTy=Other actTy=TypeVar(b)
UNSAFE_COERCE GENERATED: expStr=std::rc::Rc<Purs_Data_Either::Either> actStr=b expTy=Other actTy=TypeVar(b)
UNSAFE_COERCE GENERATED: expStr=std::rc::Rc<Purs_Data_Either::Either> actStr=b expTy=Other actTy=TypeVar(b)
UNSAFE_COERCE GENERATED: expStr=std::rc::Rc<Purs_Data_Either::Either> actStr=b expTy=Other actTy=TypeVar(b)
UNSAFE_COERCE GENERATED: expStr=std::rc::Rc<Purs_Data_Either::Either> actStr=b expTy=Other actTy=TypeVar(b)
UNSAFE_COERCE GENERATED: expStr=std::rc::Rc<Purs_Data_Either::Either> actStr=b expTy=Other actTy=TypeVar(b)
UNSAFE_COERCE GENERATED: expStr=std::rc::Rc<Purs_Data_Either::Either> actStr=b expTy=Other actTy=TypeVar(b)
UNSAFE_COERCE GENERATED: expStr=std::rc::Rc<Purs_Data_Either::Either> actStr=b expTy=Other actTy=TypeVar(b)
UNSAFE_COERCE GENERATED: expStr=std::rc::Rc<Purs_Data_Either::Either> actStr=b expTy=Other actTy=TypeVar(b)
UNSAFE_COERCE GENERATED: expStr=std::rc::Rc<Purs_Data_Either::Either> actStr=b expTy=Other actTy=TypeVar(b)
UNSAFE_COERCE GENERATED: expStr=std::rc::Rc<Purs_Data_Either::Either> actStr=b expTy=Other actTy=TypeVar(b)
FUNCTION Data_Functor_Coproduct_Nested_at8 args: 3 extracted: Just
BindingGroup: Data_Functor_Coproduct_Nested_at9 type: Func vars: a, b, c, d, e, f, g, h, i, r, x, z
UNSAFE_COERCE GENERATED: expStr=std::rc::Rc<Purs_Data_Either::Either> actStr=b expTy=Other actTy=TypeVar(b)
UNSAFE_COERCE GENERATED: expStr=std::rc::Rc<Purs_Data_Either::Either> actStr=b expTy=Other actTy=TypeVar(b)
UNSAFE_COERCE GENERATED: expStr=std::rc::Rc<Purs_Data_Either::Either> actStr=b expTy=Other actTy=TypeVar(b)
UNSAFE_COERCE GENERATED: expStr=std::rc::Rc<Purs_Data_Either::Either> actStr=b expTy=Other actTy=TypeVar(b)
UNSAFE_COERCE GENERATED: expStr=std::rc::Rc<Purs_Data_Either::Either> actStr=b expTy=Other actTy=TypeVar(b)
UNSAFE_COERCE GENERATED: expStr=std::rc::Rc<Purs_Data_Either::Either> actStr=b expTy=Other actTy=TypeVar(b)
UNSAFE_COERCE GENERATED: expStr=std::rc::Rc<Purs_Data_Either::Either> actStr=b expTy=Other actTy=TypeVar(b)
UNSAFE_COERCE GENERATED: expStr=std::rc::Rc<Purs_Data_Either::Either> actStr=b expTy=Other actTy=TypeVar(b)
UNSAFE_COERCE GENERATED: expStr=std::rc::Rc<Purs_Data_Either::Either> actStr=b expTy=Other actTy=TypeVar(b)
UNSAFE_COERCE GENERATED: expStr=std::rc::Rc<Purs_Data_Either::Either> actStr=b expTy=Other actTy=TypeVar(b)
UNSAFE_COERCE GENERATED: expStr=std::rc::Rc<Purs_Data_Either::Either> actStr=b expTy=Other actTy=TypeVar(b)
UNSAFE_COERCE GENERATED: expStr=std::rc::Rc<Purs_Data_Either::Either> actStr=b expTy=Other actTy=TypeVar(b)
UNSAFE_COERCE GENERATED: expStr=std::rc::Rc<Purs_Data_Either::Either> actStr=b expTy=Other actTy=TypeVar(b)
UNSAFE_COERCE GENERATED: expStr=std::rc::Rc<Purs_Data_Either::Either> actStr=b expTy=Other actTy=TypeVar(b)
UNSAFE_COERCE GENERATED: expStr=std::rc::Rc<Purs_Data_Either::Either> actStr=b expTy=Other actTy=TypeVar(b)
UNSAFE_COERCE GENERATED: expStr=std::rc::Rc<Purs_Data_Either::Either> actStr=b expTy=Other actTy=TypeVar(b)
UNSAFE_COERCE GENERATED: expStr=std::rc::Rc<Purs_Data_Either::Either> actStr=b expTy=Other actTy=TypeVar(b)
UNSAFE_COERCE GENERATED: expStr=std::rc::Rc<Purs_Data_Either::Either> actStr=b expTy=Other actTy=TypeVar(b)
UNSAFE_COERCE GENERATED: expStr=std::rc::Rc<Purs_Data_Either::Either> actStr=b expTy=Other actTy=TypeVar(b)
UNSAFE_COERCE GENERATED: expStr=std::rc::Rc<Purs_Data_Either::Either> actStr=b expTy=Other actTy=TypeVar(b)
UNSAFE_COERCE GENERATED: expStr=std::rc::Rc<Purs_Data_Either::Either> actStr=b expTy=Other actTy=TypeVar(b)
UNSAFE_COERCE GENERATED: expStr=std::rc::Rc<Purs_Data_Either::Either> actStr=b expTy=Other actTy=TypeVar(b)
UNSAFE_COERCE GENERATED: expStr=std::rc::Rc<Purs_Data_Either::Either> actStr=b expTy=Other actTy=TypeVar(b)
UNSAFE_COERCE GENERATED: expStr=std::rc::Rc<Purs_Data_Either::Either> actStr=b expTy=Other actTy=TypeVar(b)
UNSAFE_COERCE GENERATED: expStr=std::rc::Rc<Purs_Data_Either::Either> actStr=b expTy=Other actTy=TypeVar(b)
UNSAFE_COERCE GENERATED: expStr=std::rc::Rc<Purs_Data_Either::Either> actStr=b expTy=Other actTy=TypeVar(b)
UNSAFE_COERCE GENERATED: expStr=std::rc::Rc<Purs_Data_Either::Either> actStr=b expTy=Other actTy=TypeVar(b)
UNSAFE_COERCE GENERATED: expStr=std::rc::Rc<Purs_Data_Either::Either> actStr=b expTy=Other actTy=TypeVar(b)
UNSAFE_COERCE GENERATED: expStr=std::rc::Rc<Purs_Data_Either::Either> actStr=b expTy=Other actTy=TypeVar(b)
UNSAFE_COERCE GENERATED: expStr=std::rc::Rc<Purs_Data_Either::Either> actStr=b expTy=Other actTy=TypeVar(b)
UNSAFE_COERCE GENERATED: expStr=std::rc::Rc<Purs_Data_Either::Either> actStr=b expTy=Other actTy=TypeVar(b)
UNSAFE_COERCE GENERATED: expStr=std::rc::Rc<Purs_Data_Either::Either> actStr=b expTy=Other actTy=TypeVar(b)
UNSAFE_COERCE GENERATED: expStr=std::rc::Rc<Purs_Data_Either::Either> actStr=b expTy=Other actTy=TypeVar(b)
UNSAFE_COERCE GENERATED: expStr=std::rc::Rc<Purs_Data_Either::Either> actStr=b expTy=Other actTy=TypeVar(b)
UNSAFE_COERCE GENERATED: expStr=std::rc::Rc<Purs_Data_Either::Either> actStr=b expTy=Other actTy=TypeVar(b)
UNSAFE_COERCE GENERATED: expStr=std::rc::Rc<Purs_Data_Either::Either> actStr=b expTy=Other actTy=TypeVar(b)
FUNCTION Data_Functor_Coproduct_Nested_at9 args: 3 extracted: Just
BindingGroup: Data_Functor_Coproduct_Nested_coproduct1 type: Func vars: a, a0, f, g
FUNCTION Data_Functor_Coproduct_Nested_coproduct1 args: 1 extracted: Just
BindingGroup: Data_Functor_Coproduct_Nested_coproduct10 type: Func vars: a, b, c, d, e, f, g, h, i, j, r, x
UNSAFE_COERCE GENERATED: expStr=std::rc::Rc<Purs_Data_Either::Either> actStr=b expTy=Other actTy=TypeVar(b)
UNSAFE_COERCE GENERATED: expStr=std::rc::Rc<Purs_Data_Either::Either> actStr=b expTy=Other actTy=TypeVar(b)
UNSAFE_COERCE GENERATED: expStr=std::rc::Rc<Purs_Data_Either::Either> actStr=b expTy=Other actTy=TypeVar(b)
UNSAFE_COERCE GENERATED: expStr=std::rc::Rc<Purs_Data_Either::Either> actStr=b expTy=Other actTy=TypeVar(b)
UNSAFE_COERCE GENERATED: expStr=std::rc::Rc<Purs_Data_Either::Either> actStr=b expTy=Other actTy=TypeVar(b)
UNSAFE_COERCE GENERATED: expStr=std::rc::Rc<Purs_Data_Either::Either> actStr=b expTy=Other actTy=TypeVar(b)
UNSAFE_COERCE GENERATED: expStr=std::rc::Rc<Purs_Data_Either::Either> actStr=b expTy=Other actTy=TypeVar(b)
UNSAFE_COERCE GENERATED: expStr=std::rc::Rc<Purs_Data_Either::Either> actStr=b expTy=Other actTy=TypeVar(b)
UNSAFE_COERCE GENERATED: expStr=std::rc::Rc<Purs_Data_Either::Either> actStr=b expTy=Other actTy=TypeVar(b)
UNSAFE_COERCE GENERATED: expStr=std::rc::Rc<Purs_Data_Either::Either> actStr=b expTy=Other actTy=TypeVar(b)
UNSAFE_COERCE GENERATED: expStr=std::rc::Rc<Purs_Data_Either::Either> actStr=b expTy=Other actTy=TypeVar(b)
UNSAFE_COERCE GENERATED: expStr=std::rc::Rc<Purs_Data_Either::Either> actStr=b expTy=Other actTy=TypeVar(b)
UNSAFE_COERCE GENERATED: expStr=std::rc::Rc<Purs_Data_Either::Either> actStr=b expTy=Other actTy=TypeVar(b)
UNSAFE_COERCE GENERATED: expStr=std::rc::Rc<Purs_Data_Either::Either> actStr=b expTy=Other actTy=TypeVar(b)
UNSAFE_COERCE GENERATED: expStr=std::rc::Rc<Purs_Data_Either::Either> actStr=b expTy=Other actTy=TypeVar(b)
UNSAFE_COERCE GENERATED: expStr=std::rc::Rc<Purs_Data_Either::Either> actStr=b expTy=Other actTy=TypeVar(b)
UNSAFE_COERCE GENERATED: expStr=std::rc::Rc<Purs_Data_Either::Either> actStr=b expTy=Other actTy=TypeVar(b)
UNSAFE_COERCE GENERATED: expStr=std::rc::Rc<Purs_Data_Either::Either> actStr=b expTy=Other actTy=TypeVar(b)
UNSAFE_COERCE GENERATED: expStr=std::rc::Rc<Purs_Data_Either::Either> actStr=b expTy=Other actTy=TypeVar(b)
UNSAFE_COERCE GENERATED: expStr=std::rc::Rc<Purs_Data_Either::Either> actStr=b expTy=Other actTy=TypeVar(b)
UNSAFE_COERCE GENERATED: expStr=std::rc::Rc<Purs_Data_Either::Either> actStr=b expTy=Other actTy=TypeVar(b)
UNSAFE_COERCE GENERATED: expStr=std::rc::Rc<Purs_Data_Either::Either> actStr=b expTy=Other actTy=TypeVar(b)
UNSAFE_COERCE GENERATED: expStr=std::rc::Rc<Purs_Data_Either::Either> actStr=b expTy=Other actTy=TypeVar(b)
UNSAFE_COERCE GENERATED: expStr=std::rc::Rc<Purs_Data_Either::Either> actStr=b expTy=Other actTy=TypeVar(b)
UNSAFE_COERCE GENERATED: expStr=std::rc::Rc<Purs_Data_Either::Either> actStr=b expTy=Other actTy=TypeVar(b)
UNSAFE_COERCE GENERATED: expStr=std::rc::Rc<Purs_Data_Either::Either> actStr=b expTy=Other actTy=TypeVar(b)
UNSAFE_COERCE GENERATED: expStr=std::rc::Rc<Purs_Data_Either::Either> actStr=b expTy=Other actTy=TypeVar(b)
UNSAFE_COERCE GENERATED: expStr=std::rc::Rc<Purs_Data_Either::Either> actStr=b expTy=Other actTy=TypeVar(b)
UNSAFE_COERCE GENERATED: expStr=std::rc::Rc<Purs_Data_Either::Either> actStr=b expTy=Other actTy=TypeVar(b)
UNSAFE_COERCE GENERATED: expStr=std::rc::Rc<Purs_Data_Either::Either> actStr=b expTy=Other actTy=TypeVar(b)
UNSAFE_COERCE GENERATED: expStr=std::rc::Rc<Purs_Data_Either::Either> actStr=b expTy=Other actTy=TypeVar(b)
UNSAFE_COERCE GENERATED: expStr=std::rc::Rc<Purs_Data_Either::Either> actStr=b expTy=Other actTy=TypeVar(b)
UNSAFE_COERCE GENERATED: expStr=std::rc::Rc<Purs_Data_Either::Either> actStr=b expTy=Other actTy=TypeVar(b)
UNSAFE_COERCE GENERATED: expStr=std::rc::Rc<Purs_Data_Either::Either> actStr=b expTy=Other actTy=TypeVar(b)
UNSAFE_COERCE GENERATED: expStr=std::rc::Rc<Purs_Data_Either::Either> actStr=b expTy=Other actTy=TypeVar(b)
UNSAFE_COERCE GENERATED: expStr=std::rc::Rc<Purs_Data_Either::Either> actStr=b expTy=Other actTy=TypeVar(b)
UNSAFE_COERCE GENERATED: expStr=std::rc::Rc<Purs_Data_Either::Either> actStr=b expTy=Other actTy=TypeVar(b)
UNSAFE_COERCE GENERATED: expStr=std::rc::Rc<Purs_Data_Either::Either> actStr=b expTy=Other actTy=TypeVar(b)
UNSAFE_COERCE GENERATED: expStr=std::rc::Rc<Purs_Data_Either::Either> actStr=b expTy=Other actTy=TypeVar(b)
UNSAFE_COERCE GENERATED: expStr=std::rc::Rc<Purs_Data_Either::Either> actStr=b expTy=Other actTy=TypeVar(b)
UNSAFE_COERCE GENERATED: expStr=std::rc::Rc<Purs_Data_Either::Either> actStr=b expTy=Other actTy=TypeVar(b)
UNSAFE_COERCE GENERATED: expStr=std::rc::Rc<Purs_Data_Either::Either> actStr=b expTy=Other actTy=TypeVar(b)
UNSAFE_COERCE GENERATED: expStr=std::rc::Rc<Purs_Data_Either::Either> actStr=b expTy=Other actTy=TypeVar(b)
UNSAFE_COERCE GENERATED: expStr=std::rc::Rc<Purs_Data_Either::Either> actStr=b expTy=Other actTy=TypeVar(b)
UNSAFE_COERCE GENERATED: expStr=std::rc::Rc<Purs_Data_Either::Either> actStr=b expTy=Other actTy=TypeVar(b)
UNSAFE_COERCE GENERATED: expStr=std::rc::Rc<Purs_Data_Either::Either> actStr=b expTy=Other actTy=TypeVar(b)
UNSAFE_COERCE GENERATED: expStr=std::rc::Rc<Purs_Data_Either::Either> actStr=b expTy=Other actTy=TypeVar(b)
UNSAFE_COERCE GENERATED: expStr=std::rc::Rc<Purs_Data_Either::Either> actStr=b expTy=Other actTy=TypeVar(b)
UNSAFE_COERCE GENERATED: expStr=std::rc::Rc<Purs_Data_Either::Either> actStr=b expTy=Other actTy=TypeVar(b)
UNSAFE_COERCE GENERATED: expStr=std::rc::Rc<Purs_Data_Either::Either> actStr=b expTy=Other actTy=TypeVar(b)
UNSAFE_COERCE GENERATED: expStr=std::rc::Rc<Purs_Data_Either::Either> actStr=b expTy=Other actTy=TypeVar(b)
UNSAFE_COERCE GENERATED: expStr=std::rc::Rc<Purs_Data_Either::Either> actStr=b expTy=Other actTy=TypeVar(b)
UNSAFE_COERCE GENERATED: expStr=std::rc::Rc<Purs_Data_Either::Either> actStr=b expTy=Other actTy=TypeVar(b)
UNSAFE_COERCE GENERATED: expStr=std::rc::Rc<Purs_Data_Either::Either> actStr=b expTy=Other actTy=TypeVar(b)
UNSAFE_COERCE GENERATED: expStr=std::rc::Rc<Purs_Data_Either::Either> actStr=b expTy=Other actTy=TypeVar(b)
UNSAFE_COERCE GENERATED: expStr=std::rc::Rc<Purs_Data_Either::Either> actStr=b expTy=Other actTy=TypeVar(b)
UNSAFE_COERCE GENERATED: expStr=std::rc::Rc<Purs_Data_Either::Either> actStr=b expTy=Other actTy=TypeVar(b)
UNSAFE_COERCE GENERATED: expStr=std::rc::Rc<Purs_Data_Either::Either> actStr=b expTy=Other actTy=TypeVar(b)
UNSAFE_COERCE GENERATED: expStr=std::rc::Rc<Purs_Data_Either::Either> actStr=b expTy=Other actTy=TypeVar(b)
UNSAFE_COERCE GENERATED: expStr=std::rc::Rc<Purs_Data_Either::Either> actStr=b expTy=Other actTy=TypeVar(b)
UNSAFE_COERCE GENERATED: expStr=std::rc::Rc<Purs_Data_Either::Either> actStr=b expTy=Other actTy=TypeVar(b)
UNSAFE_COERCE GENERATED: expStr=std::rc::Rc<Purs_Data_Either::Either> actStr=b expTy=Other actTy=TypeVar(b)
UNSAFE_COERCE GENERATED: expStr=std::rc::Rc<Purs_Data_Either::Either> actStr=b expTy=Other actTy=TypeVar(b)
UNSAFE_COERCE GENERATED: expStr=std::rc::Rc<Purs_Data_Either::Either> actStr=b expTy=Other actTy=TypeVar(b)
UNSAFE_COERCE GENERATED: expStr=std::rc::Rc<Purs_Data_Either::Either> actStr=b expTy=Other actTy=TypeVar(b)
UNSAFE_COERCE GENERATED: expStr=std::rc::Rc<Purs_Data_Either::Either> actStr=b expTy=Other actTy=TypeVar(b)
UNSAFE_COERCE GENERATED: expStr=std::rc::Rc<Purs_Data_Either::Either> actStr=b expTy=Other actTy=TypeVar(b)
UNSAFE_COERCE GENERATED: expStr=std::rc::Rc<Purs_Data_Either::Either> actStr=b expTy=Other actTy=TypeVar(b)
UNSAFE_COERCE GENERATED: expStr=std::rc::Rc<Purs_Data_Either::Either> actStr=b expTy=Other actTy=TypeVar(b)
UNSAFE_COERCE GENERATED: expStr=std::rc::Rc<Purs_Data_Either::Either> actStr=b expTy=Other actTy=TypeVar(b)
UNSAFE_COERCE GENERATED: expStr=std::rc::Rc<Purs_Data_Either::Either> actStr=b expTy=Other actTy=TypeVar(b)
UNSAFE_COERCE GENERATED: expStr=std::rc::Rc<Purs_Data_Either::Either> actStr=b expTy=Other actTy=TypeVar(b)
UNSAFE_COERCE GENERATED: expStr=std::rc::Rc<Purs_Data_Either::Either> actStr=b expTy=Other actTy=TypeVar(b)
UNSAFE_COERCE GENERATED: expStr=std::rc::Rc<Purs_Data_Either::Either> actStr=b expTy=Other actTy=TypeVar(b)
UNSAFE_COERCE GENERATED: expStr=std::rc::Rc<Purs_Data_Either::Either> actStr=b expTy=Other actTy=TypeVar(b)
UNSAFE_COERCE GENERATED: expStr=std::rc::Rc<Purs_Data_Either::Either> actStr=b expTy=Other actTy=TypeVar(b)
UNSAFE_COERCE GENERATED: expStr=std::rc::Rc<Purs_Data_Either::Either> actStr=b expTy=Other actTy=TypeVar(b)
UNSAFE_COERCE GENERATED: expStr=std::rc::Rc<Purs_Data_Either::Either> actStr=b expTy=Other actTy=TypeVar(b)
UNSAFE_COERCE GENERATED: expStr=std::rc::Rc<Purs_Data_Either::Either> actStr=b expTy=Other actTy=TypeVar(b)
UNSAFE_COERCE GENERATED: expStr=std::rc::Rc<Purs_Data_Either::Either> actStr=b expTy=Other actTy=TypeVar(b)
UNSAFE_COERCE GENERATED: expStr=std::rc::Rc<Purs_Data_Either::Either> actStr=b expTy=Other actTy=TypeVar(b)
UNSAFE_COERCE GENERATED: expStr=std::rc::Rc<Purs_Data_Either::Either> actStr=b expTy=Other actTy=TypeVar(b)
UNSAFE_COERCE GENERATED: expStr=std::rc::Rc<Purs_Data_Either::Either> actStr=b expTy=Other actTy=TypeVar(b)
UNSAFE_COERCE GENERATED: expStr=std::rc::Rc<Purs_Data_Either::Either> actStr=b expTy=Other actTy=TypeVar(b)
UNSAFE_COERCE GENERATED: expStr=std::rc::Rc<Purs_Data_Either::Either> actStr=b expTy=Other actTy=TypeVar(b)
UNSAFE_COERCE GENERATED: expStr=std::rc::Rc<Purs_Data_Either::Either> actStr=b expTy=Other actTy=TypeVar(b)
UNSAFE_COERCE GENERATED: expStr=std::rc::Rc<Purs_Data_Either::Either> actStr=b expTy=Other actTy=TypeVar(b)
UNSAFE_COERCE GENERATED: expStr=std::rc::Rc<Purs_Data_Either::Either> actStr=b expTy=Other actTy=TypeVar(b)
UNSAFE_COERCE GENERATED: expStr=std::rc::Rc<Purs_Data_Either::Either> actStr=b expTy=Other actTy=TypeVar(b)
UNSAFE_COERCE GENERATED: expStr=std::rc::Rc<Purs_Data_Either::Either> actStr=b expTy=Other actTy=TypeVar(b)
UNSAFE_COERCE GENERATED: expStr=std::rc::Rc<Purs_Data_Either::Either> actStr=b expTy=Other actTy=TypeVar(b)
UNSAFE_COERCE GENERATED: expStr=std::rc::Rc<Purs_Data_Either::Either> actStr=b expTy=Other actTy=TypeVar(b)
UNSAFE_COERCE GENERATED: expStr=std::rc::Rc<Purs_Data_Either::Either> actStr=b expTy=Other actTy=TypeVar(b)
UNSAFE_COERCE GENERATED: expStr=std::rc::Rc<Purs_Data_Either::Either> actStr=b expTy=Other actTy=TypeVar(b)
UNSAFE_COERCE GENERATED: expStr=std::rc::Rc<Purs_Data_Either::Either> actStr=b expTy=Other actTy=TypeVar(b)
UNSAFE_COERCE GENERATED: expStr=std::rc::Rc<Purs_Data_Either::Either> actStr=b expTy=Other actTy=TypeVar(b)
UNSAFE_COERCE GENERATED: expStr=std::rc::Rc<Purs_Data_Either::Either> actStr=b expTy=Other actTy=TypeVar(b)
UNSAFE_COERCE GENERATED: expStr=std::rc::Rc<Purs_Data_Either::Either> actStr=b expTy=Other actTy=TypeVar(b)
UNSAFE_COERCE GENERATED: expStr=std::rc::Rc<Purs_Data_Either::Either> actStr=b expTy=Other actTy=TypeVar(b)
UNSAFE_COERCE GENERATED: expStr=std::rc::Rc<Purs_Data_Either::Either> actStr=b expTy=Other actTy=TypeVar(b)
UNSAFE_COERCE GENERATED: expStr=std::rc::Rc<Purs_Data_Either::Either> actStr=b expTy=Other actTy=TypeVar(b)
UNSAFE_COERCE GENERATED: expStr=std::rc::Rc<Purs_Data_Either::Either> actStr=b expTy=Other actTy=TypeVar(b)
UNSAFE_COERCE GENERATED: expStr=std::rc::Rc<Purs_Data_Either::Either> actStr=b expTy=Other actTy=TypeVar(b)
UNSAFE_COERCE GENERATED: expStr=std::rc::Rc<Purs_Data_Either::Either> actStr=b expTy=Other actTy=TypeVar(b)
UNSAFE_COERCE GENERATED: expStr=std::rc::Rc<Purs_Data_Either::Either> actStr=b expTy=Other actTy=TypeVar(b)
UNSAFE_COERCE GENERATED: expStr=std::rc::Rc<Purs_Data_Either::Either> actStr=b expTy=Other actTy=TypeVar(b)
UNSAFE_COERCE GENERATED: expStr=std::rc::Rc<Purs_Data_Either::Either> actStr=b expTy=Other actTy=TypeVar(b)
UNSAFE_COERCE GENERATED: expStr=std::rc::Rc<Purs_Data_Either::Either> actStr=b expTy=Other actTy=TypeVar(b)
UNSAFE_COERCE GENERATED: expStr=std::rc::Rc<Purs_Data_Either::Either> actStr=b expTy=Other actTy=TypeVar(b)
UNSAFE_COERCE GENERATED: expStr=std::rc::Rc<Purs_Data_Either::Either> actStr=b expTy=Other actTy=TypeVar(b)
UNSAFE_COERCE GENERATED: expStr=std::rc::Rc<Purs_Data_Either::Either> actStr=b expTy=Other actTy=TypeVar(b)
UNSAFE_COERCE GENERATED: expStr=std::rc::Rc<Purs_Data_Either::Either> actStr=b expTy=Other actTy=TypeVar(b)
UNSAFE_COERCE GENERATED: expStr=std::rc::Rc<Purs_Data_Either::Either> actStr=b expTy=Other actTy=TypeVar(b)
UNSAFE_COERCE GENERATED: expStr=std::rc::Rc<Purs_Data_Either::Either> actStr=b expTy=Other actTy=TypeVar(b)
UNSAFE_COERCE GENERATED: expStr=std::rc::Rc<Purs_Data_Either::Either> actStr=b expTy=Other actTy=TypeVar(b)
UNSAFE_COERCE GENERATED: expStr=std::rc::Rc<Purs_Data_Either::Either> actStr=b expTy=Other actTy=TypeVar(b)
UNSAFE_COERCE GENERATED: expStr=std::rc::Rc<Purs_Data_Either::Either> actStr=b expTy=Other actTy=TypeVar(b)
UNSAFE_COERCE GENERATED: expStr=std::rc::Rc<Purs_Data_Either::Either> actStr=b expTy=Other actTy=TypeVar(b)
UNSAFE_COERCE GENERATED: expStr=std::rc::Rc<Purs_Data_Either::Either> actStr=b expTy=Other actTy=TypeVar(b)
UNSAFE_COERCE GENERATED: expStr=std::rc::Rc<Purs_Data_Either::Either> actStr=b expTy=Other actTy=TypeVar(b)
UNSAFE_COERCE GENERATED: expStr=std::rc::Rc<Purs_Data_Either::Either> actStr=b expTy=Other actTy=TypeVar(b)
UNSAFE_COERCE GENERATED: expStr=std::rc::Rc<Purs_Data_Either::Either> actStr=b expTy=Other actTy=TypeVar(b)
UNSAFE_COERCE GENERATED: expStr=std::rc::Rc<Purs_Data_Either::Either> actStr=b expTy=Other actTy=TypeVar(b)
UNSAFE_COERCE GENERATED: expStr=std::rc::Rc<Purs_Data_Either::Either> actStr=b expTy=Other actTy=TypeVar(b)
UNSAFE_COERCE GENERATED: expStr=std::rc::Rc<Purs_Data_Either::Either> actStr=b expTy=Other actTy=TypeVar(b)
UNSAFE_COERCE GENERATED: expStr=std::rc::Rc<Purs_Data_Either::Either> actStr=b expTy=Other actTy=TypeVar(b)
UNSAFE_COERCE GENERATED: expStr=purust_core::Void actStr=b expTy=Other actTy=TypeVar(b)
UNSAFE_COERCE GENERATED: expStr=r actStr=a expTy=TypeVar(r) actTy=TypeVar(a)
FUNCTION Data_Functor_Coproduct_Nested_coproduct10 args: 11 extracted: Just
BindingGroup: Data_Functor_Coproduct_Nested_coproduct2 type: Func vars: a, b, f, g, r, x
UNSAFE_COERCE GENERATED: expStr=std::rc::Rc<Purs_Data_Either::Either> actStr=b expTy=Other actTy=TypeVar(b)
UNSAFE_COERCE GENERATED: expStr=std::rc::Rc<Purs_Data_Either::Either> actStr=b expTy=Other actTy=TypeVar(b)
UNSAFE_COERCE GENERATED: expStr=purust_core::Void actStr=b expTy=Other actTy=TypeVar(b)
UNSAFE_COERCE GENERATED: expStr=r actStr=a expTy=TypeVar(r) actTy=TypeVar(a)
FUNCTION Data_Functor_Coproduct_Nested_coproduct2 args: 3 extracted: Just
BindingGroup: Data_Functor_Coproduct_Nested_coproduct3 type: Func vars: a, b, c, f, g, r, x
UNSAFE_COERCE GENERATED: expStr=std::rc::Rc<Purs_Data_Either::Either> actStr=b expTy=Other actTy=TypeVar(b)
UNSAFE_COERCE GENERATED: expStr=std::rc::Rc<Purs_Data_Either::Either> actStr=b expTy=Other actTy=TypeVar(b)
UNSAFE_COERCE GENERATED: expStr=std::rc::Rc<Purs_Data_Either::Either> actStr=b expTy=Other actTy=TypeVar(b)
UNSAFE_COERCE GENERATED: expStr=std::rc::Rc<Purs_Data_Either::Either> actStr=b expTy=Other actTy=TypeVar(b)
UNSAFE_COERCE GENERATED: expStr=std::rc::Rc<Purs_Data_Either::Either> actStr=b expTy=Other actTy=TypeVar(b)
UNSAFE_COERCE GENERATED: expStr=std::rc::Rc<Purs_Data_Either::Either> actStr=b expTy=Other actTy=TypeVar(b)
UNSAFE_COERCE GENERATED: expStr=std::rc::Rc<Purs_Data_Either::Either> actStr=b expTy=Other actTy=TypeVar(b)
UNSAFE_COERCE GENERATED: expStr=purust_core::Void actStr=b expTy=Other actTy=TypeVar(b)
UNSAFE_COERCE GENERATED: expStr=r actStr=a expTy=TypeVar(r) actTy=TypeVar(a)
FUNCTION Data_Functor_Coproduct_Nested_coproduct3 args: 4 extracted: Just
BindingGroup: Data_Functor_Coproduct_Nested_coproduct4 type: Func vars: a, b, c, d, f, g, r, x
UNSAFE_COERCE GENERATED: expStr=std::rc::Rc<Purs_Data_Either::Either> actStr=b expTy=Other actTy=TypeVar(b)
UNSAFE_COERCE GENERATED: expStr=std::rc::Rc<Purs_Data_Either::Either> actStr=b expTy=Other actTy=TypeVar(b)
UNSAFE_COERCE GENERATED: expStr=std::rc::Rc<Purs_Data_Either::Either> actStr=b expTy=Other actTy=TypeVar(b)
UNSAFE_COERCE GENERATED: expStr=std::rc::Rc<Purs_Data_Either::Either> actStr=b expTy=Other actTy=TypeVar(b)
UNSAFE_COERCE GENERATED: expStr=std::rc::Rc<Purs_Data_Either::Either> actStr=b expTy=Other actTy=TypeVar(b)
UNSAFE_COERCE GENERATED: expStr=std::rc::Rc<Purs_Data_Either::Either> actStr=b expTy=Other actTy=TypeVar(b)
UNSAFE_COERCE GENERATED: expStr=std::rc::Rc<Purs_Data_Either::Either> actStr=b expTy=Other actTy=TypeVar(b)
UNSAFE_COERCE GENERATED: expStr=std::rc::Rc<Purs_Data_Either::Either> actStr=b expTy=Other actTy=TypeVar(b)
UNSAFE_COERCE GENERATED: expStr=std::rc::Rc<Purs_Data_Either::Either> actStr=b expTy=Other actTy=TypeVar(b)
UNSAFE_COERCE GENERATED: expStr=std::rc::Rc<Purs_Data_Either::Either> actStr=b expTy=Other actTy=TypeVar(b)
UNSAFE_COERCE GENERATED: expStr=std::rc::Rc<Purs_Data_Either::Either> actStr=b expTy=Other actTy=TypeVar(b)
UNSAFE_COERCE GENERATED: expStr=std::rc::Rc<Purs_Data_Either::Either> actStr=b expTy=Other actTy=TypeVar(b)
UNSAFE_COERCE GENERATED: expStr=std::rc::Rc<Purs_Data_Either::Either> actStr=b expTy=Other actTy=TypeVar(b)
UNSAFE_COERCE GENERATED: expStr=std::rc::Rc<Purs_Data_Either::Either> actStr=b expTy=Other actTy=TypeVar(b)
UNSAFE_COERCE GENERATED: expStr=std::rc::Rc<Purs_Data_Either::Either> actStr=b expTy=Other actTy=TypeVar(b)
UNSAFE_COERCE GENERATED: expStr=purust_core::Void actStr=b expTy=Other actTy=TypeVar(b)
UNSAFE_COERCE GENERATED: expStr=r actStr=a expTy=TypeVar(r) actTy=TypeVar(a)
FUNCTION Data_Functor_Coproduct_Nested_coproduct4 args: 5 extracted: Just
BindingGroup: Data_Functor_Coproduct_Nested_coproduct5 type: Func vars: a, b, c, d, e, f, g, r, x
UNSAFE_COERCE GENERATED: expStr=std::rc::Rc<Purs_Data_Either::Either> actStr=b expTy=Other actTy=TypeVar(b)
UNSAFE_COERCE GENERATED: expStr=std::rc::Rc<Purs_Data_Either::Either> actStr=b expTy=Other actTy=TypeVar(b)
UNSAFE_COERCE GENERATED: expStr=std::rc::Rc<Purs_Data_Either::Either> actStr=b expTy=Other actTy=TypeVar(b)
UNSAFE_COERCE GENERATED: expStr=std::rc::Rc<Purs_Data_Either::Either> actStr=b expTy=Other actTy=TypeVar(b)
UNSAFE_COERCE GENERATED: expStr=std::rc::Rc<Purs_Data_Either::Either> actStr=b expTy=Other actTy=TypeVar(b)
UNSAFE_COERCE GENERATED: expStr=std::rc::Rc<Purs_Data_Either::Either> actStr=b expTy=Other actTy=TypeVar(b)
UNSAFE_COERCE GENERATED: expStr=std::rc::Rc<Purs_Data_Either::Either> actStr=b expTy=Other actTy=TypeVar(b)
UNSAFE_COERCE GENERATED: expStr=std::rc::Rc<Purs_Data_Either::Either> actStr=b expTy=Other actTy=TypeVar(b)
UNSAFE_COERCE GENERATED: expStr=std::rc::Rc<Purs_Data_Either::Either> actStr=b expTy=Other actTy=TypeVar(b)
UNSAFE_COERCE GENERATED: expStr=std::rc::Rc<Purs_Data_Either::Either> actStr=b expTy=Other actTy=TypeVar(b)
UNSAFE_COERCE GENERATED: expStr=std::rc::Rc<Purs_Data_Either::Either> actStr=b expTy=Other actTy=TypeVar(b)
UNSAFE_COERCE GENERATED: expStr=std::rc::Rc<Purs_Data_Either::Either> actStr=b expTy=Other actTy=TypeVar(b)
UNSAFE_COERCE GENERATED: expStr=std::rc::Rc<Purs_Data_Either::Either> actStr=b expTy=Other actTy=TypeVar(b)
UNSAFE_COERCE GENERATED: expStr=std::rc::Rc<Purs_Data_Either::Either> actStr=b expTy=Other actTy=TypeVar(b)
UNSAFE_COERCE GENERATED: expStr=std::rc::Rc<Purs_Data_Either::Either> actStr=b expTy=Other actTy=TypeVar(b)
UNSAFE_COERCE GENERATED: expStr=std::rc::Rc<Purs_Data_Either::Either> actStr=b expTy=Other actTy=TypeVar(b)
UNSAFE_COERCE GENERATED: expStr=std::rc::Rc<Purs_Data_Either::Either> actStr=b expTy=Other actTy=TypeVar(b)
UNSAFE_COERCE GENERATED: expStr=std::rc::Rc<Purs_Data_Either::Either> actStr=b expTy=Other actTy=TypeVar(b)
UNSAFE_COERCE GENERATED: expStr=std::rc::Rc<Purs_Data_Either::Either> actStr=b expTy=Other actTy=TypeVar(b)
UNSAFE_COERCE GENERATED: expStr=std::rc::Rc<Purs_Data_Either::Either> actStr=b expTy=Other actTy=TypeVar(b)
UNSAFE_COERCE GENERATED: expStr=std::rc::Rc<Purs_Data_Either::Either> actStr=b expTy=Other actTy=TypeVar(b)
UNSAFE_COERCE GENERATED: expStr=std::rc::Rc<Purs_Data_Either::Either> actStr=b expTy=Other actTy=TypeVar(b)
UNSAFE_COERCE GENERATED: expStr=std::rc::Rc<Purs_Data_Either::Either> actStr=b expTy=Other actTy=TypeVar(b)
UNSAFE_COERCE GENERATED: expStr=std::rc::Rc<Purs_Data_Either::Either> actStr=b expTy=Other actTy=TypeVar(b)
UNSAFE_COERCE GENERATED: expStr=std::rc::Rc<Purs_Data_Either::Either> actStr=b expTy=Other actTy=TypeVar(b)
UNSAFE_COERCE GENERATED: expStr=std::rc::Rc<Purs_Data_Either::Either> actStr=b expTy=Other actTy=TypeVar(b)
UNSAFE_COERCE GENERATED: expStr=purust_core::Void actStr=b expTy=Other actTy=TypeVar(b)
UNSAFE_COERCE GENERATED: expStr=r actStr=a expTy=TypeVar(r) actTy=TypeVar(a)
FUNCTION Data_Functor_Coproduct_Nested_coproduct5 args: 6 extracted: Just
BindingGroup: Data_Functor_Coproduct_Nested_coproduct6 type: Func vars: a, b, c, d, e, f, g, r, x
UNSAFE_COERCE GENERATED: expStr=std::rc::Rc<Purs_Data_Either::Either> actStr=b expTy=Other actTy=TypeVar(b)
UNSAFE_COERCE GENERATED: expStr=std::rc::Rc<Purs_Data_Either::Either> actStr=b expTy=Other actTy=TypeVar(b)
UNSAFE_COERCE GENERATED: expStr=std::rc::Rc<Purs_Data_Either::Either> actStr=b expTy=Other actTy=TypeVar(b)
UNSAFE_COERCE GENERATED: expStr=std::rc::Rc<Purs_Data_Either::Either> actStr=b expTy=Other actTy=TypeVar(b)
UNSAFE_COERCE GENERATED: expStr=std::rc::Rc<Purs_Data_Either::Either> actStr=b expTy=Other actTy=TypeVar(b)
UNSAFE_COERCE GENERATED: expStr=std::rc::Rc<Purs_Data_Either::Either> actStr=b expTy=Other actTy=TypeVar(b)
UNSAFE_COERCE GENERATED: expStr=std::rc::Rc<Purs_Data_Either::Either> actStr=b expTy=Other actTy=TypeVar(b)
UNSAFE_COERCE GENERATED: expStr=std::rc::Rc<Purs_Data_Either::Either> actStr=b expTy=Other actTy=TypeVar(b)
UNSAFE_COERCE GENERATED: expStr=std::rc::Rc<Purs_Data_Either::Either> actStr=b expTy=Other actTy=TypeVar(b)
UNSAFE_COERCE GENERATED: expStr=std::rc::Rc<Purs_Data_Either::Either> actStr=b expTy=Other actTy=TypeVar(b)
UNSAFE_COERCE GENERATED: expStr=std::rc::Rc<Purs_Data_Either::Either> actStr=b expTy=Other actTy=TypeVar(b)
UNSAFE_COERCE GENERATED: expStr=std::rc::Rc<Purs_Data_Either::Either> actStr=b expTy=Other actTy=TypeVar(b)
UNSAFE_COERCE GENERATED: expStr=std::rc::Rc<Purs_Data_Either::Either> actStr=b expTy=Other actTy=TypeVar(b)
UNSAFE_COERCE GENERATED: expStr=std::rc::Rc<Purs_Data_Either::Either> actStr=b expTy=Other actTy=TypeVar(b)
UNSAFE_COERCE GENERATED: expStr=std::rc::Rc<Purs_Data_Either::Either> actStr=b expTy=Other actTy=TypeVar(b)
UNSAFE_COERCE GENERATED: expStr=std::rc::Rc<Purs_Data_Either::Either> actStr=b expTy=Other actTy=TypeVar(b)
UNSAFE_COERCE GENERATED: expStr=std::rc::Rc<Purs_Data_Either::Either> actStr=b expTy=Other actTy=TypeVar(b)
UNSAFE_COERCE GENERATED: expStr=std::rc::Rc<Purs_Data_Either::Either> actStr=b expTy=Other actTy=TypeVar(b)
UNSAFE_COERCE GENERATED: expStr=std::rc::Rc<Purs_Data_Either::Either> actStr=b expTy=Other actTy=TypeVar(b)
UNSAFE_COERCE GENERATED: expStr=std::rc::Rc<Purs_Data_Either::Either> actStr=b expTy=Other actTy=TypeVar(b)
UNSAFE_COERCE GENERATED: expStr=std::rc::Rc<Purs_Data_Either::Either> actStr=b expTy=Other actTy=TypeVar(b)
UNSAFE_COERCE GENERATED: expStr=std::rc::Rc<Purs_Data_Either::Either> actStr=b expTy=Other actTy=TypeVar(b)
UNSAFE_COERCE GENERATED: expStr=std::rc::Rc<Purs_Data_Either::Either> actStr=b expTy=Other actTy=TypeVar(b)
UNSAFE_COERCE GENERATED: expStr=std::rc::Rc<Purs_Data_Either::Either> actStr=b expTy=Other actTy=TypeVar(b)
UNSAFE_COERCE GENERATED: expStr=std::rc::Rc<Purs_Data_Either::Either> actStr=b expTy=Other actTy=TypeVar(b)
UNSAFE_COERCE GENERATED: expStr=std::rc::Rc<Purs_Data_Either::Either> actStr=b expTy=Other actTy=TypeVar(b)
UNSAFE_COERCE GENERATED: expStr=std::rc::Rc<Purs_Data_Either::Either> actStr=b expTy=Other actTy=TypeVar(b)
UNSAFE_COERCE GENERATED: expStr=std::rc::Rc<Purs_Data_Either::Either> actStr=b expTy=Other actTy=TypeVar(b)
UNSAFE_COERCE GENERATED: expStr=std::rc::Rc<Purs_Data_Either::Either> actStr=b expTy=Other actTy=TypeVar(b)
UNSAFE_COERCE GENERATED: expStr=std::rc::Rc<Purs_Data_Either::Either> actStr=b expTy=Other actTy=TypeVar(b)
UNSAFE_COERCE GENERATED: expStr=std::rc::Rc<Purs_Data_Either::Either> actStr=b expTy=Other actTy=TypeVar(b)
UNSAFE_COERCE GENERATED: expStr=std::rc::Rc<Purs_Data_Either::Either> actStr=b expTy=Other actTy=TypeVar(b)
UNSAFE_COERCE GENERATED: expStr=std::rc::Rc<Purs_Data_Either::Either> actStr=b expTy=Other actTy=TypeVar(b)
UNSAFE_COERCE GENERATED: expStr=std::rc::Rc<Purs_Data_Either::Either> actStr=b expTy=Other actTy=TypeVar(b)
UNSAFE_COERCE GENERATED: expStr=std::rc::Rc<Purs_Data_Either::Either> actStr=b expTy=Other actTy=TypeVar(b)
UNSAFE_COERCE GENERATED: expStr=std::rc::Rc<Purs_Data_Either::Either> actStr=b expTy=Other actTy=TypeVar(b)
UNSAFE_COERCE GENERATED: expStr=std::rc::Rc<Purs_Data_Either::Either> actStr=b expTy=Other actTy=TypeVar(b)
UNSAFE_COERCE GENERATED: expStr=std::rc::Rc<Purs_Data_Either::Either> actStr=b expTy=Other actTy=TypeVar(b)
UNSAFE_COERCE GENERATED: expStr=std::rc::Rc<Purs_Data_Either::Either> actStr=b expTy=Other actTy=TypeVar(b)
UNSAFE_COERCE GENERATED: expStr=std::rc::Rc<Purs_Data_Either::Either> actStr=b expTy=Other actTy=TypeVar(b)
UNSAFE_COERCE GENERATED: expStr=purust_core::Void actStr=b expTy=Other actTy=TypeVar(b)
UNSAFE_COERCE GENERATED: expStr=r actStr=a expTy=TypeVar(r) actTy=TypeVar(a)
FUNCTION Data_Functor_Coproduct_Nested_coproduct6 args: 7 extracted: Just
BindingGroup: Data_Functor_Coproduct_Nested_coproduct7 type: Func vars: a, b, c, d, e, f, g, r, x
UNSAFE_COERCE GENERATED: expStr=std::rc::Rc<Purs_Data_Either::Either> actStr=b expTy=Other actTy=TypeVar(b)
UNSAFE_COERCE GENERATED: expStr=std::rc::Rc<Purs_Data_Either::Either> actStr=b expTy=Other actTy=TypeVar(b)
UNSAFE_COERCE GENERATED: expStr=std::rc::Rc<Purs_Data_Either::Either> actStr=b expTy=Other actTy=TypeVar(b)
UNSAFE_COERCE GENERATED: expStr=std::rc::Rc<Purs_Data_Either::Either> actStr=b expTy=Other actTy=TypeVar(b)
UNSAFE_COERCE GENERATED: expStr=std::rc::Rc<Purs_Data_Either::Either> actStr=b expTy=Other actTy=TypeVar(b)
UNSAFE_COERCE GENERATED: expStr=std::rc::Rc<Purs_Data_Either::Either> actStr=b expTy=Other actTy=TypeVar(b)
UNSAFE_COERCE GENERATED: expStr=std::rc::Rc<Purs_Data_Either::Either> actStr=b expTy=Other actTy=TypeVar(b)
UNSAFE_COERCE GENERATED: expStr=std::rc::Rc<Purs_Data_Either::Either> actStr=b expTy=Other actTy=TypeVar(b)
UNSAFE_COERCE GENERATED: expStr=std::rc::Rc<Purs_Data_Either::Either> actStr=b expTy=Other actTy=TypeVar(b)
UNSAFE_COERCE GENERATED: expStr=std::rc::Rc<Purs_Data_Either::Either> actStr=b expTy=Other actTy=TypeVar(b)
UNSAFE_COERCE GENERATED: expStr=std::rc::Rc<Purs_Data_Either::Either> actStr=b expTy=Other actTy=TypeVar(b)
UNSAFE_COERCE GENERATED: expStr=std::rc::Rc<Purs_Data_Either::Either> actStr=b expTy=Other actTy=TypeVar(b)
UNSAFE_COERCE GENERATED: expStr=std::rc::Rc<Purs_Data_Either::Either> actStr=b expTy=Other actTy=TypeVar(b)
UNSAFE_COERCE GENERATED: expStr=std::rc::Rc<Purs_Data_Either::Either> actStr=b expTy=Other actTy=TypeVar(b)
UNSAFE_COERCE GENERATED: expStr=std::rc::Rc<Purs_Data_Either::Either> actStr=b expTy=Other actTy=TypeVar(b)
UNSAFE_COERCE GENERATED: expStr=std::rc::Rc<Purs_Data_Either::Either> actStr=b expTy=Other actTy=TypeVar(b)
UNSAFE_COERCE GENERATED: expStr=std::rc::Rc<Purs_Data_Either::Either> actStr=b expTy=Other actTy=TypeVar(b)
UNSAFE_COERCE GENERATED: expStr=std::rc::Rc<Purs_Data_Either::Either> actStr=b expTy=Other actTy=TypeVar(b)
UNSAFE_COERCE GENERATED: expStr=std::rc::Rc<Purs_Data_Either::Either> actStr=b expTy=Other actTy=TypeVar(b)
UNSAFE_COERCE GENERATED: expStr=std::rc::Rc<Purs_Data_Either::Either> actStr=b expTy=Other actTy=TypeVar(b)
UNSAFE_COERCE GENERATED: expStr=std::rc::Rc<Purs_Data_Either::Either> actStr=b expTy=Other actTy=TypeVar(b)
UNSAFE_COERCE GENERATED: expStr=std::rc::Rc<Purs_Data_Either::Either> actStr=b expTy=Other actTy=TypeVar(b)
UNSAFE_COERCE GENERATED: expStr=std::rc::Rc<Purs_Data_Either::Either> actStr=b expTy=Other actTy=TypeVar(b)
UNSAFE_COERCE GENERATED: expStr=std::rc::Rc<Purs_Data_Either::Either> actStr=b expTy=Other actTy=TypeVar(b)
UNSAFE_COERCE GENERATED: expStr=std::rc::Rc<Purs_Data_Either::Either> actStr=b expTy=Other actTy=TypeVar(b)
UNSAFE_COERCE GENERATED: expStr=std::rc::Rc<Purs_Data_Either::Either> actStr=b expTy=Other actTy=TypeVar(b)
UNSAFE_COERCE GENERATED: expStr=std::rc::Rc<Purs_Data_Either::Either> actStr=b expTy=Other actTy=TypeVar(b)
UNSAFE_COERCE GENERATED: expStr=std::rc::Rc<Purs_Data_Either::Either> actStr=b expTy=Other actTy=TypeVar(b)
UNSAFE_COERCE GENERATED: expStr=std::rc::Rc<Purs_Data_Either::Either> actStr=b expTy=Other actTy=TypeVar(b)
UNSAFE_COERCE GENERATED: expStr=std::rc::Rc<Purs_Data_Either::Either> actStr=b expTy=Other actTy=TypeVar(b)
UNSAFE_COERCE GENERATED: expStr=std::rc::Rc<Purs_Data_Either::Either> actStr=b expTy=Other actTy=TypeVar(b)
UNSAFE_COERCE GENERATED: expStr=std::rc::Rc<Purs_Data_Either::Either> actStr=b expTy=Other actTy=TypeVar(b)
UNSAFE_COERCE GENERATED: expStr=std::rc::Rc<Purs_Data_Either::Either> actStr=b expTy=Other actTy=TypeVar(b)
UNSAFE_COERCE GENERATED: expStr=std::rc::Rc<Purs_Data_Either::Either> actStr=b expTy=Other actTy=TypeVar(b)
UNSAFE_COERCE GENERATED: expStr=std::rc::Rc<Purs_Data_Either::Either> actStr=b expTy=Other actTy=TypeVar(b)
UNSAFE_COERCE GENERATED: expStr=std::rc::Rc<Purs_Data_Either::Either> actStr=b expTy=Other actTy=TypeVar(b)
UNSAFE_COERCE GENERATED: expStr=std::rc::Rc<Purs_Data_Either::Either> actStr=b expTy=Other actTy=TypeVar(b)
UNSAFE_COERCE GENERATED: expStr=std::rc::Rc<Purs_Data_Either::Either> actStr=b expTy=Other actTy=TypeVar(b)
UNSAFE_COERCE GENERATED: expStr=std::rc::Rc<Purs_Data_Either::Either> actStr=b expTy=Other actTy=TypeVar(b)
UNSAFE_COERCE GENERATED: expStr=std::rc::Rc<Purs_Data_Either::Either> actStr=b expTy=Other actTy=TypeVar(b)
UNSAFE_COERCE GENERATED: expStr=std::rc::Rc<Purs_Data_Either::Either> actStr=b expTy=Other actTy=TypeVar(b)
UNSAFE_COERCE GENERATED: expStr=std::rc::Rc<Purs_Data_Either::Either> actStr=b expTy=Other actTy=TypeVar(b)
UNSAFE_COERCE GENERATED: expStr=std::rc::Rc<Purs_Data_Either::Either> actStr=b expTy=Other actTy=TypeVar(b)
UNSAFE_COERCE GENERATED: expStr=std::rc::Rc<Purs_Data_Either::Either> actStr=b expTy=Other actTy=TypeVar(b)
UNSAFE_COERCE GENERATED: expStr=std::rc::Rc<Purs_Data_Either::Either> actStr=b expTy=Other actTy=TypeVar(b)
UNSAFE_COERCE GENERATED: expStr=std::rc::Rc<Purs_Data_Either::Either> actStr=b expTy=Other actTy=TypeVar(b)
UNSAFE_COERCE GENERATED: expStr=std::rc::Rc<Purs_Data_Either::Either> actStr=b expTy=Other actTy=TypeVar(b)
UNSAFE_COERCE GENERATED: expStr=std::rc::Rc<Purs_Data_Either::Either> actStr=b expTy=Other actTy=TypeVar(b)
UNSAFE_COERCE GENERATED: expStr=std::rc::Rc<Purs_Data_Either::Either> actStr=b expTy=Other actTy=TypeVar(b)
UNSAFE_COERCE GENERATED: expStr=std::rc::Rc<Purs_Data_Either::Either> actStr=b expTy=Other actTy=TypeVar(b)
UNSAFE_COERCE GENERATED: expStr=std::rc::Rc<Purs_Data_Either::Either> actStr=b expTy=Other actTy=TypeVar(b)
UNSAFE_COERCE GENERATED: expStr=std::rc::Rc<Purs_Data_Either::Either> actStr=b expTy=Other actTy=TypeVar(b)
UNSAFE_COERCE GENERATED: expStr=std::rc::Rc<Purs_Data_Either::Either> actStr=b expTy=Other actTy=TypeVar(b)
UNSAFE_COERCE GENERATED: expStr=std::rc::Rc<Purs_Data_Either::Either> actStr=b expTy=Other actTy=TypeVar(b)
UNSAFE_COERCE GENERATED: expStr=std::rc::Rc<Purs_Data_Either::Either> actStr=b expTy=Other actTy=TypeVar(b)
UNSAFE_COERCE GENERATED: expStr=std::rc::Rc<Purs_Data_Either::Either> actStr=b expTy=Other actTy=TypeVar(b)
UNSAFE_COERCE GENERATED: expStr=std::rc::Rc<Purs_Data_Either::Either> actStr=b expTy=Other actTy=TypeVar(b)
UNSAFE_COERCE GENERATED: expStr=purust_core::Void actStr=b expTy=Other actTy=TypeVar(b)
UNSAFE_COERCE GENERATED: expStr=r actStr=a expTy=TypeVar(r) actTy=TypeVar(a)
FUNCTION Data_Functor_Coproduct_Nested_coproduct7 args: 8 extracted: Just
BindingGroup: Data_Functor_Coproduct_Nested_coproduct8 type: Func vars: a, b, c, d, e, f, g, h, r, x
UNSAFE_COERCE GENERATED: expStr=std::rc::Rc<Purs_Data_Either::Either> actStr=b expTy=Other actTy=TypeVar(b)
UNSAFE_COERCE GENERATED: expStr=std::rc::Rc<Purs_Data_Either::Either> actStr=b expTy=Other actTy=TypeVar(b)
UNSAFE_COERCE GENERATED: expStr=std::rc::Rc<Purs_Data_Either::Either> actStr=b expTy=Other actTy=TypeVar(b)
UNSAFE_COERCE GENERATED: expStr=std::rc::Rc<Purs_Data_Either::Either> actStr=b expTy=Other actTy=TypeVar(b)
UNSAFE_COERCE GENERATED: expStr=std::rc::Rc<Purs_Data_Either::Either> actStr=b expTy=Other actTy=TypeVar(b)
UNSAFE_COERCE GENERATED: expStr=std::rc::Rc<Purs_Data_Either::Either> actStr=b expTy=Other actTy=TypeVar(b)
UNSAFE_COERCE GENERATED: expStr=std::rc::Rc<Purs_Data_Either::Either> actStr=b expTy=Other actTy=TypeVar(b)
UNSAFE_COERCE GENERATED: expStr=std::rc::Rc<Purs_Data_Either::Either> actStr=b expTy=Other actTy=TypeVar(b)
UNSAFE_COERCE GENERATED: expStr=std::rc::Rc<Purs_Data_Either::Either> actStr=b expTy=Other actTy=TypeVar(b)
UNSAFE_COERCE GENERATED: expStr=std::rc::Rc<Purs_Data_Either::Either> actStr=b expTy=Other actTy=TypeVar(b)
UNSAFE_COERCE GENERATED: expStr=std::rc::Rc<Purs_Data_Either::Either> actStr=b expTy=Other actTy=TypeVar(b)
UNSAFE_COERCE GENERATED: expStr=std::rc::Rc<Purs_Data_Either::Either> actStr=b expTy=Other actTy=TypeVar(b)
UNSAFE_COERCE GENERATED: expStr=std::rc::Rc<Purs_Data_Either::Either> actStr=b expTy=Other actTy=TypeVar(b)
UNSAFE_COERCE GENERATED: expStr=std::rc::Rc<Purs_Data_Either::Either> actStr=b expTy=Other actTy=TypeVar(b)
UNSAFE_COERCE GENERATED: expStr=std::rc::Rc<Purs_Data_Either::Either> actStr=b expTy=Other actTy=TypeVar(b)
UNSAFE_COERCE GENERATED: expStr=std::rc::Rc<Purs_Data_Either::Either> actStr=b expTy=Other actTy=TypeVar(b)
UNSAFE_COERCE GENERATED: expStr=std::rc::Rc<Purs_Data_Either::Either> actStr=b expTy=Other actTy=TypeVar(b)
UNSAFE_COERCE GENERATED: expStr=std::rc::Rc<Purs_Data_Either::Either> actStr=b expTy=Other actTy=TypeVar(b)
UNSAFE_COERCE GENERATED: expStr=std::rc::Rc<Purs_Data_Either::Either> actStr=b expTy=Other actTy=TypeVar(b)
UNSAFE_COERCE GENERATED: expStr=std::rc::Rc<Purs_Data_Either::Either> actStr=b expTy=Other actTy=TypeVar(b)
UNSAFE_COERCE GENERATED: expStr=std::rc::Rc<Purs_Data_Either::Either> actStr=b expTy=Other actTy=TypeVar(b)
UNSAFE_COERCE GENERATED: expStr=std::rc::Rc<Purs_Data_Either::Either> actStr=b expTy=Other actTy=TypeVar(b)
UNSAFE_COERCE GENERATED: expStr=std::rc::Rc<Purs_Data_Either::Either> actStr=b expTy=Other actTy=TypeVar(b)
UNSAFE_COERCE GENERATED: expStr=std::rc::Rc<Purs_Data_Either::Either> actStr=b expTy=Other actTy=TypeVar(b)
UNSAFE_COERCE GENERATED: expStr=std::rc::Rc<Purs_Data_Either::Either> actStr=b expTy=Other actTy=TypeVar(b)
UNSAFE_COERCE GENERATED: expStr=std::rc::Rc<Purs_Data_Either::Either> actStr=b expTy=Other actTy=TypeVar(b)
UNSAFE_COERCE GENERATED: expStr=std::rc::Rc<Purs_Data_Either::Either> actStr=b expTy=Other actTy=TypeVar(b)
UNSAFE_COERCE GENERATED: expStr=std::rc::Rc<Purs_Data_Either::Either> actStr=b expTy=Other actTy=TypeVar(b)
UNSAFE_COERCE GENERATED: expStr=std::rc::Rc<Purs_Data_Either::Either> actStr=b expTy=Other actTy=TypeVar(b)
UNSAFE_COERCE GENERATED: expStr=std::rc::Rc<Purs_Data_Either::Either> actStr=b expTy=Other actTy=TypeVar(b)
UNSAFE_COERCE GENERATED: expStr=std::rc::Rc<Purs_Data_Either::Either> actStr=b expTy=Other actTy=TypeVar(b)
UNSAFE_COERCE GENERATED: expStr=std::rc::Rc<Purs_Data_Either::Either> actStr=b expTy=Other actTy=TypeVar(b)
UNSAFE_COERCE GENERATED: expStr=std::rc::Rc<Purs_Data_Either::Either> actStr=b expTy=Other actTy=TypeVar(b)
UNSAFE_COERCE GENERATED: expStr=std::rc::Rc<Purs_Data_Either::Either> actStr=b expTy=Other actTy=TypeVar(b)
UNSAFE_COERCE GENERATED: expStr=std::rc::Rc<Purs_Data_Either::Either> actStr=b expTy=Other actTy=TypeVar(b)
UNSAFE_COERCE GENERATED: expStr=std::rc::Rc<Purs_Data_Either::Either> actStr=b expTy=Other actTy=TypeVar(b)
UNSAFE_COERCE GENERATED: expStr=std::rc::Rc<Purs_Data_Either::Either> actStr=b expTy=Other actTy=TypeVar(b)
UNSAFE_COERCE GENERATED: expStr=std::rc::Rc<Purs_Data_Either::Either> actStr=b expTy=Other actTy=TypeVar(b)
UNSAFE_COERCE GENERATED: expStr=std::rc::Rc<Purs_Data_Either::Either> actStr=b expTy=Other actTy=TypeVar(b)
UNSAFE_COERCE GENERATED: expStr=std::rc::Rc<Purs_Data_Either::Either> actStr=b expTy=Other actTy=TypeVar(b)
UNSAFE_COERCE GENERATED: expStr=std::rc::Rc<Purs_Data_Either::Either> actStr=b expTy=Other actTy=TypeVar(b)
UNSAFE_COERCE GENERATED: expStr=std::rc::Rc<Purs_Data_Either::Either> actStr=b expTy=Other actTy=TypeVar(b)
UNSAFE_COERCE GENERATED: expStr=std::rc::Rc<Purs_Data_Either::Either> actStr=b expTy=Other actTy=TypeVar(b)
UNSAFE_COERCE GENERATED: expStr=std::rc::Rc<Purs_Data_Either::Either> actStr=b expTy=Other actTy=TypeVar(b)
UNSAFE_COERCE GENERATED: expStr=std::rc::Rc<Purs_Data_Either::Either> actStr=b expTy=Other actTy=TypeVar(b)
UNSAFE_COERCE GENERATED: expStr=std::rc::Rc<Purs_Data_Either::Either> actStr=b expTy=Other actTy=TypeVar(b)
UNSAFE_COERCE GENERATED: expStr=std::rc::Rc<Purs_Data_Either::Either> actStr=b expTy=Other actTy=TypeVar(b)
UNSAFE_COERCE GENERATED: expStr=std::rc::Rc<Purs_Data_Either::Either> actStr=b expTy=Other actTy=TypeVar(b)
UNSAFE_COERCE GENERATED: expStr=std::rc::Rc<Purs_Data_Either::Either> actStr=b expTy=Other actTy=TypeVar(b)
UNSAFE_COERCE GENERATED: expStr=std::rc::Rc<Purs_Data_Either::Either> actStr=b expTy=Other actTy=TypeVar(b)
UNSAFE_COERCE GENERATED: expStr=std::rc::Rc<Purs_Data_Either::Either> actStr=b expTy=Other actTy=TypeVar(b)
UNSAFE_COERCE GENERATED: expStr=std::rc::Rc<Purs_Data_Either::Either> actStr=b expTy=Other actTy=TypeVar(b)
UNSAFE_COERCE GENERATED: expStr=std::rc::Rc<Purs_Data_Either::Either> actStr=b expTy=Other actTy=TypeVar(b)
UNSAFE_COERCE GENERATED: expStr=std::rc::Rc<Purs_Data_Either::Either> actStr=b expTy=Other actTy=TypeVar(b)
UNSAFE_COERCE GENERATED: expStr=std::rc::Rc<Purs_Data_Either::Either> actStr=b expTy=Other actTy=TypeVar(b)
UNSAFE_COERCE GENERATED: expStr=std::rc::Rc<Purs_Data_Either::Either> actStr=b expTy=Other actTy=TypeVar(b)
UNSAFE_COERCE GENERATED: expStr=std::rc::Rc<Purs_Data_Either::Either> actStr=b expTy=Other actTy=TypeVar(b)
UNSAFE_COERCE GENERATED: expStr=std::rc::Rc<Purs_Data_Either::Either> actStr=b expTy=Other actTy=TypeVar(b)
UNSAFE_COERCE GENERATED: expStr=std::rc::Rc<Purs_Data_Either::Either> actStr=b expTy=Other actTy=TypeVar(b)
UNSAFE_COERCE GENERATED: expStr=std::rc::Rc<Purs_Data_Either::Either> actStr=b expTy=Other actTy=TypeVar(b)
UNSAFE_COERCE GENERATED: expStr=std::rc::Rc<Purs_Data_Either::Either> actStr=b expTy=Other actTy=TypeVar(b)
UNSAFE_COERCE GENERATED: expStr=std::rc::Rc<Purs_Data_Either::Either> actStr=b expTy=Other actTy=TypeVar(b)
UNSAFE_COERCE GENERATED: expStr=std::rc::Rc<Purs_Data_Either::Either> actStr=b expTy=Other actTy=TypeVar(b)
UNSAFE_COERCE GENERATED: expStr=std::rc::Rc<Purs_Data_Either::Either> actStr=b expTy=Other actTy=TypeVar(b)
UNSAFE_COERCE GENERATED: expStr=std::rc::Rc<Purs_Data_Either::Either> actStr=b expTy=Other actTy=TypeVar(b)
UNSAFE_COERCE GENERATED: expStr=std::rc::Rc<Purs_Data_Either::Either> actStr=b expTy=Other actTy=TypeVar(b)
UNSAFE_COERCE GENERATED: expStr=std::rc::Rc<Purs_Data_Either::Either> actStr=b expTy=Other actTy=TypeVar(b)
UNSAFE_COERCE GENERATED: expStr=std::rc::Rc<Purs_Data_Either::Either> actStr=b expTy=Other actTy=TypeVar(b)
UNSAFE_COERCE GENERATED: expStr=std::rc::Rc<Purs_Data_Either::Either> actStr=b expTy=Other actTy=TypeVar(b)
UNSAFE_COERCE GENERATED: expStr=std::rc::Rc<Purs_Data_Either::Either> actStr=b expTy=Other actTy=TypeVar(b)
UNSAFE_COERCE GENERATED: expStr=std::rc::Rc<Purs_Data_Either::Either> actStr=b expTy=Other actTy=TypeVar(b)
UNSAFE_COERCE GENERATED: expStr=std::rc::Rc<Purs_Data_Either::Either> actStr=b expTy=Other actTy=TypeVar(b)
UNSAFE_COERCE GENERATED: expStr=std::rc::Rc<Purs_Data_Either::Either> actStr=b expTy=Other actTy=TypeVar(b)
UNSAFE_COERCE GENERATED: expStr=std::rc::Rc<Purs_Data_Either::Either> actStr=b expTy=Other actTy=TypeVar(b)
UNSAFE_COERCE GENERATED: expStr=std::rc::Rc<Purs_Data_Either::Either> actStr=b expTy=Other actTy=TypeVar(b)
UNSAFE_COERCE GENERATED: expStr=std::rc::Rc<Purs_Data_Either::Either> actStr=b expTy=Other actTy=TypeVar(b)
UNSAFE_COERCE GENERATED: expStr=std::rc::Rc<Purs_Data_Either::Either> actStr=b expTy=Other actTy=TypeVar(b)
UNSAFE_COERCE GENERATED: expStr=purust_core::Void actStr=b expTy=Other actTy=TypeVar(b)
UNSAFE_COERCE GENERATED: expStr=r actStr=a expTy=TypeVar(r) actTy=TypeVar(a)
FUNCTION Data_Functor_Coproduct_Nested_coproduct8 args: 9 extracted: Just
BindingGroup: Data_Functor_Coproduct_Nested_coproduct9 type: Func vars: a, b, c, d, e, f, g, h, i, r, x
UNSAFE_COERCE GENERATED: expStr=std::rc::Rc<Purs_Data_Either::Either> actStr=b expTy=Other actTy=TypeVar(b)
UNSAFE_COERCE GENERATED: expStr=std::rc::Rc<Purs_Data_Either::Either> actStr=b expTy=Other actTy=TypeVar(b)
UNSAFE_COERCE GENERATED: expStr=std::rc::Rc<Purs_Data_Either::Either> actStr=b expTy=Other actTy=TypeVar(b)
UNSAFE_COERCE GENERATED: expStr=std::rc::Rc<Purs_Data_Either::Either> actStr=b expTy=Other actTy=TypeVar(b)
UNSAFE_COERCE GENERATED: expStr=std::rc::Rc<Purs_Data_Either::Either> actStr=b expTy=Other actTy=TypeVar(b)
UNSAFE_COERCE GENERATED: expStr=std::rc::Rc<Purs_Data_Either::Either> actStr=b expTy=Other actTy=TypeVar(b)
UNSAFE_COERCE GENERATED: expStr=std::rc::Rc<Purs_Data_Either::Either> actStr=b expTy=Other actTy=TypeVar(b)
UNSAFE_COERCE GENERATED: expStr=std::rc::Rc<Purs_Data_Either::Either> actStr=b expTy=Other actTy=TypeVar(b)
UNSAFE_COERCE GENERATED: expStr=std::rc::Rc<Purs_Data_Either::Either> actStr=b expTy=Other actTy=TypeVar(b)
UNSAFE_COERCE GENERATED: expStr=std::rc::Rc<Purs_Data_Either::Either> actStr=b expTy=Other actTy=TypeVar(b)
UNSAFE_COERCE GENERATED: expStr=std::rc::Rc<Purs_Data_Either::Either> actStr=b expTy=Other actTy=TypeVar(b)
UNSAFE_COERCE GENERATED: expStr=std::rc::Rc<Purs_Data_Either::Either> actStr=b expTy=Other actTy=TypeVar(b)
UNSAFE_COERCE GENERATED: expStr=std::rc::Rc<Purs_Data_Either::Either> actStr=b expTy=Other actTy=TypeVar(b)
UNSAFE_COERCE GENERATED: expStr=std::rc::Rc<Purs_Data_Either::Either> actStr=b expTy=Other actTy=TypeVar(b)
UNSAFE_COERCE GENERATED: expStr=std::rc::Rc<Purs_Data_Either::Either> actStr=b expTy=Other actTy=TypeVar(b)
UNSAFE_COERCE GENERATED: expStr=std::rc::Rc<Purs_Data_Either::Either> actStr=b expTy=Other actTy=TypeVar(b)
UNSAFE_COERCE GENERATED: expStr=std::rc::Rc<Purs_Data_Either::Either> actStr=b expTy=Other actTy=TypeVar(b)
UNSAFE_COERCE GENERATED: expStr=std::rc::Rc<Purs_Data_Either::Either> actStr=b expTy=Other actTy=TypeVar(b)
UNSAFE_COERCE GENERATED: expStr=std::rc::Rc<Purs_Data_Either::Either> actStr=b expTy=Other actTy=TypeVar(b)
UNSAFE_COERCE GENERATED: expStr=std::rc::Rc<Purs_Data_Either::Either> actStr=b expTy=Other actTy=TypeVar(b)
UNSAFE_COERCE GENERATED: expStr=std::rc::Rc<Purs_Data_Either::Either> actStr=b expTy=Other actTy=TypeVar(b)
UNSAFE_COERCE GENERATED: expStr=std::rc::Rc<Purs_Data_Either::Either> actStr=b expTy=Other actTy=TypeVar(b)
UNSAFE_COERCE GENERATED: expStr=std::rc::Rc<Purs_Data_Either::Either> actStr=b expTy=Other actTy=TypeVar(b)
UNSAFE_COERCE GENERATED: expStr=std::rc::Rc<Purs_Data_Either::Either> actStr=b expTy=Other actTy=TypeVar(b)
UNSAFE_COERCE GENERATED: expStr=std::rc::Rc<Purs_Data_Either::Either> actStr=b expTy=Other actTy=TypeVar(b)
UNSAFE_COERCE GENERATED: expStr=std::rc::Rc<Purs_Data_Either::Either> actStr=b expTy=Other actTy=TypeVar(b)
UNSAFE_COERCE GENERATED: expStr=std::rc::Rc<Purs_Data_Either::Either> actStr=b expTy=Other actTy=TypeVar(b)
UNSAFE_COERCE GENERATED: expStr=std::rc::Rc<Purs_Data_Either::Either> actStr=b expTy=Other actTy=TypeVar(b)
UNSAFE_COERCE GENERATED: expStr=std::rc::Rc<Purs_Data_Either::Either> actStr=b expTy=Other actTy=TypeVar(b)
UNSAFE_COERCE GENERATED: expStr=std::rc::Rc<Purs_Data_Either::Either> actStr=b expTy=Other actTy=TypeVar(b)
UNSAFE_COERCE GENERATED: expStr=std::rc::Rc<Purs_Data_Either::Either> actStr=b expTy=Other actTy=TypeVar(b)
UNSAFE_COERCE GENERATED: expStr=std::rc::Rc<Purs_Data_Either::Either> actStr=b expTy=Other actTy=TypeVar(b)
UNSAFE_COERCE GENERATED: expStr=std::rc::Rc<Purs_Data_Either::Either> actStr=b expTy=Other actTy=TypeVar(b)
UNSAFE_COERCE GENERATED: expStr=std::rc::Rc<Purs_Data_Either::Either> actStr=b expTy=Other actTy=TypeVar(b)
UNSAFE_COERCE GENERATED: expStr=std::rc::Rc<Purs_Data_Either::Either> actStr=b expTy=Other actTy=TypeVar(b)
UNSAFE_COERCE GENERATED: expStr=std::rc::Rc<Purs_Data_Either::Either> actStr=b expTy=Other actTy=TypeVar(b)
UNSAFE_COERCE GENERATED: expStr=std::rc::Rc<Purs_Data_Either::Either> actStr=b expTy=Other actTy=TypeVar(b)
UNSAFE_COERCE GENERATED: expStr=std::rc::Rc<Purs_Data_Either::Either> actStr=b expTy=Other actTy=TypeVar(b)
UNSAFE_COERCE GENERATED: expStr=std::rc::Rc<Purs_Data_Either::Either> actStr=b expTy=Other actTy=TypeVar(b)
UNSAFE_COERCE GENERATED: expStr=std::rc::Rc<Purs_Data_Either::Either> actStr=b expTy=Other actTy=TypeVar(b)
UNSAFE_COERCE GENERATED: expStr=std::rc::Rc<Purs_Data_Either::Either> actStr=b expTy=Other actTy=TypeVar(b)
UNSAFE_COERCE GENERATED: expStr=std::rc::Rc<Purs_Data_Either::Either> actStr=b expTy=Other actTy=TypeVar(b)
UNSAFE_COERCE GENERATED: expStr=std::rc::Rc<Purs_Data_Either::Either> actStr=b expTy=Other actTy=TypeVar(b)
UNSAFE_COERCE GENERATED: expStr=std::rc::Rc<Purs_Data_Either::Either> actStr=b expTy=Other actTy=TypeVar(b)
UNSAFE_COERCE GENERATED: expStr=std::rc::Rc<Purs_Data_Either::Either> actStr=b expTy=Other actTy=TypeVar(b)
UNSAFE_COERCE GENERATED: expStr=std::rc::Rc<Purs_Data_Either::Either> actStr=b expTy=Other actTy=TypeVar(b)
UNSAFE_COERCE GENERATED: expStr=std::rc::Rc<Purs_Data_Either::Either> actStr=b expTy=Other actTy=TypeVar(b)
UNSAFE_COERCE GENERATED: expStr=std::rc::Rc<Purs_Data_Either::Either> actStr=b expTy=Other actTy=TypeVar(b)
UNSAFE_COERCE GENERATED: expStr=std::rc::Rc<Purs_Data_Either::Either> actStr=b expTy=Other actTy=TypeVar(b)
UNSAFE_COERCE GENERATED: expStr=std::rc::Rc<Purs_Data_Either::Either> actStr=b expTy=Other actTy=TypeVar(b)
UNSAFE_COERCE GENERATED: expStr=std::rc::Rc<Purs_Data_Either::Either> actStr=b expTy=Other actTy=TypeVar(b)
UNSAFE_COERCE GENERATED: expStr=std::rc::Rc<Purs_Data_Either::Either> actStr=b expTy=Other actTy=TypeVar(b)
UNSAFE_COERCE GENERATED: expStr=std::rc::Rc<Purs_Data_Either::Either> actStr=b expTy=Other actTy=TypeVar(b)
UNSAFE_COERCE GENERATED: expStr=std::rc::Rc<Purs_Data_Either::Either> actStr=b expTy=Other actTy=TypeVar(b)
UNSAFE_COERCE GENERATED: expStr=std::rc::Rc<Purs_Data_Either::Either> actStr=b expTy=Other actTy=TypeVar(b)
UNSAFE_COERCE GENERATED: expStr=std::rc::Rc<Purs_Data_Either::Either> actStr=b expTy=Other actTy=TypeVar(b)
UNSAFE_COERCE GENERATED: expStr=std::rc::Rc<Purs_Data_Either::Either> actStr=b expTy=Other actTy=TypeVar(b)
UNSAFE_COERCE GENERATED: expStr=std::rc::Rc<Purs_Data_Either::Either> actStr=b expTy=Other actTy=TypeVar(b)
UNSAFE_COERCE GENERATED: expStr=std::rc::Rc<Purs_Data_Either::Either> actStr=b expTy=Other actTy=TypeVar(b)
UNSAFE_COERCE GENERATED: expStr=std::rc::Rc<Purs_Data_Either::Either> actStr=b expTy=Other actTy=TypeVar(b)
UNSAFE_COERCE GENERATED: expStr=std::rc::Rc<Purs_Data_Either::Either> actStr=b expTy=Other actTy=TypeVar(b)
UNSAFE_COERCE GENERATED: expStr=std::rc::Rc<Purs_Data_Either::Either> actStr=b expTy=Other actTy=TypeVar(b)
UNSAFE_COERCE GENERATED: expStr=std::rc::Rc<Purs_Data_Either::Either> actStr=b expTy=Other actTy=TypeVar(b)
UNSAFE_COERCE GENERATED: expStr=std::rc::Rc<Purs_Data_Either::Either> actStr=b expTy=Other actTy=TypeVar(b)
UNSAFE_COERCE GENERATED: expStr=std::rc::Rc<Purs_Data_Either::Either> actStr=b expTy=Other actTy=TypeVar(b)
UNSAFE_COERCE GENERATED: expStr=std::rc::Rc<Purs_Data_Either::Either> actStr=b expTy=Other actTy=TypeVar(b)
UNSAFE_COERCE GENERATED: expStr=std::rc::Rc<Purs_Data_Either::Either> actStr=b expTy=Other actTy=TypeVar(b)
UNSAFE_COERCE GENERATED: expStr=std::rc::Rc<Purs_Data_Either::Either> actStr=b expTy=Other actTy=TypeVar(b)
UNSAFE_COERCE GENERATED: expStr=std::rc::Rc<Purs_Data_Either::Either> actStr=b expTy=Other actTy=TypeVar(b)
UNSAFE_COERCE GENERATED: expStr=std::rc::Rc<Purs_Data_Either::Either> actStr=b expTy=Other actTy=TypeVar(b)
UNSAFE_COERCE GENERATED: expStr=std::rc::Rc<Purs_Data_Either::Either> actStr=b expTy=Other actTy=TypeVar(b)
UNSAFE_COERCE GENERATED: expStr=std::rc::Rc<Purs_Data_Either::Either> actStr=b expTy=Other actTy=TypeVar(b)
UNSAFE_COERCE GENERATED: expStr=std::rc::Rc<Purs_Data_Either::Either> actStr=b expTy=Other actTy=TypeVar(b)
UNSAFE_COERCE GENERATED: expStr=std::rc::Rc<Purs_Data_Either::Either> actStr=b expTy=Other actTy=TypeVar(b)
UNSAFE_COERCE GENERATED: expStr=std::rc::Rc<Purs_Data_Either::Either> actStr=b expTy=Other actTy=TypeVar(b)
UNSAFE_COERCE GENERATED: expStr=std::rc::Rc<Purs_Data_Either::Either> actStr=b expTy=Other actTy=TypeVar(b)
UNSAFE_COERCE GENERATED: expStr=std::rc::Rc<Purs_Data_Either::Either> actStr=b expTy=Other actTy=TypeVar(b)
UNSAFE_COERCE GENERATED: expStr=std::rc::Rc<Purs_Data_Either::Either> actStr=b expTy=Other actTy=TypeVar(b)
UNSAFE_COERCE GENERATED: expStr=std::rc::Rc<Purs_Data_Either::Either> actStr=b expTy=Other actTy=TypeVar(b)
UNSAFE_COERCE GENERATED: expStr=std::rc::Rc<Purs_Data_Either::Either> actStr=b expTy=Other actTy=TypeVar(b)
UNSAFE_COERCE GENERATED: expStr=std::rc::Rc<Purs_Data_Either::Either> actStr=b expTy=Other actTy=TypeVar(b)
UNSAFE_COERCE GENERATED: expStr=std::rc::Rc<Purs_Data_Either::Either> actStr=b expTy=Other actTy=TypeVar(b)
UNSAFE_COERCE GENERATED: expStr=std::rc::Rc<Purs_Data_Either::Either> actStr=b expTy=Other actTy=TypeVar(b)
UNSAFE_COERCE GENERATED: expStr=std::rc::Rc<Purs_Data_Either::Either> actStr=b expTy=Other actTy=TypeVar(b)
UNSAFE_COERCE GENERATED: expStr=std::rc::Rc<Purs_Data_Either::Either> actStr=b expTy=Other actTy=TypeVar(b)
UNSAFE_COERCE GENERATED: expStr=std::rc::Rc<Purs_Data_Either::Either> actStr=b expTy=Other actTy=TypeVar(b)
UNSAFE_COERCE GENERATED: expStr=std::rc::Rc<Purs_Data_Either::Either> actStr=b expTy=Other actTy=TypeVar(b)
UNSAFE_COERCE GENERATED: expStr=std::rc::Rc<Purs_Data_Either::Either> actStr=b expTy=Other actTy=TypeVar(b)
UNSAFE_COERCE GENERATED: expStr=std::rc::Rc<Purs_Data_Either::Either> actStr=b expTy=Other actTy=TypeVar(b)
UNSAFE_COERCE GENERATED: expStr=std::rc::Rc<Purs_Data_Either::Either> actStr=b expTy=Other actTy=TypeVar(b)
UNSAFE_COERCE GENERATED: expStr=std::rc::Rc<Purs_Data_Either::Either> actStr=b expTy=Other actTy=TypeVar(b)
UNSAFE_COERCE GENERATED: expStr=std::rc::Rc<Purs_Data_Either::Either> actStr=b expTy=Other actTy=TypeVar(b)
UNSAFE_COERCE GENERATED: expStr=std::rc::Rc<Purs_Data_Either::Either> actStr=b expTy=Other actTy=TypeVar(b)
UNSAFE_COERCE GENERATED: expStr=std::rc::Rc<Purs_Data_Either::Either> actStr=b expTy=Other actTy=TypeVar(b)
UNSAFE_COERCE GENERATED: expStr=std::rc::Rc<Purs_Data_Either::Either> actStr=b expTy=Other actTy=TypeVar(b)
UNSAFE_COERCE GENERATED: expStr=std::rc::Rc<Purs_Data_Either::Either> actStr=b expTy=Other actTy=TypeVar(b)
UNSAFE_COERCE GENERATED: expStr=std::rc::Rc<Purs_Data_Either::Either> actStr=b expTy=Other actTy=TypeVar(b)
UNSAFE_COERCE GENERATED: expStr=std::rc::Rc<Purs_Data_Either::Either> actStr=b expTy=Other actTy=TypeVar(b)
UNSAFE_COERCE GENERATED: expStr=std::rc::Rc<Purs_Data_Either::Either> actStr=b expTy=Other actTy=TypeVar(b)
UNSAFE_COERCE GENERATED: expStr=std::rc::Rc<Purs_Data_Either::Either> actStr=b expTy=Other actTy=TypeVar(b)
UNSAFE_COERCE GENERATED: expStr=purust_core::Void actStr=b expTy=Other actTy=TypeVar(b)
UNSAFE_COERCE GENERATED: expStr=r actStr=a expTy=TypeVar(r) actTy=TypeVar(a)
FUNCTION Data_Functor_Coproduct_Nested_coproduct9 args: 10 extracted: Just
BindingGroup: Data_Functor_Coproduct_Nested_in1 type: Func vars: a, a0, f, g, z
FUNCTION Data_Functor_Coproduct_Nested_in1 args: 1 extracted: Nothing
BindingGroup: Data_Functor_Coproduct_Nested_in10 type: Func vars: a, a0, b, c, d, e, f, g, h, i, j, z
UNSAFE_COERCE GENERATED: expStr=b actStr=std::rc::Rc<Purs_Data_Either::Either> expTy=TypeVar(b) actTy=Other
UNSAFE_COERCE GENERATED: expStr=b actStr=std::rc::Rc<Purs_Data_Either::Either> expTy=TypeVar(b) actTy=Other
UNSAFE_COERCE GENERATED: expStr=b actStr=std::rc::Rc<Purs_Data_Either::Either> expTy=TypeVar(b) actTy=Other
UNSAFE_COERCE GENERATED: expStr=b actStr=std::rc::Rc<Purs_Data_Either::Either> expTy=TypeVar(b) actTy=Other
UNSAFE_COERCE GENERATED: expStr=b actStr=std::rc::Rc<Purs_Data_Either::Either> expTy=TypeVar(b) actTy=Other
UNSAFE_COERCE GENERATED: expStr=b actStr=std::rc::Rc<Purs_Data_Either::Either> expTy=TypeVar(b) actTy=Other
UNSAFE_COERCE GENERATED: expStr=b actStr=std::rc::Rc<Purs_Data_Either::Either> expTy=TypeVar(b) actTy=Other
UNSAFE_COERCE GENERATED: expStr=b actStr=std::rc::Rc<Purs_Data_Either::Either> expTy=TypeVar(b) actTy=Other
UNSAFE_COERCE GENERATED: expStr=b actStr=std::rc::Rc<Purs_Data_Either::Either> expTy=TypeVar(b) actTy=Other
FUNCTION Data_Functor_Coproduct_Nested_in10 args: 1 extracted: Just
BindingGroup: Data_Functor_Coproduct_Nested_in2 type: Func vars: a, a0, b, f, g, z
UNSAFE_COERCE GENERATED: expStr=b actStr=std::rc::Rc<Purs_Data_Either::Either> expTy=TypeVar(b) actTy=Other
FUNCTION Data_Functor_Coproduct_Nested_in2 args: 1 extracted: Just
BindingGroup: Data_Functor_Coproduct_Nested_in3 type: Func vars: a, a0, b, c, f, g, z
UNSAFE_COERCE GENERATED: expStr=b actStr=std::rc::Rc<Purs_Data_Either::Either> expTy=TypeVar(b) actTy=Other
UNSAFE_COERCE GENERATED: expStr=b actStr=std::rc::Rc<Purs_Data_Either::Either> expTy=TypeVar(b) actTy=Other
FUNCTION Data_Functor_Coproduct_Nested_in3 args: 1 extracted: Just
BindingGroup: Data_Functor_Coproduct_Nested_in4 type: Func vars: a, a0, b, c, d, f, g, z
UNSAFE_COERCE GENERATED: expStr=b actStr=std::rc::Rc<Purs_Data_Either::Either> expTy=TypeVar(b) actTy=Other
UNSAFE_COERCE GENERATED: expStr=b actStr=std::rc::Rc<Purs_Data_Either::Either> expTy=TypeVar(b) actTy=Other
UNSAFE_COERCE GENERATED: expStr=b actStr=std::rc::Rc<Purs_Data_Either::Either> expTy=TypeVar(b) actTy=Other
FUNCTION Data_Functor_Coproduct_Nested_in4 args: 1 extracted: Just
BindingGroup: Data_Functor_Coproduct_Nested_in5 type: Func vars: a, a0, b, c, d, e, f, g, z
UNSAFE_COERCE GENERATED: expStr=b actStr=std::rc::Rc<Purs_Data_Either::Either> expTy=TypeVar(b) actTy=Other
UNSAFE_COERCE GENERATED: expStr=b actStr=std::rc::Rc<Purs_Data_Either::Either> expTy=TypeVar(b) actTy=Other
UNSAFE_COERCE GENERATED: expStr=b actStr=std::rc::Rc<Purs_Data_Either::Either> expTy=TypeVar(b) actTy=Other
UNSAFE_COERCE GENERATED: expStr=b actStr=std::rc::Rc<Purs_Data_Either::Either> expTy=TypeVar(b) actTy=Other
FUNCTION Data_Functor_Coproduct_Nested_in5 args: 1 extracted: Just
BindingGroup: Data_Functor_Coproduct_Nested_in6 type: Func vars: a, a0, b, c, d, e, f, g, z
UNSAFE_COERCE GENERATED: expStr=b actStr=std::rc::Rc<Purs_Data_Either::Either> expTy=TypeVar(b) actTy=Other
UNSAFE_COERCE GENERATED: expStr=b actStr=std::rc::Rc<Purs_Data_Either::Either> expTy=TypeVar(b) actTy=Other
UNSAFE_COERCE GENERATED: expStr=b actStr=std::rc::Rc<Purs_Data_Either::Either> expTy=TypeVar(b) actTy=Other
UNSAFE_COERCE GENERATED: expStr=b actStr=std::rc::Rc<Purs_Data_Either::Either> expTy=TypeVar(b) actTy=Other
UNSAFE_COERCE GENERATED: expStr=b actStr=std::rc::Rc<Purs_Data_Either::Either> expTy=TypeVar(b) actTy=Other
FUNCTION Data_Functor_Coproduct_Nested_in6 args: 1 extracted: Just
BindingGroup: Data_Functor_Coproduct_Nested_in7 type: Func vars: a, a0, b, c, d, e, f, g, z
UNSAFE_COERCE GENERATED: expStr=b actStr=std::rc::Rc<Purs_Data_Either::Either> expTy=TypeVar(b) actTy=Other
UNSAFE_COERCE GENERATED: expStr=b actStr=std::rc::Rc<Purs_Data_Either::Either> expTy=TypeVar(b) actTy=Other
UNSAFE_COERCE GENERATED: expStr=b actStr=std::rc::Rc<Purs_Data_Either::Either> expTy=TypeVar(b) actTy=Other
UNSAFE_COERCE GENERATED: expStr=b actStr=std::rc::Rc<Purs_Data_Either::Either> expTy=TypeVar(b) actTy=Other
UNSAFE_COERCE GENERATED: expStr=b actStr=std::rc::Rc<Purs_Data_Either::Either> expTy=TypeVar(b) actTy=Other
UNSAFE_COERCE GENERATED: expStr=b actStr=std::rc::Rc<Purs_Data_Either::Either> expTy=TypeVar(b) actTy=Other
FUNCTION Data_Functor_Coproduct_Nested_in7 args: 1 extracted: Just
BindingGroup: Data_Functor_Coproduct_Nested_in8 type: Func vars: a, a0, b, c, d, e, f, g, h, z
UNSAFE_COERCE GENERATED: expStr=b actStr=std::rc::Rc<Purs_Data_Either::Either> expTy=TypeVar(b) actTy=Other
UNSAFE_COERCE GENERATED: expStr=b actStr=std::rc::Rc<Purs_Data_Either::Either> expTy=TypeVar(b) actTy=Other
UNSAFE_COERCE GENERATED: expStr=b actStr=std::rc::Rc<Purs_Data_Either::Either> expTy=TypeVar(b) actTy=Other
UNSAFE_COERCE GENERATED: expStr=b actStr=std::rc::Rc<Purs_Data_Either::Either> expTy=TypeVar(b) actTy=Other
UNSAFE_COERCE GENERATED: expStr=b actStr=std::rc::Rc<Purs_Data_Either::Either> expTy=TypeVar(b) actTy=Other
UNSAFE_COERCE GENERATED: expStr=b actStr=std::rc::Rc<Purs_Data_Either::Either> expTy=TypeVar(b) actTy=Other
UNSAFE_COERCE GENERATED: expStr=b actStr=std::rc::Rc<Purs_Data_Either::Either> expTy=TypeVar(b) actTy=Other
FUNCTION Data_Functor_Coproduct_Nested_in8 args: 1 extracted: Just
BindingGroup: Data_Functor_Coproduct_Nested_in9 type: Func vars: a, a0, b, c, d, e, f, g, h, i, z
UNSAFE_COERCE GENERATED: expStr=b actStr=std::rc::Rc<Purs_Data_Either::Either> expTy=TypeVar(b) actTy=Other
UNSAFE_COERCE GENERATED: expStr=b actStr=std::rc::Rc<Purs_Data_Either::Either> expTy=TypeVar(b) actTy=Other
UNSAFE_COERCE GENERATED: expStr=b actStr=std::rc::Rc<Purs_Data_Either::Either> expTy=TypeVar(b) actTy=Other
UNSAFE_COERCE GENERATED: expStr=b actStr=std::rc::Rc<Purs_Data_Either::Either> expTy=TypeVar(b) actTy=Other
UNSAFE_COERCE GENERATED: expStr=b actStr=std::rc::Rc<Purs_Data_Either::Either> expTy=TypeVar(b) actTy=Other
UNSAFE_COERCE GENERATED: expStr=b actStr=std::rc::Rc<Purs_Data_Either::Either> expTy=TypeVar(b) actTy=Other
UNSAFE_COERCE GENERATED: expStr=b actStr=std::rc::Rc<Purs_Data_Either::Either> expTy=TypeVar(b) actTy=Other
UNSAFE_COERCE GENERATED: expStr=b actStr=std::rc::Rc<Purs_Data_Either::Either> expTy=TypeVar(b) actTy=Other
FUNCTION Data_Functor_Coproduct_Nested_in9 args: 1 extracted: Just
findFfiFile [Data.Functor.Coproduct.Nested] -> null
Found FFI for Data.Functor.Coproduct.Nested at: Nothing
Found FFI for Data.Functor.Coproduct.Nested at: Nothing
BindingGroup: Data_Profunctor_Closed_closed type: ForAll(ConstrainedType(Func)) vars: 
FUNCTION Data_Profunctor_Closed_closed args: 2 extracted: Nothing
BindingGroup: Data_Profunctor_Closed_closedFunction type: Other vars: 
BOXUNBOX FUNC: expStr=purust_core::Func1<crate::UnknownType, crate::UnknownType> actStr=purust_core::Func3<purust_core::Func1<crate::UnknownType, crate::UnknownType>, purust_core::Func1<crate::UnknownType, crate::UnknownType>, crate::UnknownType, crate::UnknownType>
findFfiFile [Data.Profunctor.Closed] -> null
Found FFI for Data.Profunctor.Closed at: Nothing
Found FFI for Data.Profunctor.Closed at: Nothing
BindingGroup: Data_Profunctor_Strong_fanout type: ConstrainedType(Func) vars: a, b, c, p
UNSAFE_COERCE GENERATED: expStr=b actStr=a expTy=TypeVar(b) actTy=TypeVar(a)
UNSAFE_COERCE GENERATED: expStr=b actStr=std::rc::Rc<Purs_Data_Tuple::Tuple<a, a>> expTy=TypeVar(b) actTy=Other
BOXUNBOX EQUAL ARITY: expStr=purust_core::Func1<c, crate::UnknownType> actStr=purust_core::Func1<c, c>
FUNCTION Data_Profunctor_Strong_fanout args: 4 extracted: Just
BindingGroup: Data_Profunctor_Strong_splitStrong type: ConstrainedType(Func) vars: a, b, c, d, p
FUNCTION Data_Profunctor_Strong_splitStrong args: 4 extracted: Just
BindingGroup: Data_Profunctor_Strong_first type: ForAll(ConstrainedType(Func)) vars: 
FUNCTION Data_Profunctor_Strong_first args: 2 extracted: Nothing
BindingGroup: Data_Profunctor_Strong_second type: ForAll(ConstrainedType(Func)) vars: 
FUNCTION Data_Profunctor_Strong_second args: 2 extracted: Nothing
BindingGroup: Data_Profunctor_Strong_strongFn type: Other vars: 
BOXUNBOX FUNC: expStr=purust_core::Func1<crate::UnknownType, crate::UnknownType> actStr=purust_core::Func2<purust_core::Func1<crate::UnknownType, crate::UnknownType>, std::rc::Rc<Purs_Data_Tuple::Tuple<crate::UnknownType, crate::UnknownType>>, std::rc::Rc<Purs_Data_Tuple::Tuple<crate::UnknownType, crate::UnknownType>>>
BOXUNBOX FUNC: expStr=purust_core::Func1<crate::UnknownType, crate::UnknownType> actStr=purust_core::Func2<purust_core::Func1<crate::UnknownType, crate::UnknownType>, std::rc::Rc<Purs_Data_Tuple::Tuple<crate::UnknownType, crate::UnknownType>>, std::rc::Rc<Purs_Data_Tuple::Tuple<crate::UnknownType, crate::UnknownType>>>
findFfiFile [Data.Profunctor.Strong] -> null
Found FFI for Data.Profunctor.Strong at: Nothing
Found FFI for Data.Profunctor.Strong at: Nothing
BindingGroup: Data_Functor_Costar_invariantCostar type: Other vars: a, f
BOXUNBOX FUNC: expStr=purust_core::Func3<purust_core::Func1<a, crate::UnknownType>, purust_core::Func1<crate::UnknownType, a>, crate::UnknownType, crate::UnknownType> actStr=purust_core::Func4<purust_core::Func1<a, crate::UnknownType>, purust_core::Func1<crate::UnknownType, a>, purust_core::Func1<crate::UnknownType, a>, crate::UnknownType, crate::UnknownType>
BindingGroup: Data_Functor_Costar_functorCostar type: Other vars: a, f
BOXUNBOX FUNC: expStr=purust_core::Func2<purust_core::Func1<a, crate::UnknownType>, crate::UnknownType, crate::UnknownType> actStr=purust_core::Func3<purust_core::Func1<a, crate::UnknownType>, purust_core::Func1<crate::UnknownType, a>, crate::UnknownType, crate::UnknownType>
BindingGroup: Data_Functor_Costar_hoistCostar type: Func vars: a, b, f, g
FUNCTION Data_Functor_Costar_hoistCostar args: 3 extracted: Just
BindingGroup: Data_Functor_Costar_newtypeCostar type: TypeApp(Other, [...]) vars: a, b, f
BindingGroup: Data_Functor_Costar_strongCostar type: ConstrainedType(Other) vars: a, b, f
UNSAFE_COERCE GENERATED: expStr=std::rc::Rc<Purs_Data_Tuple::Tuple<a, crate::UnknownType>> actStr=a expTy=Other actTy=TypeVar(a)
UNSAFE_COERCE GENERATED: expStr=b actStr=a expTy=TypeVar(b) actTy=TypeVar(a)
BOXUNBOX EQUAL ARITY: expStr=purust_core::Func1<a, b> actStr=purust_core::Func1<std::rc::Rc<Purs_Data_Tuple::Tuple<a, crate::UnknownType>>, a>
UNSAFE_COERCE GENERATED: expStr=a actStr=b expTy=TypeVar(a) actTy=TypeVar(b)
UNSAFE_COERCE GENERATED: expStr=std::rc::Rc<Purs_Data_Tuple::Tuple> actStr=a expTy=Other actTy=TypeVar(a)
BOXUNBOX FUNC: expStr=purust_core::Func1<crate::UnknownType, crate::UnknownType> actStr=purust_core::Func2<purust_core::Func1<crate::UnknownType, b>, crate::UnknownType, std::rc::Rc<Purs_Data_Tuple::Tuple<b, crate::UnknownType>>>
UNSAFE_COERCE GENERATED: expStr=std::rc::Rc<Purs_Data_Tuple::Tuple> actStr=a expTy=Other actTy=TypeVar(a)
UNSAFE_COERCE GENERATED: expStr=std::rc::Rc<Purs_Data_Tuple::Tuple<a, b>> actStr=a expTy=Other actTy=TypeVar(a)
BOXUNBOX EQUAL ARITY: expStr=purust_core::Func1<a, b> actStr=purust_core::Func1<std::rc::Rc<Purs_Data_Tuple::Tuple<a, b>>, b>
BOXUNBOX FUNC: expStr=purust_core::Func1<crate::UnknownType, crate::UnknownType> actStr=purust_core::Func2<purust_core::Func1<crate::UnknownType, crate::UnknownType>, crate::UnknownType, std::rc::Rc<Purs_Data_Tuple::Tuple<a, crate::UnknownType>>>
FUNCTION Data_Functor_Costar_strongCostar args: 1 extracted: Just
BindingGroup: Data_Functor_Costar_profunctorCostar type: ConstrainedType(Other) vars: a, b, f
BOXUNBOX FUNC: expStr=purust_core::Func3<purust_core::Func1<a, b>, purust_core::Func1<crate::UnknownType, crate::UnknownType>, crate::UnknownType, crate::UnknownType> actStr=purust_core::Func4<purust_core::Func1<a, b>, purust_core::Func1<crate::UnknownType, crate::UnknownType>, purust_core::Func1<crate::UnknownType, crate::UnknownType>, crate::UnknownType, crate::UnknownType>
FUNCTION Data_Functor_Costar_profunctorCostar args: 1 extracted: Just
BindingGroup: Data_Functor_Costar_semigroupoidCostar type: ConstrainedType(TypeApp(Other, [...])) vars: a, b, f
BOXUNBOX EQUAL ARITY: expStr=purust_core::Func1<crate::UnknownType, b> actStr=purust_core::Func1<crate::UnknownType, crate::UnknownType>
BOXUNBOX FUNC: expStr=purust_core::Func2<crate::UnknownType, crate::UnknownType, crate::UnknownType> actStr=purust_core::Func3<purust_core::Func1<crate::UnknownType, crate::UnknownType>, purust_core::Func1<crate::UnknownType, crate::UnknownType>, crate::UnknownType, crate::UnknownType>
FUNCTION Data_Functor_Costar_semigroupoidCostar args: 1 extracted: Just
BindingGroup: Data_Functor_Costar_Costar type: Func vars: 
FUNCTION Data_Functor_Costar_Costar args: 1 extracted: Just
BindingGroup: Data_Functor_Costar_distributiveCostar type: Other vars: a, f
BOXUNBOX EQUAL ARITY: expStr=purust_core::Func1<a, crate::UnknownType> actStr=purust_core::Func1<purust_core::Func1<crate::UnknownType, a>, a>
BOXUNBOX FUNC: expStr=purust_core::Func2<std::rc::Rc<Purs_Data_Functor::Functor<crate::UnknownType>>, crate::UnknownType, crate::UnknownType> actStr=purust_core::Func3<std::rc::Rc<Purs_Data_Functor::Functor<crate::UnknownType>>, crate::UnknownType, crate::UnknownType, crate::UnknownType>
BOXUNBOX FUNC: expStr=purust_core::Func1<a, crate::UnknownType> actStr=purust_core::Func2<a, crate::UnknownType, crate::UnknownType>
BOXUNBOX EQUAL ARITY: expStr=purust_core::Func1<a, crate::UnknownType> actStr=purust_core::Func1<purust_core::Func1<crate::UnknownType, a>, a>
BOXUNBOX FUNC: expStr=purust_core::Func3<std::rc::Rc<Purs_Data_Functor::Functor<crate::UnknownType>>, purust_core::Func1<a, crate::UnknownType>, crate::UnknownType, crate::UnknownType> actStr=purust_core::Func4<std::rc::Rc<Purs_Data_Functor::Functor<crate::UnknownType>>, purust_core::Func2<a, crate::UnknownType, crate::UnknownType>, crate::UnknownType, crate::UnknownType, crate::UnknownType>
BindingGroup: Data_Functor_Costar_monadCostar type: Other vars: a, f
BindingGroup: Data_Functor_Costar_applicativeCostar type: Other vars: a, f
BOXUNBOX FUNC: expStr=purust_core::Func1<a, crate::UnknownType> actStr=purust_core::Func2<a, crate::UnknownType, a>
BindingGroup: Data_Functor_Costar_bindCostar type: Other vars: a, f
BOXUNBOX FUNC: expStr=purust_core::Func2<crate::UnknownType, purust_core::Func1<a, crate::UnknownType>, crate::UnknownType> actStr=purust_core::Func3<purust_core::Func1<crate::UnknownType, a>, purust_core::Func2<a, crate::UnknownType, crate::UnknownType>, crate::UnknownType, crate::UnknownType>
BindingGroup: Data_Functor_Costar_applyCostar type: Other vars: a, f
BOXUNBOX FUNC: expStr=purust_core::Func2<crate::UnknownType, crate::UnknownType, crate::UnknownType> actStr=purust_core::Func3<purust_core::Func2<crate::UnknownType, a, crate::UnknownType>, purust_core::Func1<crate::UnknownType, a>, crate::UnknownType, crate::UnknownType>
BindingGroup: Data_Functor_Costar_bifunctorCostar type: ConstrainedType(Other) vars: a, b, f
UNSAFE_COERCE GENERATED: expStr=a actStr=b expTy=TypeVar(a) actTy=TypeVar(b)
UNSAFE_COERCE GENERATED: expStr=a actStr=b expTy=TypeVar(a) actTy=TypeVar(b)
BOXUNBOX EQUAL ARITY: expStr=purust_core::Func1<b, a> actStr=purust_core::Func1<a, b>
BOXUNBOX FUNC: expStr=purust_core::Func3<purust_core::Func1<a, b>, purust_core::Func1<crate::UnknownType, crate::UnknownType>, crate::UnknownType, crate::UnknownType> actStr=purust_core::Func4<purust_core::Func1<a, b>, purust_core::Func1<crate::UnknownType, crate::UnknownType>, purust_core::Func1<crate::UnknownType, crate::UnknownType>, crate::UnknownType, crate::UnknownType>
FUNCTION Data_Functor_Costar_bifunctorCostar args: 1 extracted: Just
BindingGroup: Data_Functor_Costar_categoryCostar type: ConstrainedType(TypeApp(Other, [...])) vars: a, b, f
BOXUNBOX EQUAL ARITY: expStr=purust_core::Func1<crate::UnknownType, b> actStr=purust_core::Func1<crate::UnknownType, crate::UnknownType>
BOXUNBOX EQUAL ARITY: expStr=purust_core::Func1<crate::UnknownType, crate::UnknownType> actStr=purust_core::Func1<crate::UnknownType, a>
FUNCTION Data_Functor_Costar_categoryCostar args: 1 extracted: Just
BindingGroup: Data_Functor_Costar_closedCostar type: ConstrainedType(Other) vars: a, b, f
BOXUNBOX FUNC: expStr=purust_core::Func3<purust_core::Func1<a, b>, purust_core::Func1<crate::UnknownType, crate::UnknownType>, crate::UnknownType, crate::UnknownType> actStr=purust_core::Func4<purust_core::Func1<a, b>, purust_core::Func1<crate::UnknownType, crate::UnknownType>, purust_core::Func1<crate::UnknownType, crate::UnknownType>, crate::UnknownType, crate::UnknownType>
UNSAFE_COERCE GENERATED: expStr=b actStr=a expTy=TypeVar(b) actTy=TypeVar(a)
BOXUNBOX EQUAL ARITY: expStr=purust_core::Func1<a, b> actStr=purust_core::Func1<purust_core::Func1<crate::UnknownType, a>, a>
BOXUNBOX FUNC: expStr=purust_core::Func1<crate::UnknownType, crate::UnknownType> actStr=purust_core::Func3<purust_core::Func1<crate::UnknownType, b>, crate::UnknownType, crate::UnknownType, b>
FUNCTION Data_Functor_Costar_closedCostar args: 1 extracted: Just
findFfiFile [Data.Functor.Costar] -> null
Found FFI for Data.Functor.Costar at: Nothing
Found FFI for Data.Functor.Costar at: Nothing
BindingGroup: Data_Functor_Product_Nested_get1 type: Func vars: a, a0, f, g, z
FUNCTION Data_Functor_Product_Nested_get1 args: 1 extracted: Just
BindingGroup: Data_Functor_Product_Nested_get10 type: Func vars: a, a0, b, c, d, e, f, g, h, i, j, z
UNSAFE_COERCE GENERATED: expStr=std::rc::Rc<Purs_Data_Tuple::Tuple> actStr=b expTy=Other actTy=TypeVar(b)
UNSAFE_COERCE GENERATED: expStr=std::rc::Rc<Purs_Data_Tuple::Tuple> actStr=b expTy=Other actTy=TypeVar(b)
UNSAFE_COERCE GENERATED: expStr=std::rc::Rc<Purs_Data_Tuple::Tuple> actStr=b expTy=Other actTy=TypeVar(b)
UNSAFE_COERCE GENERATED: expStr=std::rc::Rc<Purs_Data_Tuple::Tuple> actStr=b expTy=Other actTy=TypeVar(b)
UNSAFE_COERCE GENERATED: expStr=std::rc::Rc<Purs_Data_Tuple::Tuple> actStr=b expTy=Other actTy=TypeVar(b)
UNSAFE_COERCE GENERATED: expStr=std::rc::Rc<Purs_Data_Tuple::Tuple> actStr=b expTy=Other actTy=TypeVar(b)
UNSAFE_COERCE GENERATED: expStr=std::rc::Rc<Purs_Data_Tuple::Tuple> actStr=b expTy=Other actTy=TypeVar(b)
UNSAFE_COERCE GENERATED: expStr=std::rc::Rc<Purs_Data_Tuple::Tuple> actStr=b expTy=Other actTy=TypeVar(b)
UNSAFE_COERCE GENERATED: expStr=std::rc::Rc<Purs_Data_Tuple::Tuple> actStr=b expTy=Other actTy=TypeVar(b)
FUNCTION Data_Functor_Product_Nested_get10 args: 1 extracted: Just
BindingGroup: Data_Functor_Product_Nested_get2 type: Func vars: a, a0, b, f, g, z
UNSAFE_COERCE GENERATED: expStr=std::rc::Rc<Purs_Data_Tuple::Tuple> actStr=b expTy=Other actTy=TypeVar(b)
FUNCTION Data_Functor_Product_Nested_get2 args: 1 extracted: Just
BindingGroup: Data_Functor_Product_Nested_get3 type: Func vars: a, a0, b, c, f, g, z
UNSAFE_COERCE GENERATED: expStr=std::rc::Rc<Purs_Data_Tuple::Tuple> actStr=b expTy=Other actTy=TypeVar(b)
UNSAFE_COERCE GENERATED: expStr=std::rc::Rc<Purs_Data_Tuple::Tuple> actStr=b expTy=Other actTy=TypeVar(b)
FUNCTION Data_Functor_Product_Nested_get3 args: 1 extracted: Just
BindingGroup: Data_Functor_Product_Nested_get4 type: Func vars: a, a0, b, c, d, f, g, z
UNSAFE_COERCE GENERATED: expStr=std::rc::Rc<Purs_Data_Tuple::Tuple> actStr=b expTy=Other actTy=TypeVar(b)
UNSAFE_COERCE GENERATED: expStr=std::rc::Rc<Purs_Data_Tuple::Tuple> actStr=b expTy=Other actTy=TypeVar(b)
UNSAFE_COERCE GENERATED: expStr=std::rc::Rc<Purs_Data_Tuple::Tuple> actStr=b expTy=Other actTy=TypeVar(b)
FUNCTION Data_Functor_Product_Nested_get4 args: 1 extracted: Just
BindingGroup: Data_Functor_Product_Nested_get5 type: Func vars: a, a0, b, c, d, e, f, g, z
UNSAFE_COERCE GENERATED: expStr=std::rc::Rc<Purs_Data_Tuple::Tuple> actStr=b expTy=Other actTy=TypeVar(b)
UNSAFE_COERCE GENERATED: expStr=std::rc::Rc<Purs_Data_Tuple::Tuple> actStr=b expTy=Other actTy=TypeVar(b)
UNSAFE_COERCE GENERATED: expStr=std::rc::Rc<Purs_Data_Tuple::Tuple> actStr=b expTy=Other actTy=TypeVar(b)
UNSAFE_COERCE GENERATED: expStr=std::rc::Rc<Purs_Data_Tuple::Tuple> actStr=b expTy=Other actTy=TypeVar(b)
FUNCTION Data_Functor_Product_Nested_get5 args: 1 extracted: Just
BindingGroup: Data_Functor_Product_Nested_get6 type: Func vars: a, a0, b, c, d, e, f, g, z
UNSAFE_COERCE GENERATED: expStr=std::rc::Rc<Purs_Data_Tuple::Tuple> actStr=b expTy=Other actTy=TypeVar(b)
UNSAFE_COERCE GENERATED: expStr=std::rc::Rc<Purs_Data_Tuple::Tuple> actStr=b expTy=Other actTy=TypeVar(b)
UNSAFE_COERCE GENERATED: expStr=std::rc::Rc<Purs_Data_Tuple::Tuple> actStr=b expTy=Other actTy=TypeVar(b)
UNSAFE_COERCE GENERATED: expStr=std::rc::Rc<Purs_Data_Tuple::Tuple> actStr=b expTy=Other actTy=TypeVar(b)
UNSAFE_COERCE GENERATED: expStr=std::rc::Rc<Purs_Data_Tuple::Tuple> actStr=b expTy=Other actTy=TypeVar(b)
FUNCTION Data_Functor_Product_Nested_get6 args: 1 extracted: Just
BindingGroup: Data_Functor_Product_Nested_get7 type: Func vars: a, a0, b, c, d, e, f, g, z
UNSAFE_COERCE GENERATED: expStr=std::rc::Rc<Purs_Data_Tuple::Tuple> actStr=b expTy=Other actTy=TypeVar(b)
UNSAFE_COERCE GENERATED: expStr=std::rc::Rc<Purs_Data_Tuple::Tuple> actStr=b expTy=Other actTy=TypeVar(b)
UNSAFE_COERCE GENERATED: expStr=std::rc::Rc<Purs_Data_Tuple::Tuple> actStr=b expTy=Other actTy=TypeVar(b)
UNSAFE_COERCE GENERATED: expStr=std::rc::Rc<Purs_Data_Tuple::Tuple> actStr=b expTy=Other actTy=TypeVar(b)
UNSAFE_COERCE GENERATED: expStr=std::rc::Rc<Purs_Data_Tuple::Tuple> actStr=b expTy=Other actTy=TypeVar(b)
UNSAFE_COERCE GENERATED: expStr=std::rc::Rc<Purs_Data_Tuple::Tuple> actStr=b expTy=Other actTy=TypeVar(b)
FUNCTION Data_Functor_Product_Nested_get7 args: 1 extracted: Just
BindingGroup: Data_Functor_Product_Nested_get8 type: Func vars: a, a0, b, c, d, e, f, g, h, z
UNSAFE_COERCE GENERATED: expStr=std::rc::Rc<Purs_Data_Tuple::Tuple> actStr=b expTy=Other actTy=TypeVar(b)
UNSAFE_COERCE GENERATED: expStr=std::rc::Rc<Purs_Data_Tuple::Tuple> actStr=b expTy=Other actTy=TypeVar(b)
UNSAFE_COERCE GENERATED: expStr=std::rc::Rc<Purs_Data_Tuple::Tuple> actStr=b expTy=Other actTy=TypeVar(b)
UNSAFE_COERCE GENERATED: expStr=std::rc::Rc<Purs_Data_Tuple::Tuple> actStr=b expTy=Other actTy=TypeVar(b)
UNSAFE_COERCE GENERATED: expStr=std::rc::Rc<Purs_Data_Tuple::Tuple> actStr=b expTy=Other actTy=TypeVar(b)
UNSAFE_COERCE GENERATED: expStr=std::rc::Rc<Purs_Data_Tuple::Tuple> actStr=b expTy=Other actTy=TypeVar(b)
UNSAFE_COERCE GENERATED: expStr=std::rc::Rc<Purs_Data_Tuple::Tuple> actStr=b expTy=Other actTy=TypeVar(b)
FUNCTION Data_Functor_Product_Nested_get8 args: 1 extracted: Just
BindingGroup: Data_Functor_Product_Nested_get9 type: Func vars: a, a0, b, c, d, e, f, g, h, i, z
UNSAFE_COERCE GENERATED: expStr=std::rc::Rc<Purs_Data_Tuple::Tuple> actStr=b expTy=Other actTy=TypeVar(b)
UNSAFE_COERCE GENERATED: expStr=std::rc::Rc<Purs_Data_Tuple::Tuple> actStr=b expTy=Other actTy=TypeVar(b)
UNSAFE_COERCE GENERATED: expStr=std::rc::Rc<Purs_Data_Tuple::Tuple> actStr=b expTy=Other actTy=TypeVar(b)
UNSAFE_COERCE GENERATED: expStr=std::rc::Rc<Purs_Data_Tuple::Tuple> actStr=b expTy=Other actTy=TypeVar(b)
UNSAFE_COERCE GENERATED: expStr=std::rc::Rc<Purs_Data_Tuple::Tuple> actStr=b expTy=Other actTy=TypeVar(b)
UNSAFE_COERCE GENERATED: expStr=std::rc::Rc<Purs_Data_Tuple::Tuple> actStr=b expTy=Other actTy=TypeVar(b)
UNSAFE_COERCE GENERATED: expStr=std::rc::Rc<Purs_Data_Tuple::Tuple> actStr=b expTy=Other actTy=TypeVar(b)
UNSAFE_COERCE GENERATED: expStr=std::rc::Rc<Purs_Data_Tuple::Tuple> actStr=b expTy=Other actTy=TypeVar(b)
FUNCTION Data_Functor_Product_Nested_get9 args: 1 extracted: Just
BindingGroup: Data_Functor_Product_Nested_product1 type: Func vars: a, a0, f, g
FUNCTION Data_Functor_Product_Nested_product1 args: 1 extracted: Just
BindingGroup: Data_Functor_Product_Nested_product10 type: Func vars: a, b, c, d, e, f, g, h, i, j, x
UNSAFE_COERCE GENERATED: expStr=b actStr=std::rc::Rc<Purs_Data_Tuple::Tuple<crate::UnknownType, crate::UnknownType, j, crate::UnknownType, x>> expTy=TypeVar(b) actTy=TypeApp(Other, [...])
UNSAFE_COERCE GENERATED: expStr=b actStr=std::rc::Rc<Purs_Data_Tuple::Tuple<crate::UnknownType, crate::UnknownType, i, std::rc::Rc<Purs_Data_Tuple::Tuple<crate::UnknownType, crate::UnknownType, j, crate::UnknownType>>, x>> expTy=TypeVar(b) actTy=TypeApp(Other, [...])
UNSAFE_COERCE GENERATED: expStr=b actStr=std::rc::Rc<Purs_Data_Tuple::Tuple<crate::UnknownType, crate::UnknownType, h, std::rc::Rc<Purs_Data_Tuple::Tuple<crate::UnknownType, crate::UnknownType, i, std::rc::Rc<Purs_Data_Tuple::Tuple<crate::UnknownType, crate::UnknownType, j, crate::UnknownType>>>>, x>> expTy=TypeVar(b) actTy=TypeApp(Other, [...])
UNSAFE_COERCE GENERATED: expStr=b actStr=std::rc::Rc<Purs_Data_Tuple::Tuple<crate::UnknownType, crate::UnknownType, g, std::rc::Rc<Purs_Data_Tuple::Tuple<crate::UnknownType, crate::UnknownType, h, std::rc::Rc<Purs_Data_Tuple::Tuple<crate::UnknownType, crate::UnknownType, i, std::rc::Rc<Purs_Data_Tuple::Tuple<crate::UnknownType, crate::UnknownType, j, crate::UnknownType>>>>>>, x>> expTy=TypeVar(b) actTy=TypeApp(Other, [...])
UNSAFE_COERCE GENERATED: expStr=b actStr=std::rc::Rc<Purs_Data_Tuple::Tuple<crate::UnknownType, crate::UnknownType, f, std::rc::Rc<Purs_Data_Tuple::Tuple<crate::UnknownType, crate::UnknownType, g, std::rc::Rc<Purs_Data_Tuple::Tuple<crate::UnknownType, crate::UnknownType, h, std::rc::Rc<Purs_Data_Tuple::Tuple<crate::UnknownType, crate::UnknownType, i, std::rc::Rc<Purs_Data_Tuple::Tuple<crate::UnknownType, crate::UnknownType, j, crate::UnknownType>>>>>>>>, x>> expTy=TypeVar(b) actTy=TypeApp(Other, [...])
UNSAFE_COERCE GENERATED: expStr=b actStr=std::rc::Rc<Purs_Data_Tuple::Tuple<crate::UnknownType, crate::UnknownType, e, std::rc::Rc<Purs_Data_Tuple::Tuple<crate::UnknownType, crate::UnknownType, f, std::rc::Rc<Purs_Data_Tuple::Tuple<crate::UnknownType, crate::UnknownType, g, std::rc::Rc<Purs_Data_Tuple::Tuple<crate::UnknownType, crate::UnknownType, h, std::rc::Rc<Purs_Data_Tuple::Tuple<crate::UnknownType, crate::UnknownType, i, std::rc::Rc<Purs_Data_Tuple::Tuple<crate::UnknownType, crate::UnknownType, j, crate::UnknownType>>>>>>>>>>, x>> expTy=TypeVar(b) actTy=TypeApp(Other, [...])
UNSAFE_COERCE GENERATED: expStr=b actStr=std::rc::Rc<Purs_Data_Tuple::Tuple<crate::UnknownType, crate::UnknownType, d, std::rc::Rc<Purs_Data_Tuple::Tuple<crate::UnknownType, crate::UnknownType, e, std::rc::Rc<Purs_Data_Tuple::Tuple<crate::UnknownType, crate::UnknownType, f, std::rc::Rc<Purs_Data_Tuple::Tuple<crate::UnknownType, crate::UnknownType, g, std::rc::Rc<Purs_Data_Tuple::Tuple<crate::UnknownType, crate::UnknownType, h, std::rc::Rc<Purs_Data_Tuple::Tuple<crate::UnknownType, crate::UnknownType, i, std::rc::Rc<Purs_Data_Tuple::Tuple<crate::UnknownType, crate::UnknownType, j, crate::UnknownType>>>>>>>>>>>>, x>> expTy=TypeVar(b) actTy=TypeApp(Other, [...])
UNSAFE_COERCE GENERATED: expStr=b actStr=std::rc::Rc<Purs_Data_Tuple::Tuple<crate::UnknownType, crate::UnknownType, c, std::rc::Rc<Purs_Data_Tuple::Tuple<crate::UnknownType, crate::UnknownType, d, std::rc::Rc<Purs_Data_Tuple::Tuple<crate::UnknownType, crate::UnknownType, e, std::rc::Rc<Purs_Data_Tuple::Tuple<crate::UnknownType, crate::UnknownType, f, std::rc::Rc<Purs_Data_Tuple::Tuple<crate::UnknownType, crate::UnknownType, g, std::rc::Rc<Purs_Data_Tuple::Tuple<crate::UnknownType, crate::UnknownType, h, std::rc::Rc<Purs_Data_Tuple::Tuple<crate::UnknownType, crate::UnknownType, i, std::rc::Rc<Purs_Data_Tuple::Tuple<crate::UnknownType, crate::UnknownType, j, crate::UnknownType>>>>>>>>>>>>>>, x>> expTy=TypeVar(b) actTy=TypeApp(Other, [...])
UNSAFE_COERCE GENERATED: expStr=b actStr=std::rc::Rc<Purs_Data_Tuple::Tuple<crate::UnknownType, crate::UnknownType, b, std::rc::Rc<Purs_Data_Tuple::Tuple<crate::UnknownType, crate::UnknownType, c, std::rc::Rc<Purs_Data_Tuple::Tuple<crate::UnknownType, crate::UnknownType, d, std::rc::Rc<Purs_Data_Tuple::Tuple<crate::UnknownType, crate::UnknownType, e, std::rc::Rc<Purs_Data_Tuple::Tuple<crate::UnknownType, crate::UnknownType, f, std::rc::Rc<Purs_Data_Tuple::Tuple<crate::UnknownType, crate::UnknownType, g, std::rc::Rc<Purs_Data_Tuple::Tuple<crate::UnknownType, crate::UnknownType, h, std::rc::Rc<Purs_Data_Tuple::Tuple<crate::UnknownType, crate::UnknownType, i, std::rc::Rc<Purs_Data_Tuple::Tuple<crate::UnknownType, crate::UnknownType, j, crate::UnknownType>>>>>>>>>>>>>>>>, x>> expTy=TypeVar(b) actTy=TypeApp(Other, [...])
FUNCTION Data_Functor_Product_Nested_product10 args: 10 extracted: Just
BindingGroup: Data_Functor_Product_Nested_product2 type: Func vars: a, b, f, g, x
UNSAFE_COERCE GENERATED: expStr=b actStr=std::rc::Rc<Purs_Data_Tuple::Tuple<crate::UnknownType, crate::UnknownType, b, crate::UnknownType, x>> expTy=TypeVar(b) actTy=TypeApp(Other, [...])
FUNCTION Data_Functor_Product_Nested_product2 args: 2 extracted: Just
BindingGroup: Data_Functor_Product_Nested_product3 type: Func vars: a, b, c, f, g, x
UNSAFE_COERCE GENERATED: expStr=b actStr=std::rc::Rc<Purs_Data_Tuple::Tuple<crate::UnknownType, crate::UnknownType, c, crate::UnknownType, x>> expTy=TypeVar(b) actTy=TypeApp(Other, [...])
UNSAFE_COERCE GENERATED: expStr=b actStr=std::rc::Rc<Purs_Data_Tuple::Tuple<crate::UnknownType, crate::UnknownType, b, std::rc::Rc<Purs_Data_Tuple::Tuple<crate::UnknownType, crate::UnknownType, c, crate::UnknownType>>, x>> expTy=TypeVar(b) actTy=TypeApp(Other, [...])
FUNCTION Data_Functor_Product_Nested_product3 args: 3 extracted: Just
BindingGroup: Data_Functor_Product_Nested_product4 type: Func vars: a, b, c, d, f, g, x
UNSAFE_COERCE GENERATED: expStr=b actStr=std::rc::Rc<Purs_Data_Tuple::Tuple<crate::UnknownType, crate::UnknownType, d, crate::UnknownType, x>> expTy=TypeVar(b) actTy=TypeApp(Other, [...])
UNSAFE_COERCE GENERATED: expStr=b actStr=std::rc::Rc<Purs_Data_Tuple::Tuple<crate::UnknownType, crate::UnknownType, c, std::rc::Rc<Purs_Data_Tuple::Tuple<crate::UnknownType, crate::UnknownType, d, crate::UnknownType>>, x>> expTy=TypeVar(b) actTy=TypeApp(Other, [...])
UNSAFE_COERCE GENERATED: expStr=b actStr=std::rc::Rc<Purs_Data_Tuple::Tuple<crate::UnknownType, crate::UnknownType, b, std::rc::Rc<Purs_Data_Tuple::Tuple<crate::UnknownType, crate::UnknownType, c, std::rc::Rc<Purs_Data_Tuple::Tuple<crate::UnknownType, crate::UnknownType, d, crate::UnknownType>>>>, x>> expTy=TypeVar(b) actTy=TypeApp(Other, [...])
FUNCTION Data_Functor_Product_Nested_product4 args: 4 extracted: Just
BindingGroup: Data_Functor_Product_Nested_product5 type: Func vars: a, b, c, d, e, f, g, x
UNSAFE_COERCE GENERATED: expStr=b actStr=std::rc::Rc<Purs_Data_Tuple::Tuple<crate::UnknownType, crate::UnknownType, e, crate::UnknownType, x>> expTy=TypeVar(b) actTy=TypeApp(Other, [...])
UNSAFE_COERCE GENERATED: expStr=b actStr=std::rc::Rc<Purs_Data_Tuple::Tuple<crate::UnknownType, crate::UnknownType, d, std::rc::Rc<Purs_Data_Tuple::Tuple<crate::UnknownType, crate::UnknownType, e, crate::UnknownType>>, x>> expTy=TypeVar(b) actTy=TypeApp(Other, [...])
UNSAFE_COERCE GENERATED: expStr=b actStr=std::rc::Rc<Purs_Data_Tuple::Tuple<crate::UnknownType, crate::UnknownType, c, std::rc::Rc<Purs_Data_Tuple::Tuple<crate::UnknownType, crate::UnknownType, d, std::rc::Rc<Purs_Data_Tuple::Tuple<crate::UnknownType, crate::UnknownType, e, crate::UnknownType>>>>, x>> expTy=TypeVar(b) actTy=TypeApp(Other, [...])
UNSAFE_COERCE GENERATED: expStr=b actStr=std::rc::Rc<Purs_Data_Tuple::Tuple<crate::UnknownType, crate::UnknownType, b, std::rc::Rc<Purs_Data_Tuple::Tuple<crate::UnknownType, crate::UnknownType, c, std::rc::Rc<Purs_Data_Tuple::Tuple<crate::UnknownType, crate::UnknownType, d, std::rc::Rc<Purs_Data_Tuple::Tuple<crate::UnknownType, crate::UnknownType, e, crate::UnknownType>>>>>>, x>> expTy=TypeVar(b) actTy=TypeApp(Other, [...])
FUNCTION Data_Functor_Product_Nested_product5 args: 5 extracted: Just
BindingGroup: Data_Functor_Product_Nested_product6 type: Func vars: a, b, c, d, e, f, g, x
UNSAFE_COERCE GENERATED: expStr=b actStr=std::rc::Rc<Purs_Data_Tuple::Tuple<crate::UnknownType, crate::UnknownType, f, crate::UnknownType, x>> expTy=TypeVar(b) actTy=TypeApp(Other, [...])
UNSAFE_COERCE GENERATED: expStr=b actStr=std::rc::Rc<Purs_Data_Tuple::Tuple<crate::UnknownType, crate::UnknownType, e, std::rc::Rc<Purs_Data_Tuple::Tuple<crate::UnknownType, crate::UnknownType, f, crate::UnknownType>>, x>> expTy=TypeVar(b) actTy=TypeApp(Other, [...])
UNSAFE_COERCE GENERATED: expStr=b actStr=std::rc::Rc<Purs_Data_Tuple::Tuple<crate::UnknownType, crate::UnknownType, d, std::rc::Rc<Purs_Data_Tuple::Tuple<crate::UnknownType, crate::UnknownType, e, std::rc::Rc<Purs_Data_Tuple::Tuple<crate::UnknownType, crate::UnknownType, f, crate::UnknownType>>>>, x>> expTy=TypeVar(b) actTy=TypeApp(Other, [...])
UNSAFE_COERCE GENERATED: expStr=b actStr=std::rc::Rc<Purs_Data_Tuple::Tuple<crate::UnknownType, crate::UnknownType, c, std::rc::Rc<Purs_Data_Tuple::Tuple<crate::UnknownType, crate::UnknownType, d, std::rc::Rc<Purs_Data_Tuple::Tuple<crate::UnknownType, crate::UnknownType, e, std::rc::Rc<Purs_Data_Tuple::Tuple<crate::UnknownType, crate::UnknownType, f, crate::UnknownType>>>>>>, x>> expTy=TypeVar(b) actTy=TypeApp(Other, [...])
UNSAFE_COERCE GENERATED: expStr=b actStr=std::rc::Rc<Purs_Data_Tuple::Tuple<crate::UnknownType, crate::UnknownType, b, std::rc::Rc<Purs_Data_Tuple::Tuple<crate::UnknownType, crate::UnknownType, c, std::rc::Rc<Purs_Data_Tuple::Tuple<crate::UnknownType, crate::UnknownType, d, std::rc::Rc<Purs_Data_Tuple::Tuple<crate::UnknownType, crate::UnknownType, e, std::rc::Rc<Purs_Data_Tuple::Tuple<crate::UnknownType, crate::UnknownType, f, crate::UnknownType>>>>>>>>, x>> expTy=TypeVar(b) actTy=TypeApp(Other, [...])
FUNCTION Data_Functor_Product_Nested_product6 args: 6 extracted: Just
BindingGroup: Data_Functor_Product_Nested_product7 type: Func vars: a, b, c, d, e, f, g, x
UNSAFE_COERCE GENERATED: expStr=b actStr=std::rc::Rc<Purs_Data_Tuple::Tuple<crate::UnknownType, crate::UnknownType, g, crate::UnknownType, x>> expTy=TypeVar(b) actTy=TypeApp(Other, [...])
UNSAFE_COERCE GENERATED: expStr=b actStr=std::rc::Rc<Purs_Data_Tuple::Tuple<crate::UnknownType, crate::UnknownType, f, std::rc::Rc<Purs_Data_Tuple::Tuple<crate::UnknownType, crate::UnknownType, g, crate::UnknownType>>, x>> expTy=TypeVar(b) actTy=TypeApp(Other, [...])
UNSAFE_COERCE GENERATED: expStr=b actStr=std::rc::Rc<Purs_Data_Tuple::Tuple<crate::UnknownType, crate::UnknownType, e, std::rc::Rc<Purs_Data_Tuple::Tuple<crate::UnknownType, crate::UnknownType, f, std::rc::Rc<Purs_Data_Tuple::Tuple<crate::UnknownType, crate::UnknownType, g, crate::UnknownType>>>>, x>> expTy=TypeVar(b) actTy=TypeApp(Other, [...])
UNSAFE_COERCE GENERATED: expStr=b actStr=std::rc::Rc<Purs_Data_Tuple::Tuple<crate::UnknownType, crate::UnknownType, d, std::rc::Rc<Purs_Data_Tuple::Tuple<crate::UnknownType, crate::UnknownType, e, std::rc::Rc<Purs_Data_Tuple::Tuple<crate::UnknownType, crate::UnknownType, f, std::rc::Rc<Purs_Data_Tuple::Tuple<crate::UnknownType, crate::UnknownType, g, crate::UnknownType>>>>>>, x>> expTy=TypeVar(b) actTy=TypeApp(Other, [...])
UNSAFE_COERCE GENERATED: expStr=b actStr=std::rc::Rc<Purs_Data_Tuple::Tuple<crate::UnknownType, crate::UnknownType, c, std::rc::Rc<Purs_Data_Tuple::Tuple<crate::UnknownType, crate::UnknownType, d, std::rc::Rc<Purs_Data_Tuple::Tuple<crate::UnknownType, crate::UnknownType, e, std::rc::Rc<Purs_Data_Tuple::Tuple<crate::UnknownType, crate::UnknownType, f, std::rc::Rc<Purs_Data_Tuple::Tuple<crate::UnknownType, crate::UnknownType, g, crate::UnknownType>>>>>>>>, x>> expTy=TypeVar(b) actTy=TypeApp(Other, [...])
UNSAFE_COERCE GENERATED: expStr=b actStr=std::rc::Rc<Purs_Data_Tuple::Tuple<crate::UnknownType, crate::UnknownType, b, std::rc::Rc<Purs_Data_Tuple::Tuple<crate::UnknownType, crate::UnknownType, c, std::rc::Rc<Purs_Data_Tuple::Tuple<crate::UnknownType, crate::UnknownType, d, std::rc::Rc<Purs_Data_Tuple::Tuple<crate::UnknownType, crate::UnknownType, e, std::rc::Rc<Purs_Data_Tuple::Tuple<crate::UnknownType, crate::UnknownType, f, std::rc::Rc<Purs_Data_Tuple::Tuple<crate::UnknownType, crate::UnknownType, g, crate::UnknownType>>>>>>>>>>, x>> expTy=TypeVar(b) actTy=TypeApp(Other, [...])
FUNCTION Data_Functor_Product_Nested_product7 args: 7 extracted: Just
BindingGroup: Data_Functor_Product_Nested_product8 type: Func vars: a, b, c, d, e, f, g, h, x
UNSAFE_COERCE GENERATED: expStr=b actStr=std::rc::Rc<Purs_Data_Tuple::Tuple<crate::UnknownType, crate::UnknownType, h, crate::UnknownType, x>> expTy=TypeVar(b) actTy=TypeApp(Other, [...])
UNSAFE_COERCE GENERATED: expStr=b actStr=std::rc::Rc<Purs_Data_Tuple::Tuple<crate::UnknownType, crate::UnknownType, g, std::rc::Rc<Purs_Data_Tuple::Tuple<crate::UnknownType, crate::UnknownType, h, crate::UnknownType>>, x>> expTy=TypeVar(b) actTy=TypeApp(Other, [...])
UNSAFE_COERCE GENERATED: expStr=b actStr=std::rc::Rc<Purs_Data_Tuple::Tuple<crate::UnknownType, crate::UnknownType, f, std::rc::Rc<Purs_Data_Tuple::Tuple<crate::UnknownType, crate::UnknownType, g, std::rc::Rc<Purs_Data_Tuple::Tuple<crate::UnknownType, crate::UnknownType, h, crate::UnknownType>>>>, x>> expTy=TypeVar(b) actTy=TypeApp(Other, [...])
UNSAFE_COERCE GENERATED: expStr=b actStr=std::rc::Rc<Purs_Data_Tuple::Tuple<crate::UnknownType, crate::UnknownType, e, std::rc::Rc<Purs_Data_Tuple::Tuple<crate::UnknownType, crate::UnknownType, f, std::rc::Rc<Purs_Data_Tuple::Tuple<crate::UnknownType, crate::UnknownType, g, std::rc::Rc<Purs_Data_Tuple::Tuple<crate::UnknownType, crate::UnknownType, h, crate::UnknownType>>>>>>, x>> expTy=TypeVar(b) actTy=TypeApp(Other, [...])
UNSAFE_COERCE GENERATED: expStr=b actStr=std::rc::Rc<Purs_Data_Tuple::Tuple<crate::UnknownType, crate::UnknownType, d, std::rc::Rc<Purs_Data_Tuple::Tuple<crate::UnknownType, crate::UnknownType, e, std::rc::Rc<Purs_Data_Tuple::Tuple<crate::UnknownType, crate::UnknownType, f, std::rc::Rc<Purs_Data_Tuple::Tuple<crate::UnknownType, crate::UnknownType, g, std::rc::Rc<Purs_Data_Tuple::Tuple<crate::UnknownType, crate::UnknownType, h, crate::UnknownType>>>>>>>>, x>> expTy=TypeVar(b) actTy=TypeApp(Other, [...])
UNSAFE_COERCE GENERATED: expStr=b actStr=std::rc::Rc<Purs_Data_Tuple::Tuple<crate::UnknownType, crate::UnknownType, c, std::rc::Rc<Purs_Data_Tuple::Tuple<crate::UnknownType, crate::UnknownType, d, std::rc::Rc<Purs_Data_Tuple::Tuple<crate::UnknownType, crate::UnknownType, e, std::rc::Rc<Purs_Data_Tuple::Tuple<crate::UnknownType, crate::UnknownType, f, std::rc::Rc<Purs_Data_Tuple::Tuple<crate::UnknownType, crate::UnknownType, g, std::rc::Rc<Purs_Data_Tuple::Tuple<crate::UnknownType, crate::UnknownType, h, crate::UnknownType>>>>>>>>>>, x>> expTy=TypeVar(b) actTy=TypeApp(Other, [...])
UNSAFE_COERCE GENERATED: expStr=b actStr=std::rc::Rc<Purs_Data_Tuple::Tuple<crate::UnknownType, crate::UnknownType, b, std::rc::Rc<Purs_Data_Tuple::Tuple<crate::UnknownType, crate::UnknownType, c, std::rc::Rc<Purs_Data_Tuple::Tuple<crate::UnknownType, crate::UnknownType, d, std::rc::Rc<Purs_Data_Tuple::Tuple<crate::UnknownType, crate::UnknownType, e, std::rc::Rc<Purs_Data_Tuple::Tuple<crate::UnknownType, crate::UnknownType, f, std::rc::Rc<Purs_Data_Tuple::Tuple<crate::UnknownType, crate::UnknownType, g, std::rc::Rc<Purs_Data_Tuple::Tuple<crate::UnknownType, crate::UnknownType, h, crate::UnknownType>>>>>>>>>>>>, x>> expTy=TypeVar(b) actTy=TypeApp(Other, [...])
FUNCTION Data_Functor_Product_Nested_product8 args: 8 extracted: Just
BindingGroup: Data_Functor_Product_Nested_product9 type: Func vars: a, b, c, d, e, f, g, h, i, x
UNSAFE_COERCE GENERATED: expStr=b actStr=std::rc::Rc<Purs_Data_Tuple::Tuple<crate::UnknownType, crate::UnknownType, i, crate::UnknownType, x>> expTy=TypeVar(b) actTy=TypeApp(Other, [...])
UNSAFE_COERCE GENERATED: expStr=b actStr=std::rc::Rc<Purs_Data_Tuple::Tuple<crate::UnknownType, crate::UnknownType, h, std::rc::Rc<Purs_Data_Tuple::Tuple<crate::UnknownType, crate::UnknownType, i, crate::UnknownType>>, x>> expTy=TypeVar(b) actTy=TypeApp(Other, [...])
UNSAFE_COERCE GENERATED: expStr=b actStr=std::rc::Rc<Purs_Data_Tuple::Tuple<crate::UnknownType, crate::UnknownType, g, std::rc::Rc<Purs_Data_Tuple::Tuple<crate::UnknownType, crate::UnknownType, h, std::rc::Rc<Purs_Data_Tuple::Tuple<crate::UnknownType, crate::UnknownType, i, crate::UnknownType>>>>, x>> expTy=TypeVar(b) actTy=TypeApp(Other, [...])
UNSAFE_COERCE GENERATED: expStr=b actStr=std::rc::Rc<Purs_Data_Tuple::Tuple<crate::UnknownType, crate::UnknownType, f, std::rc::Rc<Purs_Data_Tuple::Tuple<crate::UnknownType, crate::UnknownType, g, std::rc::Rc<Purs_Data_Tuple::Tuple<crate::UnknownType, crate::UnknownType, h, std::rc::Rc<Purs_Data_Tuple::Tuple<crate::UnknownType, crate::UnknownType, i, crate::UnknownType>>>>>>, x>> expTy=TypeVar(b) actTy=TypeApp(Other, [...])
UNSAFE_COERCE GENERATED: expStr=b actStr=std::rc::Rc<Purs_Data_Tuple::Tuple<crate::UnknownType, crate::UnknownType, e, std::rc::Rc<Purs_Data_Tuple::Tuple<crate::UnknownType, crate::UnknownType, f, std::rc::Rc<Purs_Data_Tuple::Tuple<crate::UnknownType, crate::UnknownType, g, std::rc::Rc<Purs_Data_Tuple::Tuple<crate::UnknownType, crate::UnknownType, h, std::rc::Rc<Purs_Data_Tuple::Tuple<crate::UnknownType, crate::UnknownType, i, crate::UnknownType>>>>>>>>, x>> expTy=TypeVar(b) actTy=TypeApp(Other, [...])
UNSAFE_COERCE GENERATED: expStr=b actStr=std::rc::Rc<Purs_Data_Tuple::Tuple<crate::UnknownType, crate::UnknownType, d, std::rc::Rc<Purs_Data_Tuple::Tuple<crate::UnknownType, crate::UnknownType, e, std::rc::Rc<Purs_Data_Tuple::Tuple<crate::UnknownType, crate::UnknownType, f, std::rc::Rc<Purs_Data_Tuple::Tuple<crate::UnknownType, crate::UnknownType, g, std::rc::Rc<Purs_Data_Tuple::Tuple<crate::UnknownType, crate::UnknownType, h, std::rc::Rc<Purs_Data_Tuple::Tuple<crate::UnknownType, crate::UnknownType, i, crate::UnknownType>>>>>>>>>>, x>> expTy=TypeVar(b) actTy=TypeApp(Other, [...])
UNSAFE_COERCE GENERATED: expStr=b actStr=std::rc::Rc<Purs_Data_Tuple::Tuple<crate::UnknownType, crate::UnknownType, c, std::rc::Rc<Purs_Data_Tuple::Tuple<crate::UnknownType, crate::UnknownType, d, std::rc::Rc<Purs_Data_Tuple::Tuple<crate::UnknownType, crate::UnknownType, e, std::rc::Rc<Purs_Data_Tuple::Tuple<crate::UnknownType, crate::UnknownType, f, std::rc::Rc<Purs_Data_Tuple::Tuple<crate::UnknownType, crate::UnknownType, g, std::rc::Rc<Purs_Data_Tuple::Tuple<crate::UnknownType, crate::UnknownType, h, std::rc::Rc<Purs_Data_Tuple::Tuple<crate::UnknownType, crate::UnknownType, i, crate::UnknownType>>>>>>>>>>>>, x>> expTy=TypeVar(b) actTy=TypeApp(Other, [...])
UNSAFE_COERCE GENERATED: expStr=b actStr=std::rc::Rc<Purs_Data_Tuple::Tuple<crate::UnknownType, crate::UnknownType, b, std::rc::Rc<Purs_Data_Tuple::Tuple<crate::UnknownType, crate::UnknownType, c, std::rc::Rc<Purs_Data_Tuple::Tuple<crate::UnknownType, crate::UnknownType, d, std::rc::Rc<Purs_Data_Tuple::Tuple<crate::UnknownType, crate::UnknownType, e, std::rc::Rc<Purs_Data_Tuple::Tuple<crate::UnknownType, crate::UnknownType, f, std::rc::Rc<Purs_Data_Tuple::Tuple<crate::UnknownType, crate::UnknownType, g, std::rc::Rc<Purs_Data_Tuple::Tuple<crate::UnknownType, crate::UnknownType, h, std::rc::Rc<Purs_Data_Tuple::Tuple<crate::UnknownType, crate::UnknownType, i, crate::UnknownType>>>>>>>>>>>>>>, x>> expTy=TypeVar(b) actTy=TypeApp(Other, [...])
FUNCTION Data_Functor_Product_Nested_product9 args: 9 extracted: Just
findFfiFile [Data.Functor.Product.Nested] -> null
Found FFI for Data.Functor.Product.Nested at: Nothing
Found FFI for Data.Functor.Product.Nested at: Nothing
BindingGroup: Data_HeytingAlgebra_Generic_genericConj type: ConstrainedType(Func) vars: a, rep
UNSAFE_COERCE GENERATED: expStr=rep actStr=a expTy=TypeVar(rep) actTy=TypeVar(a)
FUNCTION Data_HeytingAlgebra_Generic_genericConj args: 4 extracted: Just
BindingGroup: Data_HeytingAlgebra_Generic_genericHeytingAlgebraProduct type: ConstrainedType(Other) vars: a, b
FUNCTION Data_HeytingAlgebra_Generic_genericHeytingAlgebraProduct args: 2 extracted: Just
BindingGroup: Data_HeytingAlgebra_Generic_genericHeytingAlgebraConstructor type: ConstrainedType(Other) vars: a
FUNCTION Data_HeytingAlgebra_Generic_genericHeytingAlgebraConstructor args: 1 extracted: Just
BindingGroup: Data_HeytingAlgebra_Generic_genericConj_prime type: ForAll(ConstrainedType(Func)) vars: 
FUNCTION Data_HeytingAlgebra_Generic_genericConj_prime args: 3 extracted: Nothing
BindingGroup: Data_HeytingAlgebra_Generic_genericDisj type: ConstrainedType(Func) vars: a, rep
UNSAFE_COERCE GENERATED: expStr=rep actStr=a expTy=TypeVar(rep) actTy=TypeVar(a)
FUNCTION Data_HeytingAlgebra_Generic_genericDisj args: 4 extracted: Just
BindingGroup: Data_HeytingAlgebra_Generic_genericDisj_prime type: ForAll(ConstrainedType(Func)) vars: 
FUNCTION Data_HeytingAlgebra_Generic_genericDisj_prime args: 3 extracted: Nothing
BindingGroup: Data_HeytingAlgebra_Generic_genericFF type: ConstrainedType(TypeVar(a)) vars: a, rep
UNSAFE_COERCE GENERATED: expStr=rep actStr=a expTy=TypeVar(rep) actTy=TypeVar(a)
FUNCTION Data_HeytingAlgebra_Generic_genericFF args: 2 extracted: Just
BindingGroup: Data_HeytingAlgebra_Generic_genericFF_prime type: ForAll(ConstrainedType(TypeVar(a))) vars: 
FUNCTION Data_HeytingAlgebra_Generic_genericFF_prime args: 1 extracted: Just
BindingGroup: Data_HeytingAlgebra_Generic_genericHeytingAlgebraArgument type: ConstrainedType(Other) vars: a
FUNCTION Data_HeytingAlgebra_Generic_genericHeytingAlgebraArgument args: 1 extracted: Just
BindingGroup: Data_HeytingAlgebra_Generic_genericHeytingAlgebraNoArguments type: Other vars: 
BindingGroup: Data_HeytingAlgebra_Generic_genericImplies type: ConstrainedType(Func) vars: a, rep
UNSAFE_COERCE GENERATED: expStr=rep actStr=a expTy=TypeVar(rep) actTy=TypeVar(a)
FUNCTION Data_HeytingAlgebra_Generic_genericImplies args: 4 extracted: Just
BindingGroup: Data_HeytingAlgebra_Generic_genericImplies_prime type: ForAll(ConstrainedType(Func)) vars: 
FUNCTION Data_HeytingAlgebra_Generic_genericImplies_prime args: 3 extracted: Nothing
BindingGroup: Data_HeytingAlgebra_Generic_genericNot type: ConstrainedType(Func) vars: a, rep
UNSAFE_COERCE GENERATED: expStr=rep actStr=a expTy=TypeVar(rep) actTy=TypeVar(a)
FUNCTION Data_HeytingAlgebra_Generic_genericNot args: 3 extracted: Just
BindingGroup: Data_HeytingAlgebra_Generic_genericNot_prime type: ForAll(ConstrainedType(Func)) vars: 
FUNCTION Data_HeytingAlgebra_Generic_genericNot_prime args: 2 extracted: Nothing
BindingGroup: Data_HeytingAlgebra_Generic_genericTT type: ConstrainedType(TypeVar(a)) vars: a, rep
UNSAFE_COERCE GENERATED: expStr=rep actStr=a expTy=TypeVar(rep) actTy=TypeVar(a)
FUNCTION Data_HeytingAlgebra_Generic_genericTT args: 2 extracted: Just
BindingGroup: Data_HeytingAlgebra_Generic_genericTT_prime type: ForAll(ConstrainedType(TypeVar(a))) vars: 
FUNCTION Data_HeytingAlgebra_Generic_genericTT_prime args: 1 extracted: Just
findFfiFile [Data.HeytingAlgebra.Generic] -> null
Found FFI for Data.HeytingAlgebra.Generic at: Nothing
Found FFI for Data.HeytingAlgebra.Generic at: Nothing
BindingGroup: Data_Monoid_Generic_genericMempty type: ConstrainedType(TypeVar(a)) vars: a, rep
UNSAFE_COERCE GENERATED: expStr=rep actStr=a expTy=TypeVar(rep) actTy=TypeVar(a)
FUNCTION Data_Monoid_Generic_genericMempty args: 2 extracted: Just
BindingGroup: Data_Monoid_Generic_genericMonoidProduct type: ConstrainedType(Other) vars: a, b
FUNCTION Data_Monoid_Generic_genericMonoidProduct args: 2 extracted: Just
BindingGroup: Data_Monoid_Generic_genericMonoidConstructor type: ConstrainedType(Other) vars: a
FUNCTION Data_Monoid_Generic_genericMonoidConstructor args: 1 extracted: Just
BindingGroup: Data_Monoid_Generic_genericMempty_prime type: ForAll(ConstrainedType(TypeVar(a))) vars: 
FUNCTION Data_Monoid_Generic_genericMempty_prime args: 1 extracted: Just
BindingGroup: Data_Monoid_Generic_genericMonoidArgument type: ConstrainedType(Other) vars: a
FUNCTION Data_Monoid_Generic_genericMonoidArgument args: 1 extracted: Just
BindingGroup: Data_Monoid_Generic_genericMonoidNoArguments type: Other vars: 
findFfiFile [Data.Monoid.Generic] -> null
Found FFI for Data.Monoid.Generic at: Nothing
Found FFI for Data.Monoid.Generic at: Nothing
BindingGroup: Data_Number_Approximate_eqAbsolute type: Func vars: 
FUNCTION Data_Number_Approximate_eqAbsolute args: 3 extracted: Just
BindingGroup: Data_Number_Approximate_neqApproximate type: Func vars: 
FUNCTION Data_Number_Approximate_neqApproximate args: 2 extracted: Just
BindingGroup: Data_Number_Approximate_eqApproximate type: Func vars: 
FUNCTION Data_Number_Approximate_eqApproximate args: 2 extracted: Nothing
BindingGroup: Data_Number_Approximate_eqRelative type: Func vars: 
FUNCTION Data_Number_Approximate_eqRelative args: 3 extracted: Just
BindingGroup: Data_Number_Approximate_Fraction type: Func vars: 
FUNCTION Data_Number_Approximate_Fraction args: 1 extracted: Just
BindingGroup: Data_Number_Approximate_Tolerance type: Func vars: 
FUNCTION Data_Number_Approximate_Tolerance args: 1 extracted: Just
findFfiFile [Data.Number.Approximate] -> null
Found FFI for Data.Number.Approximate at: Nothing
Found FFI for Data.Number.Approximate at: Nothing
BindingGroup: Data_Number_Format_exponential type: Func vars: 
FUNCTION Data_Number_Format_exponential args: 1 extracted: Just
BindingGroup: Data_Number_Format_fixed type: Func vars: 
FUNCTION Data_Number_Format_fixed args: 1 extracted: Just
BindingGroup: Data_Number_Format_precision type: Func vars: 
FUNCTION Data_Number_Format_precision args: 1 extracted: Just
BindingGroup: Data_Number_Format_toStringWith type: Func vars: 
FUNCTION Data_Number_Format_toStringWith args: 2 extracted: Nothing
BindingGroup: Data_Number_Format_Exponential type: Func vars: 
FUNCTION Data_Number_Format_Exponential args: 1 extracted: Nothing
BindingGroup: Data_Number_Format_Fixed type: Func vars: 
FUNCTION Data_Number_Format_Fixed args: 1 extracted: Nothing
BindingGroup: Data_Number_Format_Precision type: Func vars: 
FUNCTION Data_Number_Format_Precision args: 1 extracted: Nothing
findFfiFile [Data.Number.Format] -> null
Found FFI for Data.Number.Format at: Nothing
Found FFI for Data.Number.Format at: Nothing
genFallback toString args: ["mut a0: f64"]
genFallback toPrecisionNative args: ["mut a0: i64","mut a1: f64"]
genFallback toFixedNative args: ["mut a0: i64","mut a1: f64"]
genFallback toExponentialNative args: ["mut a0: i64","mut a1: f64"]
BindingGroup: Data_Ord_Down_boundedDown type: ConstrainedType(Other) vars: a
FUNCTION Data_Ord_Down_boundedDown args: 1 extracted: Just
BindingGroup: Data_Ord_Down_ordDown type: ConstrainedType(Other) vars: a
FUNCTION Data_Ord_Down_ordDown args: 1 extracted: Just
BindingGroup: Data_Ord_Down_eqDown type: ConstrainedType(Other) vars: a
FUNCTION Data_Ord_Down_eqDown args: 1 extracted: Just
BindingGroup: Data_Ord_Down_newtypeDown type: TypeApp(Other, [...]) vars: a
BindingGroup: Data_Ord_Down_showDown type: ConstrainedType(Other) vars: a
FUNCTION Data_Ord_Down_showDown args: 1 extracted: Just
BindingGroup: Data_Ord_Down_Down type: Func vars: 
FUNCTION Data_Ord_Down_Down args: 1 extracted: Just
findFfiFile [Data.Ord.Down] -> null
Found FFI for Data.Ord.Down at: Nothing
Found FFI for Data.Ord.Down at: Nothing
BindingGroup: Data_Ord_Generic_genericCompare type: ConstrainedType(Func) vars: a, rep
FUNCTION Data_Ord_Generic_genericCompare args: 4 extracted: Just
BindingGroup: Data_Ord_Generic_genericOrdSum type: ConstrainedType(Other) vars: a, b
FUNCTION Data_Ord_Generic_genericOrdSum args: 2 extracted: Just
BindingGroup: Data_Ord_Generic_genericOrdProduct type: ConstrainedType(Other) vars: a, b
FUNCTION Data_Ord_Generic_genericOrdProduct args: 2 extracted: Just
BindingGroup: Data_Ord_Generic_genericOrdConstructor type: ConstrainedType(Other) vars: a
FUNCTION Data_Ord_Generic_genericOrdConstructor args: 1 extracted: Just
BindingGroup: Data_Ord_Generic_genericCompare_prime type: ForAll(ConstrainedType(Func)) vars: 
FUNCTION Data_Ord_Generic_genericCompare_prime args: 3 extracted: Nothing
BindingGroup: Data_Ord_Generic_genericOrdArgument type: ConstrainedType(Other) vars: a
FUNCTION Data_Ord_Generic_genericOrdArgument args: 1 extracted: Just
BindingGroup: Data_Ord_Generic_genericOrdNoArguments type: Other vars: 
BindingGroup: Data_Ord_Generic_genericOrdNoConstructors type: Other vars: 
findFfiFile [Data.Ord.Generic] -> null
Found FFI for Data.Ord.Generic at: Nothing
Found FFI for Data.Ord.Generic at: Nothing
BindingGroup: Data_Profunctor_Cochoice_unleft type: ForAll(ConstrainedType(Func)) vars: 
FUNCTION Data_Profunctor_Cochoice_unleft args: 2 extracted: Nothing
BindingGroup: Data_Profunctor_Cochoice_unright type: ForAll(ConstrainedType(Func)) vars: 
FUNCTION Data_Profunctor_Cochoice_unright args: 2 extracted: Nothing
findFfiFile [Data.Profunctor.Cochoice] -> null
Found FFI for Data.Profunctor.Cochoice at: Nothing
Found FFI for Data.Profunctor.Cochoice at: Nothing
BindingGroup: Data_Profunctor_Costrong_unfirst type: ForAll(ConstrainedType(Func)) vars: 
FUNCTION Data_Profunctor_Costrong_unfirst args: 2 extracted: Nothing
BindingGroup: Data_Profunctor_Costrong_unsecond type: ForAll(ConstrainedType(Func)) vars: 
FUNCTION Data_Profunctor_Costrong_unsecond args: 2 extracted: Nothing
findFfiFile [Data.Profunctor.Costrong] -> null
Found FFI for Data.Profunctor.Costrong at: Nothing
Found FFI for Data.Profunctor.Costrong at: Nothing
BindingGroup: Data_Profunctor_Join_eqJoin type: ConstrainedType(Other) vars: a, p
FUNCTION Data_Profunctor_Join_eqJoin args: 1 extracted: Just
BindingGroup: Data_Profunctor_Join_invariantJoin type: ConstrainedType(Other) vars: a, p
BOXUNBOX EQUAL ARITY: expStr=purust_core::Func1<a, crate::UnknownType> actStr=purust_core::Func1<crate::UnknownType, a>
BOXUNBOX EQUAL ARITY: expStr=purust_core::Func1<crate::UnknownType, crate::UnknownType> actStr=purust_core::Func1<a, crate::UnknownType>
FUNCTION Data_Profunctor_Join_invariantJoin args: 1 extracted: Just
BindingGroup: Data_Profunctor_Join_monoidJoin type: ConstrainedType(Other) vars: a, p
FUNCTION Data_Profunctor_Join_monoidJoin args: 1 extracted: Just
BindingGroup: Data_Profunctor_Join_newtypeJoin type: TypeApp(Other, [...]) vars: a, p
BindingGroup: Data_Profunctor_Join_ordJoin type: ConstrainedType(Other) vars: a, p
FUNCTION Data_Profunctor_Join_ordJoin args: 1 extracted: Just
BindingGroup: Data_Profunctor_Join_semigroupJoin type: ConstrainedType(Other) vars: a, p
FUNCTION Data_Profunctor_Join_semigroupJoin args: 1 extracted: Just
BindingGroup: Data_Profunctor_Join_showJoin type: ConstrainedType(Other) vars: a, p
FUNCTION Data_Profunctor_Join_showJoin args: 1 extracted: Just
BindingGroup: Data_Profunctor_Join_Join type: Func vars: 
FUNCTION Data_Profunctor_Join_Join args: 1 extracted: Just
findFfiFile [Data.Profunctor.Join] -> null
Found FFI for Data.Profunctor.Join at: Nothing
Found FFI for Data.Profunctor.Join at: Nothing
BindingGroup: Data_Profunctor_Split_functorSplit type: Other vars: a, b, f
UNSAFE_COERCE GENERATED: expStr=std::rc::Rc<crate::SplitF> actStr=std::rc::Rc<Purs_Data_Exists::Exists<std::rc::Rc<crate::SplitF<f, a, a>>>> expTy=Other actTy=TypeApp(Other, [...])
BOXUNBOX EQUAL ARITY: expStr=purust_core::Func1<a, a> actStr=purust_core::Func1<a, crate::UnknownType>
BOXUNBOX EQUAL ARITY: expStr=purust_core::Func1<a, crate::UnknownType> actStr=purust_core::Func1<a, a>
UNSAFE_COERCE GENERATED: expStr=std::rc::Rc<crate::SplitF> actStr=std::rc::Rc<Purs_Data_Exists::Exists<std::rc::Rc<crate::SplitF<f, a, a>>>> expTy=Other actTy=TypeApp(Other, [...])
UNSAFE_COERCE GENERATED: expStr=std::rc::Rc<crate::SplitF> actStr=std::rc::Rc<Purs_Data_Exists::Exists<std::rc::Rc<crate::SplitF<f, a, a>>>> expTy=Other actTy=TypeApp(Other, [...])
BOXUNBOX EQUAL ARITY: expStr=purust_core::Func2<purust_core::Func1<a, b>, std::rc::Rc<Purs_Data_Exists::Exists<std::rc::Rc<crate::SplitF<f, a, b>>, a>>, std::rc::Rc<Purs_Data_Exists::Exists<std::rc::Rc<crate::SplitF<f, a, b>>, b>>> actStr=purust_core::Func2<purust_core::Func1<a, b>, std::rc::Rc<Purs_Data_Exists::Exists<std::rc::Rc<crate::SplitF<f, a, a>>>>, std::rc::Rc<Purs_Data_Exists::Exists<std::rc::Rc<crate::SplitF<f, a, b>>>>>
BindingGroup: Data_Profunctor_Split_hoistSplit type: Func vars: a, b, f, g
UNSAFE_COERCE GENERATED: expStr=std::rc::Rc<crate::SplitF> actStr=std::rc::Rc<Purs_Data_Exists::Exists<std::rc::Rc<crate::SplitF<f, a, b>>>> expTy=Other actTy=TypeApp(Other, [...])
BOXUNBOX EQUAL ARITY: expStr=purust_core::Func1<a, a> actStr=purust_core::Func1<a, crate::UnknownType>
BOXUNBOX EQUAL ARITY: expStr=purust_core::Func1<a, crate::UnknownType> actStr=purust_core::Func1<a, a>
UNSAFE_COERCE GENERATED: expStr=std::rc::Rc<crate::SplitF> actStr=std::rc::Rc<Purs_Data_Exists::Exists<std::rc::Rc<crate::SplitF<f, a, b>>>> expTy=Other actTy=TypeApp(Other, [...])
UNSAFE_COERCE GENERATED: expStr=std::rc::Rc<crate::SplitF> actStr=std::rc::Rc<Purs_Data_Exists::Exists<std::rc::Rc<crate::SplitF<f, a, b>>>> expTy=Other actTy=TypeApp(Other, [...])
FUNCTION Data_Profunctor_Split_hoistSplit args: 2 extracted: Just
BindingGroup: Data_Profunctor_Split_liftSplit type: Func vars: a, f
BOXUNBOX EQUAL ARITY: expStr=purust_core::Func1<a, crate::UnknownType> actStr=purust_core::Func1<crate::UnknownType, crate::UnknownType>
BOXUNBOX EQUAL ARITY: expStr=purust_core::Func1<crate::UnknownType, crate::UnknownType> actStr=purust_core::Func1<a, a>
UNSAFE_COERCE GENERATED: expStr=std::rc::Rc<Purs_Data_Exists::Exists<std::rc::Rc<crate::SplitF<f, a, crate::UnknownType>>>> actStr=std::rc::Rc<crate::SplitF> expTy=TypeApp(Other, [...]) actTy=Other
FUNCTION Data_Profunctor_Split_liftSplit args: 1 extracted: Just
BindingGroup: Data_Profunctor_Split_lowerSplit type: ConstrainedType(Func) vars: a, f
UNSAFE_COERCE GENERATED: expStr=std::rc::Rc<crate::SplitF> actStr=std::rc::Rc<Purs_Data_Exists::Exists<std::rc::Rc<crate::SplitF<f, a, a>>>> expTy=Other actTy=TypeApp(Other, [...])
UNSAFE_COERCE GENERATED: expStr=std::rc::Rc<crate::SplitF> actStr=std::rc::Rc<Purs_Data_Exists::Exists<std::rc::Rc<crate::SplitF<f, a, a>>>> expTy=Other actTy=TypeApp(Other, [...])
UNSAFE_COERCE GENERATED: expStr=std::rc::Rc<crate::SplitF> actStr=std::rc::Rc<Purs_Data_Exists::Exists<std::rc::Rc<crate::SplitF<f, a, a>>>> expTy=Other actTy=TypeApp(Other, [...])
FUNCTION Data_Profunctor_Split_lowerSplit args: 2 extracted: Just
BindingGroup: Data_Profunctor_Split_profunctorSplit type: Other vars: a, b, f
UNSAFE_COERCE GENERATED: expStr=a actStr=b expTy=TypeVar(a) actTy=TypeVar(b)
UNSAFE_COERCE GENERATED: expStr=std::rc::Rc<crate::SplitF> actStr=std::rc::Rc<Purs_Data_Exists::Exists<std::rc::Rc<crate::SplitF<f, b, crate::UnknownType>>>> expTy=Other actTy=TypeApp(Other, [...])
BOXUNBOX EQUAL ARITY: expStr=purust_core::Func1<a, crate::UnknownType> actStr=purust_core::Func1<crate::UnknownType, crate::UnknownType>
UNSAFE_COERCE GENERATED: expStr=std::rc::Rc<crate::SplitF> actStr=std::rc::Rc<Purs_Data_Exists::Exists<std::rc::Rc<crate::SplitF<f, b, crate::UnknownType>>>> expTy=Other actTy=TypeApp(Other, [...])
BOXUNBOX EQUAL ARITY: expStr=purust_core::Func1<crate::UnknownType, b> actStr=purust_core::Func1<crate::UnknownType, crate::UnknownType>
UNSAFE_COERCE GENERATED: expStr=std::rc::Rc<crate::SplitF> actStr=std::rc::Rc<Purs_Data_Exists::Exists<std::rc::Rc<crate::SplitF<f, b, crate::UnknownType>>>> expTy=Other actTy=TypeApp(Other, [...])
BOXUNBOX EQUAL ARITY: expStr=purust_core::Func3<purust_core::Func1<a, b>, purust_core::Func1<crate::UnknownType, crate::UnknownType>, std::rc::Rc<Purs_Data_Exists::Exists<std::rc::Rc<crate::SplitF<f, a, b>>, b, crate::UnknownType>>, std::rc::Rc<Purs_Data_Exists::Exists<std::rc::Rc<crate::SplitF<f, a, b>>, a, crate::UnknownType>>> actStr=purust_core::Func3<purust_core::Func1<a, b>, purust_core::Func1<crate::UnknownType, crate::UnknownType>, std::rc::Rc<Purs_Data_Exists::Exists<std::rc::Rc<crate::SplitF<f, b, crate::UnknownType>>>>, std::rc::Rc<Purs_Data_Exists::Exists<std::rc::Rc<crate::SplitF<f, a, crate::UnknownType>>>>>
BindingGroup: Data_Profunctor_Split_split type: Func vars: a, b, f, x
UNSAFE_COERCE GENERATED: expStr=std::rc::Rc<Purs_Data_Exists::Exists<std::rc::Rc<crate::SplitF<f, a, b>>>> actStr=std::rc::Rc<crate::SplitF> expTy=TypeApp(Other, [...]) actTy=Other
FUNCTION Data_Profunctor_Split_split args: 3 extracted: Just
BindingGroup: Data_Profunctor_Split_unSplit type: Func vars: a, b, f, r
UNSAFE_COERCE GENERATED: expStr=std::rc::Rc<crate::SplitF> actStr=std::rc::Rc<Purs_Data_Exists::Exists<std::rc::Rc<crate::SplitF<f, a, b>>>> expTy=Other actTy=TypeApp(Other, [...])
BOXUNBOX EQUAL ARITY: expStr=purust_core::Func1<a, a> actStr=purust_core::Func1<a, crate::UnknownType>
UNSAFE_COERCE GENERATED: expStr=std::rc::Rc<crate::SplitF> actStr=std::rc::Rc<Purs_Data_Exists::Exists<std::rc::Rc<crate::SplitF<f, a, b>>>> expTy=Other actTy=TypeApp(Other, [...])
BOXUNBOX EQUAL ARITY: expStr=purust_core::Func1<a, b> actStr=purust_core::Func1<crate::UnknownType, b>
UNSAFE_COERCE GENERATED: expStr=std::rc::Rc<crate::SplitF> actStr=std::rc::Rc<Purs_Data_Exists::Exists<std::rc::Rc<crate::SplitF<f, a, b>>>> expTy=Other actTy=TypeApp(Other, [...])
BOXUNBOX EQUAL ARITY: expStr=purust_core::Func1<a, crate::UnknownType> actStr=purust_core::Func1<a, a>
BOXUNBOX EQUAL ARITY: expStr=purust_core::Func1<crate::UnknownType, b> actStr=purust_core::Func1<a, b>
FUNCTION Data_Profunctor_Split_unSplit args: 2 extracted: Just
BindingGroup: Data_Profunctor_Split_SplitF type: Func vars: a, b, f, x
FUNCTION Data_Profunctor_Split_SplitF args: 3 extracted: Nothing
findFfiFile [Data.Profunctor.Split] -> null
Found FFI for Data.Profunctor.Split at: Nothing
Found FFI for Data.Profunctor.Split at: Nothing
BindingGroup: Data_Profunctor_Star_functorStar type: ConstrainedType(Other) vars: a, b, f
UNSAFE_COERCE GENERATED: expStr=b actStr=a expTy=TypeVar(b) actTy=TypeVar(a)
FUNCTION Data_Profunctor_Star_functorStar args: 1 extracted: Just
BindingGroup: Data_Profunctor_Star_hoistStar type: Func vars: a, b, f, g
FUNCTION Data_Profunctor_Star_hoistStar args: 2 extracted: Just
BindingGroup: Data_Profunctor_Star_invariantStar type: ConstrainedType(Other) vars: a, b, f
UNSAFE_COERCE GENERATED: expStr=b actStr=a expTy=TypeVar(b) actTy=TypeVar(a)
FUNCTION Data_Profunctor_Star_invariantStar args: 1 extracted: Just
BindingGroup: Data_Profunctor_Star_newtypeStar type: TypeApp(Other, [...]) vars: a, b, f
BindingGroup: Data_Profunctor_Star_strongStar type: ConstrainedType(Other) vars: a, b, f
BOXUNBOX EQUAL ARITY: expStr=purust_core::Func1<a, b> actStr=purust_core::Func1<crate::UnknownType, crate::UnknownType>
UNSAFE_COERCE GENERATED: expStr=a actStr=b expTy=TypeVar(a) actTy=TypeVar(b)
UNSAFE_COERCE GENERATED: expStr=a actStr=b expTy=TypeVar(a) actTy=TypeVar(b)
UNSAFE_COERCE GENERATED: expStr=b actStr=a expTy=TypeVar(b) actTy=TypeVar(a)
UNSAFE_COERCE GENERATED: expStr=b actStr=std::rc::Rc<Purs_Data_Tuple::Tuple<b, crate::UnknownType>> expTy=TypeVar(b) actTy=Other
BOXUNBOX EQUAL ARITY: expStr=purust_core::Func1<a, b> actStr=purust_core::Func1<b, std::rc::Rc<Purs_Data_Tuple::Tuple<b, crate::UnknownType>>>
BOXUNBOX EQUAL ARITY: expStr=purust_core::Func1<crate::UnknownType, std::rc::Rc<Purs_Data_Tuple::Tuple<a, crate::UnknownType>>> actStr=purust_core::Func1<b, std::rc::Rc<Purs_Data_Tuple::Tuple<crate::UnknownType, crate::UnknownType>>>
UNSAFE_COERCE GENERATED: expStr=b actStr=std::rc::Rc<Purs_Data_Tuple::Tuple<a, crate::UnknownType>> expTy=TypeVar(b) actTy=Other
BOXUNBOX EQUAL ARITY: expStr=purust_core::Func1<a, b> actStr=purust_core::Func1<crate::UnknownType, std::rc::Rc<Purs_Data_Tuple::Tuple<a, crate::UnknownType>>>
FUNCTION Data_Profunctor_Star_strongStar args: 1 extracted: Just
BindingGroup: Data_Profunctor_Star_profunctorStar type: ConstrainedType(Other) vars: a, b, f
BOXUNBOX EQUAL ARITY: expStr=purust_core::Func1<a, b> actStr=purust_core::Func1<crate::UnknownType, crate::UnknownType>
UNSAFE_COERCE GENERATED: expStr=a actStr=b expTy=TypeVar(a) actTy=TypeVar(b)
FUNCTION Data_Profunctor_Star_profunctorStar args: 1 extracted: Just
BindingGroup: Data_Profunctor_Star_semigroupoidStar type: ConstrainedType(TypeApp(Other, [...])) vars: a, b, f
BOXUNBOX EQUAL ARITY: expStr=purust_core::Func1<a, crate::UnknownType> actStr=purust_core::Func1<crate::UnknownType, crate::UnknownType>
FUNCTION Data_Profunctor_Star_semigroupoidStar args: 1 extracted: Just
BindingGroup: Data_Profunctor_Star_Star type: Func vars: 
FUNCTION Data_Profunctor_Star_Star args: 1 extracted: Just
BindingGroup: Data_Profunctor_Star_distributiveStar type: ConstrainedType(Other) vars: a, b, f
UNSAFE_COERCE GENERATED: expStr=b actStr=a expTy=TypeVar(b) actTy=TypeVar(a)
BOXUNBOX EQUAL ARITY: expStr=purust_core::Func1<a, crate::UnknownType> actStr=purust_core::Func1<crate::UnknownType, crate::UnknownType>
BOXUNBOX EQUAL ARITY: expStr=purust_core::Func1<a, b> actStr=purust_core::Func1<a, crate::UnknownType>
BOXUNBOX EQUAL ARITY: expStr=purust_core::Func1<crate::UnknownType, crate::UnknownType> actStr=purust_core::Func1<b, crate::UnknownType>
FUNCTION Data_Profunctor_Star_distributiveStar args: 1 extracted: Just
BindingGroup: Data_Profunctor_Star_monadPlusStar type: ConstrainedType(Other) vars: a, b, f
UNSAFE_COERCE GENERATED: expStr=b actStr=a expTy=TypeVar(b) actTy=TypeVar(a)
UNSAFE_COERCE GENERATED: expStr=b actStr=a expTy=TypeVar(b) actTy=TypeVar(a)
UNSAFE_COERCE GENERATED: expStr=b actStr=a expTy=TypeVar(b) actTy=TypeVar(a)
UNSAFE_COERCE GENERATED: expStr=b actStr=a expTy=TypeVar(b) actTy=TypeVar(a)
FUNCTION Data_Profunctor_Star_monadPlusStar args: 1 extracted: Just
BindingGroup: Data_Profunctor_Star_alternativeStar type: ConstrainedType(Other) vars: a, b, f
UNSAFE_COERCE GENERATED: expStr=b actStr=a expTy=TypeVar(b) actTy=TypeVar(a)
UNSAFE_COERCE GENERATED: expStr=b actStr=a expTy=TypeVar(b) actTy=TypeVar(a)
FUNCTION Data_Profunctor_Star_alternativeStar args: 1 extracted: Just
BindingGroup: Data_Profunctor_Star_plusStar type: ConstrainedType(Other) vars: a, b, f
UNSAFE_COERCE GENERATED: expStr=b actStr=a expTy=TypeVar(b) actTy=TypeVar(a)
FUNCTION Data_Profunctor_Star_plusStar args: 1 extracted: Just
BindingGroup: Data_Profunctor_Star_altStar type: ConstrainedType(Other) vars: a, b, f
UNSAFE_COERCE GENERATED: expStr=b actStr=a expTy=TypeVar(b) actTy=TypeVar(a)
FUNCTION Data_Profunctor_Star_altStar args: 1 extracted: Just
BindingGroup: Data_Profunctor_Star_monadStar type: ConstrainedType(Other) vars: a, b, f
UNSAFE_COERCE GENERATED: expStr=b actStr=a expTy=TypeVar(b) actTy=TypeVar(a)
UNSAFE_COERCE GENERATED: expStr=b actStr=a expTy=TypeVar(b) actTy=TypeVar(a)
FUNCTION Data_Profunctor_Star_monadStar args: 1 extracted: Just
BindingGroup: Data_Profunctor_Star_applicativeStar type: ConstrainedType(Other) vars: a, b, f
UNSAFE_COERCE GENERATED: expStr=b actStr=a expTy=TypeVar(b) actTy=TypeVar(a)
FUNCTION Data_Profunctor_Star_applicativeStar args: 1 extracted: Just
BindingGroup: Data_Profunctor_Star_bindStar type: ConstrainedType(Other) vars: a, b, f
UNSAFE_COERCE GENERATED: expStr=b actStr=a expTy=TypeVar(b) actTy=TypeVar(a)
FUNCTION Data_Profunctor_Star_bindStar args: 1 extracted: Just
BindingGroup: Data_Profunctor_Star_applyStar type: ConstrainedType(Other) vars: a, b, f
UNSAFE_COERCE GENERATED: expStr=b actStr=a expTy=TypeVar(b) actTy=TypeVar(a)
FUNCTION Data_Profunctor_Star_applyStar args: 1 extracted: Just
BindingGroup: Data_Profunctor_Star_categoryStar type: ConstrainedType(TypeApp(Other, [...])) vars: a, b, f
BOXUNBOX EQUAL ARITY: expStr=purust_core::Func1<a, crate::UnknownType> actStr=purust_core::Func1<crate::UnknownType, crate::UnknownType>
FUNCTION Data_Profunctor_Star_categoryStar args: 1 extracted: Just
BindingGroup: Data_Profunctor_Star_choiceStar type: ConstrainedType(Other) vars: a, b, f
BOXUNBOX EQUAL ARITY: expStr=purust_core::Func1<a, b> actStr=purust_core::Func1<crate::UnknownType, crate::UnknownType>
UNSAFE_COERCE GENERATED: expStr=a actStr=b expTy=TypeVar(a) actTy=TypeVar(b)
BOXUNBOX EQUAL ARITY: expStr=purust_core::Func1<b, std::rc::Rc<Purs_Data_Either::Either<b, crate::UnknownType>>> actStr=purust_core::Func1<b, std::rc::Rc<Purs_Data_Either::Either<crate::UnknownType, crate::UnknownType>>>
UNSAFE_COERCE GENERATED: expStr=b actStr=a expTy=TypeVar(b) actTy=TypeVar(a)
UNSAFE_COERCE GENERATED: expStr=b actStr=std::rc::Rc<Purs_Data_Either::Either<b, crate::UnknownType>> expTy=TypeVar(b) actTy=Other
BOXUNBOX EQUAL ARITY: expStr=purust_core::Func1<a, b> actStr=purust_core::Func1<b, std::rc::Rc<Purs_Data_Either::Either<b, crate::UnknownType>>>
UNSAFE_COERCE GENERATED: expStr=b actStr=a expTy=TypeVar(b) actTy=TypeVar(a)
BOXUNBOX EQUAL ARITY: expStr=purust_core::Func1<crate::UnknownType, std::rc::Rc<Purs_Data_Either::Either<a, crate::UnknownType>>> actStr=purust_core::Func1<crate::UnknownType, std::rc::Rc<Purs_Data_Either::Either<crate::UnknownType, crate::UnknownType>>>
UNSAFE_COERCE GENERATED: expStr=b actStr=std::rc::Rc<Purs_Data_Either::Either<a, crate::UnknownType>> expTy=TypeVar(b) actTy=Other
BOXUNBOX EQUAL ARITY: expStr=purust_core::Func1<a, b> actStr=purust_core::Func1<crate::UnknownType, std::rc::Rc<Purs_Data_Either::Either<a, crate::UnknownType>>>
FUNCTION Data_Profunctor_Star_choiceStar args: 1 extracted: Just
BindingGroup: Data_Profunctor_Star_closedStar type: ConstrainedType(Other) vars: a, b, f
BOXUNBOX EQUAL ARITY: expStr=purust_core::Func1<a, b> actStr=purust_core::Func1<crate::UnknownType, crate::UnknownType>
UNSAFE_COERCE GENERATED: expStr=a actStr=b expTy=TypeVar(a) actTy=TypeVar(b)
FUNCTION Data_Profunctor_Star_closedStar args: 1 extracted: Just
findFfiFile [Data.Profunctor.Star] -> null
Found FFI for Data.Profunctor.Star at: Nothing
Found FFI for Data.Profunctor.Star at: Nothing
BindingGroup: Data_Reflectable_reflectType type: ForAll(ConstrainedType(Func)) vars: 
FUNCTION Data_Reflectable_reflectType args: 2 extracted: Nothing
BindingGroup: Data_Reflectable_reifyType type: ConstrainedType(Func) vars: r, t
BOXUNBOX UNSAFE_COERCE: expStr=r actStr=crate::UnknownType ty=TypeVar(r) actTy=TypeVar(b)
FUNCTION Data_Reflectable_reifyType args: 3 extracted: Just
BindingGroup: Data_Reflectable_reifiableBoolean type: TypeApp(Other, [...]) vars: 
BindingGroup: Data_Reflectable_reifiableInt type: TypeApp(Other, [...]) vars: 
BindingGroup: Data_Reflectable_reifiableOrdering type: TypeApp(Other, [...]) vars: 
BindingGroup: Data_Reflectable_reifiableString type: TypeApp(Other, [...]) vars: 
findFfiFile [Data.Reflectable] -> null
Found FFI for Data.Reflectable at: Nothing
Found FFI for Data.Reflectable at: Nothing
genFallback unsafeCoerce args: ["mut a0: a"]
BindingGroup: Data_Ring_Generic_genericRingArgument type: ConstrainedType(Other) vars: a
FUNCTION Data_Ring_Generic_genericRingArgument args: 1 extracted: Just
BindingGroup: Data_Ring_Generic_genericRingConstructor type: ConstrainedType(Other) vars: a
FUNCTION Data_Ring_Generic_genericRingConstructor args: 1 extracted: Just
BindingGroup: Data_Ring_Generic_genericRingNoArguments type: Other vars: 
BindingGroup: Data_Ring_Generic_genericRingProduct type: ConstrainedType(Other) vars: a, b
FUNCTION Data_Ring_Generic_genericRingProduct args: 2 extracted: Just
BindingGroup: Data_Ring_Generic_genericSub type: ConstrainedType(Func) vars: a, rep
UNSAFE_COERCE GENERATED: expStr=rep actStr=a expTy=TypeVar(rep) actTy=TypeVar(a)
FUNCTION Data_Ring_Generic_genericSub args: 4 extracted: Just
BindingGroup: Data_Ring_Generic_genericSub_prime type: ForAll(ConstrainedType(Func)) vars: 
FUNCTION Data_Ring_Generic_genericSub_prime args: 3 extracted: Nothing
findFfiFile [Data.Ring.Generic] -> null
Found FFI for Data.Ring.Generic at: Nothing
Found FFI for Data.Ring.Generic at: Nothing
BindingGroup: Data_Semigroup_Generic_genericAppend type: ConstrainedType(Func) vars: a, rep
UNSAFE_COERCE GENERATED: expStr=rep actStr=a expTy=TypeVar(rep) actTy=TypeVar(a)
FUNCTION Data_Semigroup_Generic_genericAppend args: 4 extracted: Just
BindingGroup: Data_Semigroup_Generic_genericSemigroupProduct type: ConstrainedType(Other) vars: a, b
FUNCTION Data_Semigroup_Generic_genericSemigroupProduct args: 2 extracted: Just
BindingGroup: Data_Semigroup_Generic_genericSemigroupConstructor type: ConstrainedType(Other) vars: a
FUNCTION Data_Semigroup_Generic_genericSemigroupConstructor args: 1 extracted: Just
BindingGroup: Data_Semigroup_Generic_genericAppend_prime type: ForAll(ConstrainedType(Func)) vars: 
FUNCTION Data_Semigroup_Generic_genericAppend_prime args: 3 extracted: Nothing
BindingGroup: Data_Semigroup_Generic_genericSemigroupArgument type: ConstrainedType(Other) vars: a
FUNCTION Data_Semigroup_Generic_genericSemigroupArgument args: 1 extracted: Just
BindingGroup: Data_Semigroup_Generic_genericSemigroupNoArguments type: Other vars: 
BindingGroup: Data_Semigroup_Generic_genericSemigroupNoConstructors type: Other vars: 
findFfiFile [Data.Semigroup.Generic] -> null
Found FFI for Data.Semigroup.Generic at: Nothing
Found FFI for Data.Semigroup.Generic at: Nothing
BindingGroup: Data_Semiring_Generic_genericAdd type: ConstrainedType(Func) vars: a, rep
UNSAFE_COERCE GENERATED: expStr=rep actStr=a expTy=TypeVar(rep) actTy=TypeVar(a)
FUNCTION Data_Semiring_Generic_genericAdd args: 4 extracted: Just
BindingGroup: Data_Semiring_Generic_genericSemiringProduct type: ConstrainedType(Other) vars: a, b
FUNCTION Data_Semiring_Generic_genericSemiringProduct args: 2 extracted: Just
BindingGroup: Data_Semiring_Generic_genericSemiringConstructor type: ConstrainedType(Other) vars: a
FUNCTION Data_Semiring_Generic_genericSemiringConstructor args: 1 extracted: Just
BindingGroup: Data_Semiring_Generic_genericAdd_prime type: ForAll(ConstrainedType(Func)) vars: 
FUNCTION Data_Semiring_Generic_genericAdd_prime args: 3 extracted: Nothing
BindingGroup: Data_Semiring_Generic_genericMul type: ConstrainedType(Func) vars: a, rep
UNSAFE_COERCE GENERATED: expStr=rep actStr=a expTy=TypeVar(rep) actTy=TypeVar(a)
FUNCTION Data_Semiring_Generic_genericMul args: 4 extracted: Just
BindingGroup: Data_Semiring_Generic_genericMul_prime type: ForAll(ConstrainedType(Func)) vars: 
FUNCTION Data_Semiring_Generic_genericMul_prime args: 3 extracted: Nothing
BindingGroup: Data_Semiring_Generic_genericOne type: ConstrainedType(TypeVar(a)) vars: a, rep
UNSAFE_COERCE GENERATED: expStr=rep actStr=a expTy=TypeVar(rep) actTy=TypeVar(a)
FUNCTION Data_Semiring_Generic_genericOne args: 2 extracted: Just
BindingGroup: Data_Semiring_Generic_genericOne_prime type: ForAll(ConstrainedType(TypeVar(a))) vars: 
FUNCTION Data_Semiring_Generic_genericOne_prime args: 1 extracted: Just
BindingGroup: Data_Semiring_Generic_genericSemiringArgument type: ConstrainedType(Other) vars: a
FUNCTION Data_Semiring_Generic_genericSemiringArgument args: 1 extracted: Just
BindingGroup: Data_Semiring_Generic_genericSemiringNoArguments type: Other vars: 
BindingGroup: Data_Semiring_Generic_genericZero type: ConstrainedType(TypeVar(a)) vars: a, rep
UNSAFE_COERCE GENERATED: expStr=rep actStr=a expTy=TypeVar(rep) actTy=TypeVar(a)
FUNCTION Data_Semiring_Generic_genericZero args: 2 extracted: Just
BindingGroup: Data_Semiring_Generic_genericZero_prime type: ForAll(ConstrainedType(TypeVar(a))) vars: 
FUNCTION Data_Semiring_Generic_genericZero_prime args: 1 extracted: Just
findFfiFile [Data.Semiring.Generic] -> null
Found FFI for Data.Semiring.Generic at: Nothing
Found FFI for Data.Semiring.Generic at: Nothing
BindingGroup: Data_Show_Generic_genericShow_prime type: ForAll(ConstrainedType(Func)) vars: 
FUNCTION Data_Show_Generic_genericShow_prime args: 2 extracted: Nothing
BindingGroup: Data_Show_Generic_genericShowConstructor type: ConstrainedType(Other) vars: a, name
FUNCTION Data_Show_Generic_genericShowConstructor args: 2 extracted: Just
BindingGroup: Data_Show_Generic_genericShowArgsProduct type: ConstrainedType(Other) vars: a, b
FUNCTION Data_Show_Generic_genericShowArgsProduct args: 2 extracted: Just
BindingGroup: Data_Show_Generic_genericShowArgs type: ForAll(ConstrainedType(Func)) vars: 
FUNCTION Data_Show_Generic_genericShowArgs args: 2 extracted: Nothing
BindingGroup: Data_Show_Generic_genericShowArgsArgument type: ConstrainedType(Other) vars: a
FUNCTION Data_Show_Generic_genericShowArgsArgument args: 1 extracted: Just
BindingGroup: Data_Show_Generic_genericShowArgsNoArguments type: Other vars: 
BindingGroup: Data_Show_Generic_genericShowNoConstructors type: Other vars: 
BindingGroup: Data_Show_Generic_genericShow type: ConstrainedType(Func) vars: a, rep
FUNCTION Data_Show_Generic_genericShow args: 3 extracted: Just
BindingGroup: Data_Show_Generic_genericShowSum type: ConstrainedType(Other) vars: a, b
FUNCTION Data_Show_Generic_genericShowSum args: 2 extracted: Just
findFfiFile [Data.Show.Generic] -> null
Found FFI for Data.Show.Generic at: Nothing
Found FFI for Data.Show.Generic at: Nothing
genFallback intercalate args: ["mut a0: String","mut a1: crate::UnknownType"]
findFfiFile [Data.String] -> null
Found FFI for Data.String at: Nothing
Found FFI for Data.String at: Nothing
BindingGroup: Data_String_CaseInsensitive_ordCaseInsensitiveString type: Other vars: 
BindingGroup: Data_String_CaseInsensitive_eqCaseInsensitiveString type: Other vars: 
BindingGroup: Data_String_CaseInsensitive_newtypeCaseInsensitiveString type: TypeApp(Other, [...]) vars: 
BindingGroup: Data_String_CaseInsensitive_showCaseInsensitiveString type: Other vars: 
BindingGroup: Data_String_CaseInsensitive_CaseInsensitiveString type: Func vars: 
FUNCTION Data_String_CaseInsensitive_CaseInsensitiveString args: 1 extracted: Just
findFfiFile [Data.String.CaseInsensitive] -> null
Found FFI for Data.String.CaseInsensitive at: Nothing
Found FFI for Data.String.CaseInsensitive at: Nothing
BindingGroup: Data_String_Regex_Flags_dotAll type: Any vars: 
BindingGroup: Data_String_Regex_Flags_eqRegexFlags type: Other vars: 
BindingGroup: Data_String_Regex_Flags_global type: Any vars: 
BindingGroup: Data_String_Regex_Flags_ignoreCase type: Any vars: 
BindingGroup: Data_String_Regex_Flags_monoidRegexFlags type: Other vars: 
BindingGroup: Data_String_Regex_Flags_multiline type: Any vars: 
BindingGroup: Data_String_Regex_Flags_newtypeRegexFlags type: TypeApp(Other, [...]) vars: 
BindingGroup: Data_String_Regex_Flags_noFlags type: Any vars: 
BindingGroup: Data_String_Regex_Flags_semigroupRegexFlags type: Other vars: 
BindingGroup: Data_String_Regex_Flags_showRegexFlags type: Other vars: 
BindingGroup: Data_String_Regex_Flags_sticky type: Any vars: 
BindingGroup: Data_String_Regex_Flags_unicode type: Any vars: 
BindingGroup: Data_String_Regex_Flags_RegexFlags type: Func vars: 
FUNCTION Data_String_Regex_Flags_RegexFlags args: 1 extracted: Just
BindingGroup: Data_String_Regex_Flags_eqArray type: Other vars: 
BOXUNBOX EQUAL ARITY: expStr=purust_core::Func2<crate::UnknownType, crate::UnknownType, bool> actStr=purust_core::Func2<String, String, bool>
findFfiFile [Data.String.Regex.Flags] -> null
Found FFI for Data.String.Regex.Flags at: Nothing
Found FFI for Data.String.Regex.Flags at: Nothing
BindingGroup: Data_String_Regex_flags type: Func vars: 
FUNCTION Data_String_Regex_flags args: 1 extracted: Just
BindingGroup: Data_String_Regex_match type: Func vars: 
FUNCTION Data_String_Regex_match args: 2 extracted: Nothing
BindingGroup: Data_String_Regex_parseFlags type: Func vars: 
FUNCTION Data_String_Regex_parseFlags args: 1 extracted: Just
BindingGroup: Data_String_Regex_regex type: Func vars: 
BOXUNBOX EQUAL ARITY: expStr=purust_core::Func1<String, std::rc::Rc<Purs_Data_Either::Either<String, std::rc::Rc<crate::Regex>>>> actStr=purust_core::Func1<String, std::rc::Rc<Purs_Data_Either::Either<crate::UnknownType, crate::UnknownType>>>
BOXUNBOX EQUAL ARITY: expStr=purust_core::Func1<std::rc::Rc<crate::Regex>, std::rc::Rc<Purs_Data_Either::Either<String, std::rc::Rc<crate::Regex>>>> actStr=purust_core::Func1<std::rc::Rc<crate::Regex>, std::rc::Rc<Purs_Data_Either::Either<crate::UnknownType, crate::UnknownType>>>
FUNCTION Data_String_Regex_regex args: 2 extracted: Just
BindingGroup: Data_String_Regex_renderFlags type: Func vars: 
FUNCTION Data_String_Regex_renderFlags args: 1 extracted: Just
BindingGroup: Data_String_Regex_replace_prime type: Func vars: 
FUNCTION Data_String_Regex_replace_prime args: 3 extracted: Nothing
BindingGroup: Data_String_Regex_search type: Func vars: 
FUNCTION Data_String_Regex_search args: 2 extracted: Nothing
BindingGroup: Data_String_Regex_showRegex type: Other vars: 
findFfiFile [Data.String.Regex] -> ../purust-strings/src/Data/String/Regex.rs
Found FFI for Data.String.Regex at: (Just "../purust-strings/src/Data/String/Regex.rs")
Found FFI for Data.String.Regex at: (Just "../purust-strings/src/Data/String/Regex.rs")
BindingGroup: Data_String_Regex_Unsafe_unsafeRegex type: Func vars: 
FUNCTION Data_String_Regex_Unsafe_unsafeRegex args: 2 extracted: Just
findFfiFile [Data.String.Regex.Unsafe] -> null
Found FFI for Data.String.Regex.Unsafe at: Nothing
Found FFI for Data.String.Regex.Unsafe at: Nothing
BindingGroup: Data_String_Unicode_caselessMatch type: Func vars: 
FUNCTION Data_String_Unicode_caselessMatch args: 2 extracted: Just
BindingGroup: Data_String_Unicode_caseFold type: Func vars: 
FUNCTION Data_String_Unicode_caseFold args: 1 extracted: Nothing
BindingGroup: Data_String_Unicode_caseFoldSimple type: Func vars: 
FUNCTION Data_String_Unicode_caseFoldSimple args: 1 extracted: Nothing
BindingGroup: Data_String_Unicode_toUpperSimple type: Func vars: 
FUNCTION Data_String_Unicode_toUpperSimple args: 1 extracted: Nothing
BindingGroup: Data_String_Unicode_toLowerSimple type: Func vars: 
FUNCTION Data_String_Unicode_toLowerSimple args: 1 extracted: Nothing
BindingGroup: Data_String_Unicode_convert type: Func vars: 
BOXUNBOX EQUAL ARITY: expStr=purust_core::Func1<crate::UnknownType, crate::UnknownType> actStr=purust_core::Func1<i64, i64>
FUNCTION Data_String_Unicode_convert args: 2 extracted: Just
BindingGroup: Data_String_Unicode_toUpper type: Func vars: 
FUNCTION Data_String_Unicode_toUpper args: 1 extracted: Nothing
BindingGroup: Data_String_Unicode_toLower type: Func vars: 
FUNCTION Data_String_Unicode_toLower args: 1 extracted: Nothing
BindingGroup: Data_String_Unicode_convertFull type: Func vars: 
FUNCTION Data_String_Unicode_convertFull args: 2 extracted: Just
findFfiFile [Data.String.Unicode] -> null
Found FFI for Data.String.Unicode at: Nothing
Found FFI for Data.String.Unicode at: Nothing
BindingGroup: Data_String_Extra_snakeCase type: Func vars: 
BOXUNBOX EQUAL ARITY: expStr=purust_core::Func1<crate::UnknownType, crate::UnknownType> actStr=purust_core::Func1<String, String>
BOXUNBOX EQUAL ARITY: expStr=purust_core::Func1<crate::UnknownType, String> actStr=purust_core::Func1<crate::UnknownType, crate::UnknownType>
FUNCTION Data_String_Extra_snakeCase args: 1 extracted: Just
BindingGroup: Data_String_Extra_camelCase type: Func vars: 
BOXUNBOX EQUAL ARITY: expStr=purust_core::Func1<crate::UnknownType, crate::UnknownType> actStr=purust_core::Func1<String, String>
FUNCTION Data_String_Extra_camelCase args: 1 extracted: Just
BindingGroup: Data_String_Extra_pascalCase type: Func vars: 
BOXUNBOX EQUAL ARITY: expStr=purust_core::Func1<crate::UnknownType, crate::UnknownType> actStr=purust_core::Func1<String, String>
BOXUNBOX EQUAL ARITY: expStr=purust_core::Func1<crate::UnknownType, String> actStr=purust_core::Func1<crate::UnknownType, crate::UnknownType>
FUNCTION Data_String_Extra_pascalCase args: 1 extracted: Just
BindingGroup: Data_String_Extra_kebabCase type: Func vars: 
BOXUNBOX EQUAL ARITY: expStr=purust_core::Func1<crate::UnknownType, crate::UnknownType> actStr=purust_core::Func1<String, String>
BOXUNBOX EQUAL ARITY: expStr=purust_core::Func1<crate::UnknownType, String> actStr=purust_core::Func1<crate::UnknownType, crate::UnknownType>
FUNCTION Data_String_Extra_kebabCase args: 1 extracted: Just
BindingGroup: Data_String_Extra_words type: Func vars: 
FUNCTION Data_String_Extra_words args: 1 extracted: Just
BindingGroup: Data_String_Extra_asciiWords type: Func vars: 
FUNCTION Data_String_Extra_asciiWords args: 1 extracted: Just
BindingGroup: Data_String_Extra_hasUnicodeWords type: Func vars: 
FUNCTION Data_String_Extra_hasUnicodeWords args: 1 extracted: Nothing
BindingGroup: Data_String_Extra_unicodeWords type: Func vars: 
FUNCTION Data_String_Extra_unicodeWords args: 1 extracted: Just
BindingGroup: Data_String_Extra_regexUnicodeWords type: Other vars: 
BindingGroup: Data_String_Extra_regexHasUnicodeWords type: Other vars: 
BindingGroup: Data_String_Extra_regexHasASCIIWords type: Other vars: 
BindingGroup: Data_String_Extra_upperCaseFirst type: Func vars: 
FUNCTION Data_String_Extra_upperCaseFirst args: 1 extracted: Just
findFfiFile [Data.String.Extra] -> src/Data/String/Extra.rs
Found FFI for Data.String.Extra at: (Just "src/Data/String/Extra.rs")
Found FFI for Data.String.Extra at: (Just "src/Data/String/Extra.rs")
BindingGroup: Data_String_Gen_genAlphaLowercaseString type: ConstrainedType(TypeApp(TypeVar(m), [...])) vars: m
FUNCTION Data_String_Gen_genAlphaLowercaseString args: 2 extracted: Just
BindingGroup: Data_String_Gen_genAlphaString type: ConstrainedType(TypeApp(TypeVar(m), [...])) vars: m
FUNCTION Data_String_Gen_genAlphaString args: 2 extracted: Just
BindingGroup: Data_String_Gen_genAlphaUppercaseString type: ConstrainedType(TypeApp(TypeVar(m), [...])) vars: m
FUNCTION Data_String_Gen_genAlphaUppercaseString args: 2 extracted: Just
BindingGroup: Data_String_Gen_genAsciiString type: ConstrainedType(TypeApp(TypeVar(m), [...])) vars: m
FUNCTION Data_String_Gen_genAsciiString args: 2 extracted: Just
BindingGroup: Data_String_Gen_genAsciiString_prime type: ConstrainedType(TypeApp(TypeVar(m), [...])) vars: m
FUNCTION Data_String_Gen_genAsciiString_prime args: 2 extracted: Just
BindingGroup: Data_String_Gen_genDigitString type: ConstrainedType(TypeApp(TypeVar(m), [...])) vars: m
FUNCTION Data_String_Gen_genDigitString args: 2 extracted: Just
BindingGroup: Data_String_Gen_genUnicodeString type: ConstrainedType(TypeApp(TypeVar(m), [...])) vars: m
FUNCTION Data_String_Gen_genUnicodeString args: 2 extracted: Just
BindingGroup: Data_String_Gen_genString type: ConstrainedType(Func) vars: m
BOXUNBOX EQUAL ARITY: expStr=purust_core::Func1<crate::UnknownType, crate::UnknownType> actStr=purust_core::Func1<crate::UnknownType, String>
BOXUNBOX EQUAL ARITY: expStr=purust_core::Func1<crate::UnknownType, crate::UnknownType> actStr=purust_core::Func1<i64, i64>
BOXUNBOX EQUAL ARITY: expStr=purust_core::Func1<crate::UnknownType, crate::UnknownType> actStr=purust_core::Func1<i64, crate::UnknownType>
BOXUNBOX EQUAL ARITY: expStr=purust_core::Func1<crate::UnknownType, crate::UnknownType> actStr=purust_core::Func1<i64, crate::UnknownType>
FUNCTION Data_String_Gen_genString args: 3 extracted: Just
findFfiFile [Data.String.Gen] -> null
Found FFI for Data.String.Gen at: Nothing
Found FFI for Data.String.Gen at: Nothing
BindingGroup: Data_String_NonEmpty_Internal_appendString type: Func vars: 
FUNCTION Data_String_NonEmpty_Internal_appendString args: 2 extracted: Just
BindingGroup: Data_String_NonEmpty_Internal_contains type: Func vars: 
FUNCTION Data_String_NonEmpty_Internal_contains args: 2 extracted: Just
BindingGroup: Data_String_NonEmpty_Internal_endsWith type: Func vars: 
FUNCTION Data_String_NonEmpty_Internal_endsWith args: 2 extracted: Just
BindingGroup: Data_String_NonEmpty_Internal_eqNonEmptyReplacement type: Other vars: 
BindingGroup: Data_String_NonEmpty_Internal_eqNonEmptyString type: Other vars: 
BindingGroup: Data_String_NonEmpty_Internal_unsafeFromString type: ConstrainedType(Func) vars: 
FUNCTION Data_String_NonEmpty_Internal_unsafeFromString args: 2 extracted: Just
BindingGroup: Data_String_NonEmpty_Internal_trim type: Func vars: 
FUNCTION Data_String_NonEmpty_Internal_trim args: 1 extracted: Just
BindingGroup: Data_String_NonEmpty_Internal_stripSuffix type: Func vars: 
FUNCTION Data_String_NonEmpty_Internal_stripSuffix args: 2 extracted: Just
BindingGroup: Data_String_NonEmpty_Internal_stripPrefix type: Func vars: 
FUNCTION Data_String_NonEmpty_Internal_stripPrefix args: 2 extracted: Just
BindingGroup: Data_String_NonEmpty_Internal_fromString type: Func vars: 
FUNCTION Data_String_NonEmpty_Internal_fromString args: 1 extracted: Just
BindingGroup: Data_String_NonEmpty_Internal_join1With type: ConstrainedType(Func) vars: f
FUNCTION Data_String_NonEmpty_Internal_join1With args: 3 extracted: Just
BindingGroup: Data_String_NonEmpty_Internal_joinWith type: ConstrainedType(Func) vars: f
FUNCTION Data_String_NonEmpty_Internal_joinWith args: 3 extracted: Just
BindingGroup: Data_String_NonEmpty_Internal_joinWith1 type: ConstrainedType(Func) vars: f
FUNCTION Data_String_NonEmpty_Internal_joinWith1 args: 3 extracted: Just
BindingGroup: Data_String_NonEmpty_Internal_startsWith type: Func vars: 
FUNCTION Data_String_NonEmpty_Internal_startsWith args: 2 extracted: Just
BindingGroup: Data_String_NonEmpty_Internal_liftS type: Func vars: r
FUNCTION Data_String_NonEmpty_Internal_liftS args: 2 extracted: Just
BindingGroup: Data_String_NonEmpty_Internal_localeCompare type: Func vars: 
FUNCTION Data_String_NonEmpty_Internal_localeCompare args: 2 extracted: Just
BindingGroup: Data_String_NonEmpty_Internal_makeNonEmptyBad type: ConstrainedType(Other) vars: 
FUNCTION Data_String_NonEmpty_Internal_makeNonEmptyBad args: 1 extracted: Just
BindingGroup: Data_String_NonEmpty_Internal_nes type: ForAll(ConstrainedType(Func)) vars: 
FUNCTION Data_String_NonEmpty_Internal_nes args: 2 extracted: Nothing
BindingGroup: Data_String_NonEmpty_Internal_nonEmptyNonEmpty type: ConstrainedType(Other) vars: s
FUNCTION Data_String_NonEmpty_Internal_nonEmptyNonEmpty args: 1 extracted: Just
BindingGroup: Data_String_NonEmpty_Internal_ordNonEmptyReplacement type: Other vars: 
BindingGroup: Data_String_NonEmpty_Internal_ordNonEmptyString type: Other vars: 
BindingGroup: Data_String_NonEmpty_Internal_prependString type: Func vars: 
FUNCTION Data_String_NonEmpty_Internal_prependString args: 2 extracted: Just
BindingGroup: Data_String_NonEmpty_Internal_replace type: Func vars: 
FUNCTION Data_String_NonEmpty_Internal_replace args: 3 extracted: Just
BindingGroup: Data_String_NonEmpty_Internal_replaceAll type: Func vars: 
FUNCTION Data_String_NonEmpty_Internal_replaceAll args: 3 extracted: Just
BindingGroup: Data_String_NonEmpty_Internal_semigroupNonEmptyReplacement type: Other vars: 
BindingGroup: Data_String_NonEmpty_Internal_semigroupNonEmptyString type: Other vars: 
BindingGroup: Data_String_NonEmpty_Internal_showNonEmptyReplacement type: Other vars: 
BindingGroup: Data_String_NonEmpty_Internal_showNonEmptyString type: Other vars: 
BindingGroup: Data_String_NonEmpty_Internal_toLower type: Func vars: 
FUNCTION Data_String_NonEmpty_Internal_toLower args: 1 extracted: Just
BindingGroup: Data_String_NonEmpty_Internal_toString type: Func vars: 
FUNCTION Data_String_NonEmpty_Internal_toString args: 1 extracted: Just
BindingGroup: Data_String_NonEmpty_Internal_toUpper type: Func vars: 
FUNCTION Data_String_NonEmpty_Internal_toUpper args: 1 extracted: Just
BindingGroup: Data_String_NonEmpty_Internal_NonEmptyReplacement type: Func vars: 
FUNCTION Data_String_NonEmpty_Internal_NonEmptyReplacement args: 1 extracted: Just
BindingGroup: Data_String_NonEmpty_Internal_NonEmptyString type: Func vars: 
FUNCTION Data_String_NonEmpty_Internal_NonEmptyString args: 1 extracted: Just
findFfiFile [Data.String.NonEmpty.Internal] -> null
Found FFI for Data.String.NonEmpty.Internal at: Nothing
Found FFI for Data.String.NonEmpty.Internal at: Nothing
BindingGroup: Data_String_NonEmpty_CodePoints_codePointAt type: Func vars: 
FUNCTION Data_String_NonEmpty_CodePoints_codePointAt args: 2 extracted: Just
BindingGroup: Data_String_NonEmpty_CodePoints_cons type: Func vars: 
FUNCTION Data_String_NonEmpty_CodePoints_cons args: 2 extracted: Just
BindingGroup: Data_String_NonEmpty_CodePoints_countPrefix type: Func vars: 
FUNCTION Data_String_NonEmpty_CodePoints_countPrefix args: 2 extracted: Just
BindingGroup: Data_String_NonEmpty_CodePoints_drop type: Func vars: 
FUNCTION Data_String_NonEmpty_CodePoints_drop args: 2 extracted: Just
BindingGroup: Data_String_NonEmpty_CodePoints_dropWhile type: Func vars: 
FUNCTION Data_String_NonEmpty_CodePoints_dropWhile args: 2 extracted: Just
BindingGroup: Data_String_NonEmpty_CodePoints_fromNonEmptyCodePointArray type: Func vars: 
FUNCTION Data_String_NonEmpty_CodePoints_fromNonEmptyCodePointArray args: 1 extracted: Just
BindingGroup: Data_String_NonEmpty_CodePoints_fromCodePointArray type: Func vars: 
FUNCTION Data_String_NonEmpty_CodePoints_fromCodePointArray args: 1 extracted: Just
BindingGroup: Data_String_NonEmpty_CodePoints_fromFoldable1 type: ConstrainedType(Func) vars: f
BOXUNBOX EQUAL ARITY: expStr=purust_core::Func1<crate::UnknownType, crate::UnknownType> actStr=purust_core::Func1<i64, String>
BOXUNBOX EQUAL ARITY: expStr=purust_core::Func1<crate::UnknownType, String> actStr=purust_core::Func1<crate::UnknownType, crate::UnknownType>
FUNCTION Data_String_NonEmpty_CodePoints_fromFoldable1 args: 2 extracted: Nothing
BindingGroup: Data_String_NonEmpty_CodePoints_uncons type: Func vars: 
FUNCTION Data_String_NonEmpty_CodePoints_uncons args: 1 extracted: Just
BindingGroup: Data_String_NonEmpty_CodePoints_toNonEmptyCodePointArray type: Func vars: 
FUNCTION Data_String_NonEmpty_CodePoints_toNonEmptyCodePointArray args: 1 extracted: Just
BindingGroup: Data_String_NonEmpty_CodePoints_toCodePointArray type: Func vars: 
FUNCTION Data_String_NonEmpty_CodePoints_toCodePointArray args: 1 extracted: Just
BindingGroup: Data_String_NonEmpty_CodePoints_take type: Func vars: 
FUNCTION Data_String_NonEmpty_CodePoints_take args: 2 extracted: Just
BindingGroup: Data_String_NonEmpty_CodePoints_splitAt type: Func vars: 
FUNCTION Data_String_NonEmpty_CodePoints_splitAt args: 2 extracted: Just
BindingGroup: Data_String_NonEmpty_CodePoints_length type: Func vars: 
FUNCTION Data_String_NonEmpty_CodePoints_length args: 1 extracted: Just
BindingGroup: Data_String_NonEmpty_CodePoints_indexOf type: Func vars: 
FUNCTION Data_String_NonEmpty_CodePoints_indexOf args: 2 extracted: Just
BindingGroup: Data_String_NonEmpty_CodePoints_indexOf_prime type: Func vars: 
FUNCTION Data_String_NonEmpty_CodePoints_indexOf_prime args: 3 extracted: Just
BindingGroup: Data_String_NonEmpty_CodePoints_lastIndexOf type: Func vars: 
FUNCTION Data_String_NonEmpty_CodePoints_lastIndexOf args: 2 extracted: Just
BindingGroup: Data_String_NonEmpty_CodePoints_lastIndexOf_prime type: Func vars: 
FUNCTION Data_String_NonEmpty_CodePoints_lastIndexOf_prime args: 3 extracted: Just
BindingGroup: Data_String_NonEmpty_CodePoints_takeWhile type: Func vars: 
FUNCTION Data_String_NonEmpty_CodePoints_takeWhile args: 2 extracted: Just
BindingGroup: Data_String_NonEmpty_CodePoints_singleton type: Func vars: 
FUNCTION Data_String_NonEmpty_CodePoints_singleton args: 1 extracted: Just
BindingGroup: Data_String_NonEmpty_CodePoints_snoc type: Func vars: 
FUNCTION Data_String_NonEmpty_CodePoints_snoc args: 2 extracted: Just
findFfiFile [Data.String.NonEmpty.CodePoints] -> null
Found FFI for Data.String.NonEmpty.CodePoints at: Nothing
Found FFI for Data.String.NonEmpty.CodePoints at: Nothing
findFfiFile [Data.String.NonEmpty] -> null
Found FFI for Data.String.NonEmpty at: Nothing
Found FFI for Data.String.NonEmpty at: Nothing
BindingGroup: Data_String_NonEmpty_CaseInsensitive_ordCaseInsensitiveNonEmptyString type: Other vars: 
BindingGroup: Data_String_NonEmpty_CaseInsensitive_eqCaseInsensitiveNonEmptyString type: Other vars: 
BindingGroup: Data_String_NonEmpty_CaseInsensitive_newtypeCaseInsensitiveNonEmptyString type: TypeApp(Other, [...]) vars: 
BindingGroup: Data_String_NonEmpty_CaseInsensitive_showCaseInsensitiveNonEmptyString type: Other vars: 
BindingGroup: Data_String_NonEmpty_CaseInsensitive_CaseInsensitiveNonEmptyString type: Func vars: 
FUNCTION Data_String_NonEmpty_CaseInsensitive_CaseInsensitiveNonEmptyString args: 1 extracted: Just
findFfiFile [Data.String.NonEmpty.CaseInsensitive] -> null
Found FFI for Data.String.NonEmpty.CaseInsensitive at: Nothing
Found FFI for Data.String.NonEmpty.CaseInsensitive at: Nothing
BindingGroup: Data_String_NonEmpty_CodeUnits_charAt type: Func vars: 
FUNCTION Data_String_NonEmpty_CodeUnits_charAt args: 2 extracted: Just
BindingGroup: Data_String_NonEmpty_CodeUnits_cons type: Func vars: 
FUNCTION Data_String_NonEmpty_CodeUnits_cons args: 2 extracted: Just
BindingGroup: Data_String_NonEmpty_CodeUnits_countPrefix type: Func vars: 
FUNCTION Data_String_NonEmpty_CodeUnits_countPrefix args: 2 extracted: Just
BindingGroup: Data_String_NonEmpty_CodeUnits_drop type: Func vars: 
FUNCTION Data_String_NonEmpty_CodeUnits_drop args: 2 extracted: Just
BindingGroup: Data_String_NonEmpty_CodeUnits_dropRight type: Func vars: 
FUNCTION Data_String_NonEmpty_CodeUnits_dropRight args: 2 extracted: Just
BindingGroup: Data_String_NonEmpty_CodeUnits_dropWhile type: Func vars: 
FUNCTION Data_String_NonEmpty_CodeUnits_dropWhile args: 2 extracted: Just
BindingGroup: Data_String_NonEmpty_CodeUnits_fromNonEmptyCharArray type: Func vars: 
FUNCTION Data_String_NonEmpty_CodeUnits_fromNonEmptyCharArray args: 1 extracted: Just
BindingGroup: Data_String_NonEmpty_CodeUnits_fromCharArray type: Func vars: 
FUNCTION Data_String_NonEmpty_CodeUnits_fromCharArray args: 1 extracted: Just
BindingGroup: Data_String_NonEmpty_CodeUnits_fromFoldable1 type: ConstrainedType(Func) vars: f
BOXUNBOX EQUAL ARITY: expStr=purust_core::Func1<crate::UnknownType, crate::UnknownType> actStr=purust_core::Func1<char, String>
BOXUNBOX EQUAL ARITY: expStr=purust_core::Func1<crate::UnknownType, String> actStr=purust_core::Func1<crate::UnknownType, crate::UnknownType>
FUNCTION Data_String_NonEmpty_CodeUnits_fromFoldable1 args: 2 extracted: Nothing
BindingGroup: Data_String_NonEmpty_CodeUnits_uncons type: Func vars: 
FUNCTION Data_String_NonEmpty_CodeUnits_uncons args: 1 extracted: Just
BindingGroup: Data_String_NonEmpty_CodeUnits_toNonEmptyCharArray type: Func vars: 
FUNCTION Data_String_NonEmpty_CodeUnits_toNonEmptyCharArray args: 1 extracted: Just
BindingGroup: Data_String_NonEmpty_CodeUnits_toCharArray type: Func vars: 
FUNCTION Data_String_NonEmpty_CodeUnits_toCharArray args: 1 extracted: Just
BindingGroup: Data_String_NonEmpty_CodeUnits_toChar type: Func vars: 
FUNCTION Data_String_NonEmpty_CodeUnits_toChar args: 1 extracted: Just
BindingGroup: Data_String_NonEmpty_CodeUnits_takeRight type: Func vars: 
FUNCTION Data_String_NonEmpty_CodeUnits_takeRight args: 2 extracted: Just
BindingGroup: Data_String_NonEmpty_CodeUnits_take type: Func vars: 
FUNCTION Data_String_NonEmpty_CodeUnits_take args: 2 extracted: Just
BindingGroup: Data_String_NonEmpty_CodeUnits_splitAt type: Func vars: 
FUNCTION Data_String_NonEmpty_CodeUnits_splitAt args: 2 extracted: Just
BindingGroup: Data_String_NonEmpty_CodeUnits_length type: Func vars: 
FUNCTION Data_String_NonEmpty_CodeUnits_length args: 1 extracted: Just
BindingGroup: Data_String_NonEmpty_CodeUnits_indexOf type: Func vars: 
FUNCTION Data_String_NonEmpty_CodeUnits_indexOf args: 2 extracted: Just
BindingGroup: Data_String_NonEmpty_CodeUnits_indexOf_prime type: Func vars: 
FUNCTION Data_String_NonEmpty_CodeUnits_indexOf_prime args: 3 extracted: Just
BindingGroup: Data_String_NonEmpty_CodeUnits_lastIndexOf type: Func vars: 
FUNCTION Data_String_NonEmpty_CodeUnits_lastIndexOf args: 2 extracted: Just
BindingGroup: Data_String_NonEmpty_CodeUnits_lastIndexOf_prime type: Func vars: 
FUNCTION Data_String_NonEmpty_CodeUnits_lastIndexOf_prime args: 3 extracted: Just
BindingGroup: Data_String_NonEmpty_CodeUnits_takeWhile type: Func vars: 
FUNCTION Data_String_NonEmpty_CodeUnits_takeWhile args: 2 extracted: Just
BindingGroup: Data_String_NonEmpty_CodeUnits_singleton type: Func vars: 
FUNCTION Data_String_NonEmpty_CodeUnits_singleton args: 1 extracted: Just
BindingGroup: Data_String_NonEmpty_CodeUnits_snoc type: Func vars: 
FUNCTION Data_String_NonEmpty_CodeUnits_snoc args: 2 extracted: Just
findFfiFile [Data.String.NonEmpty.CodeUnits] -> null
Found FFI for Data.String.NonEmpty.CodeUnits at: Nothing
Found FFI for Data.String.NonEmpty.CodeUnits at: Nothing
BindingGroup: Data_Tuple_Nested_curry1 type: Func vars: a, r, z
FUNCTION Data_Tuple_Nested_curry1 args: 3 extracted: Just
BindingGroup: Data_Tuple_Nested_curry10 type: Func vars: a, b, c, d, e, f, g, h, i, j, r, z
UNSAFE_COERCE GENERATED: expStr=a actStr=b expTy=TypeVar(a) actTy=TypeVar(b)
UNSAFE_COERCE GENERATED: expStr=a actStr=c expTy=TypeVar(a) actTy=TypeVar(c)
UNSAFE_COERCE GENERATED: expStr=a actStr=d expTy=TypeVar(a) actTy=TypeVar(d)
UNSAFE_COERCE GENERATED: expStr=a actStr=e expTy=TypeVar(a) actTy=TypeVar(e)
UNSAFE_COERCE GENERATED: expStr=a actStr=f expTy=TypeVar(a) actTy=TypeVar(f)
UNSAFE_COERCE GENERATED: expStr=a actStr=g expTy=TypeVar(a) actTy=TypeVar(g)
UNSAFE_COERCE GENERATED: expStr=a actStr=h expTy=TypeVar(a) actTy=TypeVar(h)
UNSAFE_COERCE GENERATED: expStr=a actStr=i expTy=TypeVar(a) actTy=TypeVar(i)
UNSAFE_COERCE GENERATED: expStr=a actStr=j expTy=TypeVar(a) actTy=TypeVar(j)
UNSAFE_COERCE GENERATED: expStr=b actStr=z expTy=TypeVar(b) actTy=TypeVar(z)
UNSAFE_COERCE GENERATED: expStr=b actStr=std::rc::Rc<Purs_Data_Tuple::Tuple> expTy=TypeVar(b) actTy=Other
UNSAFE_COERCE GENERATED: expStr=b actStr=std::rc::Rc<Purs_Data_Tuple::Tuple> expTy=TypeVar(b) actTy=Other
UNSAFE_COERCE GENERATED: expStr=b actStr=std::rc::Rc<Purs_Data_Tuple::Tuple> expTy=TypeVar(b) actTy=Other
UNSAFE_COERCE GENERATED: expStr=b actStr=std::rc::Rc<Purs_Data_Tuple::Tuple> expTy=TypeVar(b) actTy=Other
UNSAFE_COERCE GENERATED: expStr=b actStr=std::rc::Rc<Purs_Data_Tuple::Tuple> expTy=TypeVar(b) actTy=Other
UNSAFE_COERCE GENERATED: expStr=b actStr=std::rc::Rc<Purs_Data_Tuple::Tuple> expTy=TypeVar(b) actTy=Other
UNSAFE_COERCE GENERATED: expStr=b actStr=std::rc::Rc<Purs_Data_Tuple::Tuple> expTy=TypeVar(b) actTy=Other
UNSAFE_COERCE GENERATED: expStr=b actStr=std::rc::Rc<Purs_Data_Tuple::Tuple> expTy=TypeVar(b) actTy=Other
UNSAFE_COERCE GENERATED: expStr=b actStr=std::rc::Rc<Purs_Data_Tuple::Tuple> expTy=TypeVar(b) actTy=Other
FUNCTION Data_Tuple_Nested_curry10 args: 12 extracted: Just
BindingGroup: Data_Tuple_Nested_curry2 type: Func vars: a, b, r, z
UNSAFE_COERCE GENERATED: expStr=a actStr=b expTy=TypeVar(a) actTy=TypeVar(b)
UNSAFE_COERCE GENERATED: expStr=b actStr=z expTy=TypeVar(b) actTy=TypeVar(z)
UNSAFE_COERCE GENERATED: expStr=b actStr=std::rc::Rc<Purs_Data_Tuple::Tuple> expTy=TypeVar(b) actTy=Other
FUNCTION Data_Tuple_Nested_curry2 args: 4 extracted: Just
BindingGroup: Data_Tuple_Nested_curry3 type: Func vars: a, b, c, r, z
UNSAFE_COERCE GENERATED: expStr=a actStr=b expTy=TypeVar(a) actTy=TypeVar(b)
UNSAFE_COERCE GENERATED: expStr=a actStr=c expTy=TypeVar(a) actTy=TypeVar(c)
UNSAFE_COERCE GENERATED: expStr=b actStr=z expTy=TypeVar(b) actTy=TypeVar(z)
UNSAFE_COERCE GENERATED: expStr=b actStr=std::rc::Rc<Purs_Data_Tuple::Tuple> expTy=TypeVar(b) actTy=Other
UNSAFE_COERCE GENERATED: expStr=b actStr=std::rc::Rc<Purs_Data_Tuple::Tuple> expTy=TypeVar(b) actTy=Other
FUNCTION Data_Tuple_Nested_curry3 args: 5 extracted: Just
BindingGroup: Data_Tuple_Nested_curry4 type: Func vars: a, b, c, d, r, z
UNSAFE_COERCE GENERATED: expStr=a actStr=b expTy=TypeVar(a) actTy=TypeVar(b)
UNSAFE_COERCE GENERATED: expStr=a actStr=c expTy=TypeVar(a) actTy=TypeVar(c)
UNSAFE_COERCE GENERATED: expStr=a actStr=d expTy=TypeVar(a) actTy=TypeVar(d)
UNSAFE_COERCE GENERATED: expStr=b actStr=z expTy=TypeVar(b) actTy=TypeVar(z)
UNSAFE_COERCE GENERATED: expStr=b actStr=std::rc::Rc<Purs_Data_Tuple::Tuple> expTy=TypeVar(b) actTy=Other
UNSAFE_COERCE GENERATED: expStr=b actStr=std::rc::Rc<Purs_Data_Tuple::Tuple> expTy=TypeVar(b) actTy=Other
UNSAFE_COERCE GENERATED: expStr=b actStr=std::rc::Rc<Purs_Data_Tuple::Tuple> expTy=TypeVar(b) actTy=Other
FUNCTION Data_Tuple_Nested_curry4 args: 6 extracted: Just
BindingGroup: Data_Tuple_Nested_curry5 type: Func vars: a, b, c, d, e, r, z
UNSAFE_COERCE GENERATED: expStr=a actStr=b expTy=TypeVar(a) actTy=TypeVar(b)
UNSAFE_COERCE GENERATED: expStr=a actStr=c expTy=TypeVar(a) actTy=TypeVar(c)
UNSAFE_COERCE GENERATED: expStr=a actStr=d expTy=TypeVar(a) actTy=TypeVar(d)
UNSAFE_COERCE GENERATED: expStr=a actStr=e expTy=TypeVar(a) actTy=TypeVar(e)
UNSAFE_COERCE GENERATED: expStr=b actStr=z expTy=TypeVar(b) actTy=TypeVar(z)
UNSAFE_COERCE GENERATED: expStr=b actStr=std::rc::Rc<Purs_Data_Tuple::Tuple> expTy=TypeVar(b) actTy=Other
UNSAFE_COERCE GENERATED: expStr=b actStr=std::rc::Rc<Purs_Data_Tuple::Tuple> expTy=TypeVar(b) actTy=Other
UNSAFE_COERCE GENERATED: expStr=b actStr=std::rc::Rc<Purs_Data_Tuple::Tuple> expTy=TypeVar(b) actTy=Other
UNSAFE_COERCE GENERATED: expStr=b actStr=std::rc::Rc<Purs_Data_Tuple::Tuple> expTy=TypeVar(b) actTy=Other
FUNCTION Data_Tuple_Nested_curry5 args: 7 extracted: Just
BindingGroup: Data_Tuple_Nested_curry6 type: Func vars: a, b, c, d, e, f, r, z
UNSAFE_COERCE GENERATED: expStr=a actStr=b expTy=TypeVar(a) actTy=TypeVar(b)
UNSAFE_COERCE GENERATED: expStr=a actStr=c expTy=TypeVar(a) actTy=TypeVar(c)
UNSAFE_COERCE GENERATED: expStr=a actStr=d expTy=TypeVar(a) actTy=TypeVar(d)
UNSAFE_COERCE GENERATED: expStr=a actStr=e expTy=TypeVar(a) actTy=TypeVar(e)
UNSAFE_COERCE GENERATED: expStr=a actStr=f expTy=TypeVar(a) actTy=TypeVar(f)
UNSAFE_COERCE GENERATED: expStr=b actStr=z expTy=TypeVar(b) actTy=TypeVar(z)
UNSAFE_COERCE GENERATED: expStr=b actStr=std::rc::Rc<Purs_Data_Tuple::Tuple> expTy=TypeVar(b) actTy=Other
UNSAFE_COERCE GENERATED: expStr=b actStr=std::rc::Rc<Purs_Data_Tuple::Tuple> expTy=TypeVar(b) actTy=Other
UNSAFE_COERCE GENERATED: expStr=b actStr=std::rc::Rc<Purs_Data_Tuple::Tuple> expTy=TypeVar(b) actTy=Other
UNSAFE_COERCE GENERATED: expStr=b actStr=std::rc::Rc<Purs_Data_Tuple::Tuple> expTy=TypeVar(b) actTy=Other
UNSAFE_COERCE GENERATED: expStr=b actStr=std::rc::Rc<Purs_Data_Tuple::Tuple> expTy=TypeVar(b) actTy=Other
FUNCTION Data_Tuple_Nested_curry6 args: 8 extracted: Just
BindingGroup: Data_Tuple_Nested_curry7 type: Func vars: a, b, c, d, e, f, g, r, z
UNSAFE_COERCE GENERATED: expStr=a actStr=b expTy=TypeVar(a) actTy=TypeVar(b)
UNSAFE_COERCE GENERATED: expStr=a actStr=c expTy=TypeVar(a) actTy=TypeVar(c)
UNSAFE_COERCE GENERATED: expStr=a actStr=d expTy=TypeVar(a) actTy=TypeVar(d)
UNSAFE_COERCE GENERATED: expStr=a actStr=e expTy=TypeVar(a) actTy=TypeVar(e)
UNSAFE_COERCE GENERATED: expStr=a actStr=f expTy=TypeVar(a) actTy=TypeVar(f)
UNSAFE_COERCE GENERATED: expStr=a actStr=g expTy=TypeVar(a) actTy=TypeVar(g)
UNSAFE_COERCE GENERATED: expStr=b actStr=z expTy=TypeVar(b) actTy=TypeVar(z)
UNSAFE_COERCE GENERATED: expStr=b actStr=std::rc::Rc<Purs_Data_Tuple::Tuple> expTy=TypeVar(b) actTy=Other
UNSAFE_COERCE GENERATED: expStr=b actStr=std::rc::Rc<Purs_Data_Tuple::Tuple> expTy=TypeVar(b) actTy=Other
UNSAFE_COERCE GENERATED: expStr=b actStr=std::rc::Rc<Purs_Data_Tuple::Tuple> expTy=TypeVar(b) actTy=Other
UNSAFE_COERCE GENERATED: expStr=b actStr=std::rc::Rc<Purs_Data_Tuple::Tuple> expTy=TypeVar(b) actTy=Other
UNSAFE_COERCE GENERATED: expStr=b actStr=std::rc::Rc<Purs_Data_Tuple::Tuple> expTy=TypeVar(b) actTy=Other
UNSAFE_COERCE GENERATED: expStr=b actStr=std::rc::Rc<Purs_Data_Tuple::Tuple> expTy=TypeVar(b) actTy=Other
FUNCTION Data_Tuple_Nested_curry7 args: 9 extracted: Just
BindingGroup: Data_Tuple_Nested_curry8 type: Func vars: a, b, c, d, e, f, g, h, r, z
UNSAFE_COERCE GENERATED: expStr=a actStr=b expTy=TypeVar(a) actTy=TypeVar(b)
UNSAFE_COERCE GENERATED: expStr=a actStr=c expTy=TypeVar(a) actTy=TypeVar(c)
UNSAFE_COERCE GENERATED: expStr=a actStr=d expTy=TypeVar(a) actTy=TypeVar(d)
UNSAFE_COERCE GENERATED: expStr=a actStr=e expTy=TypeVar(a) actTy=TypeVar(e)
UNSAFE_COERCE GENERATED: expStr=a actStr=f expTy=TypeVar(a) actTy=TypeVar(f)
UNSAFE_COERCE GENERATED: expStr=a actStr=g expTy=TypeVar(a) actTy=TypeVar(g)
UNSAFE_COERCE GENERATED: expStr=a actStr=h expTy=TypeVar(a) actTy=TypeVar(h)
UNSAFE_COERCE GENERATED: expStr=b actStr=z expTy=TypeVar(b) actTy=TypeVar(z)
UNSAFE_COERCE GENERATED: expStr=b actStr=std::rc::Rc<Purs_Data_Tuple::Tuple> expTy=TypeVar(b) actTy=Other
UNSAFE_COERCE GENERATED: expStr=b actStr=std::rc::Rc<Purs_Data_Tuple::Tuple> expTy=TypeVar(b) actTy=Other
UNSAFE_COERCE GENERATED: expStr=b actStr=std::rc::Rc<Purs_Data_Tuple::Tuple> expTy=TypeVar(b) actTy=Other
UNSAFE_COERCE GENERATED: expStr=b actStr=std::rc::Rc<Purs_Data_Tuple::Tuple> expTy=TypeVar(b) actTy=Other
UNSAFE_COERCE GENERATED: expStr=b actStr=std::rc::Rc<Purs_Data_Tuple::Tuple> expTy=TypeVar(b) actTy=Other
UNSAFE_COERCE GENERATED: expStr=b actStr=std::rc::Rc<Purs_Data_Tuple::Tuple> expTy=TypeVar(b) actTy=Other
UNSAFE_COERCE GENERATED: expStr=b actStr=std::rc::Rc<Purs_Data_Tuple::Tuple> expTy=TypeVar(b) actTy=Other
FUNCTION Data_Tuple_Nested_curry8 args: 10 extracted: Just
BindingGroup: Data_Tuple_Nested_curry9 type: Func vars: a, b, c, d, e, f, g, h, i, r, z
UNSAFE_COERCE GENERATED: expStr=a actStr=b expTy=TypeVar(a) actTy=TypeVar(b)
UNSAFE_COERCE GENERATED: expStr=a actStr=c expTy=TypeVar(a) actTy=TypeVar(c)
UNSAFE_COERCE GENERATED: expStr=a actStr=d expTy=TypeVar(a) actTy=TypeVar(d)
UNSAFE_COERCE GENERATED: expStr=a actStr=e expTy=TypeVar(a) actTy=TypeVar(e)
UNSAFE_COERCE GENERATED: expStr=a actStr=f expTy=TypeVar(a) actTy=TypeVar(f)
UNSAFE_COERCE GENERATED: expStr=a actStr=g expTy=TypeVar(a) actTy=TypeVar(g)
UNSAFE_COERCE GENERATED: expStr=a actStr=h expTy=TypeVar(a) actTy=TypeVar(h)
UNSAFE_COERCE GENERATED: expStr=a actStr=i expTy=TypeVar(a) actTy=TypeVar(i)
UNSAFE_COERCE GENERATED: expStr=b actStr=z expTy=TypeVar(b) actTy=TypeVar(z)
UNSAFE_COERCE GENERATED: expStr=b actStr=std::rc::Rc<Purs_Data_Tuple::Tuple> expTy=TypeVar(b) actTy=Other
UNSAFE_COERCE GENERATED: expStr=b actStr=std::rc::Rc<Purs_Data_Tuple::Tuple> expTy=TypeVar(b) actTy=Other
UNSAFE_COERCE GENERATED: expStr=b actStr=std::rc::Rc<Purs_Data_Tuple::Tuple> expTy=TypeVar(b) actTy=Other
UNSAFE_COERCE GENERATED: expStr=b actStr=std::rc::Rc<Purs_Data_Tuple::Tuple> expTy=TypeVar(b) actTy=Other
UNSAFE_COERCE GENERATED: expStr=b actStr=std::rc::Rc<Purs_Data_Tuple::Tuple> expTy=TypeVar(b) actTy=Other
UNSAFE_COERCE GENERATED: expStr=b actStr=std::rc::Rc<Purs_Data_Tuple::Tuple> expTy=TypeVar(b) actTy=Other
UNSAFE_COERCE GENERATED: expStr=b actStr=std::rc::Rc<Purs_Data_Tuple::Tuple> expTy=TypeVar(b) actTy=Other
UNSAFE_COERCE GENERATED: expStr=b actStr=std::rc::Rc<Purs_Data_Tuple::Tuple> expTy=TypeVar(b) actTy=Other
FUNCTION Data_Tuple_Nested_curry9 args: 11 extracted: Just
BindingGroup: Data_Tuple_Nested_get1 type: Func vars: a, z
FUNCTION Data_Tuple_Nested_get1 args: 1 extracted: Just
BindingGroup: Data_Tuple_Nested_get10 type: Func vars: a, b, c, d, e, f, g, h, i, j, z
UNSAFE_COERCE GENERATED: expStr=std::rc::Rc<Purs_Data_Tuple::Tuple> actStr=b expTy=Other actTy=TypeVar(b)
UNSAFE_COERCE GENERATED: expStr=std::rc::Rc<Purs_Data_Tuple::Tuple> actStr=b expTy=Other actTy=TypeVar(b)
UNSAFE_COERCE GENERATED: expStr=std::rc::Rc<Purs_Data_Tuple::Tuple> actStr=b expTy=Other actTy=TypeVar(b)
UNSAFE_COERCE GENERATED: expStr=std::rc::Rc<Purs_Data_Tuple::Tuple> actStr=b expTy=Other actTy=TypeVar(b)
UNSAFE_COERCE GENERATED: expStr=std::rc::Rc<Purs_Data_Tuple::Tuple> actStr=b expTy=Other actTy=TypeVar(b)
UNSAFE_COERCE GENERATED: expStr=std::rc::Rc<Purs_Data_Tuple::Tuple> actStr=b expTy=Other actTy=TypeVar(b)
UNSAFE_COERCE GENERATED: expStr=std::rc::Rc<Purs_Data_Tuple::Tuple> actStr=b expTy=Other actTy=TypeVar(b)
UNSAFE_COERCE GENERATED: expStr=std::rc::Rc<Purs_Data_Tuple::Tuple> actStr=b expTy=Other actTy=TypeVar(b)
UNSAFE_COERCE GENERATED: expStr=std::rc::Rc<Purs_Data_Tuple::Tuple> actStr=b expTy=Other actTy=TypeVar(b)
UNSAFE_COERCE GENERATED: expStr=j actStr=a expTy=TypeVar(j) actTy=TypeVar(a)
FUNCTION Data_Tuple_Nested_get10 args: 1 extracted: Just
BindingGroup: Data_Tuple_Nested_get2 type: Func vars: a, b, z
UNSAFE_COERCE GENERATED: expStr=std::rc::Rc<Purs_Data_Tuple::Tuple> actStr=b expTy=Other actTy=TypeVar(b)
UNSAFE_COERCE GENERATED: expStr=b actStr=a expTy=TypeVar(b) actTy=TypeVar(a)
FUNCTION Data_Tuple_Nested_get2 args: 1 extracted: Just
BindingGroup: Data_Tuple_Nested_get3 type: Func vars: a, b, c, z
UNSAFE_COERCE GENERATED: expStr=std::rc::Rc<Purs_Data_Tuple::Tuple> actStr=b expTy=Other actTy=TypeVar(b)
UNSAFE_COERCE GENERATED: expStr=std::rc::Rc<Purs_Data_Tuple::Tuple> actStr=b expTy=Other actTy=TypeVar(b)
UNSAFE_COERCE GENERATED: expStr=c actStr=a expTy=TypeVar(c) actTy=TypeVar(a)
FUNCTION Data_Tuple_Nested_get3 args: 1 extracted: Just
BindingGroup: Data_Tuple_Nested_get4 type: Func vars: a, b, c, d, z
UNSAFE_COERCE GENERATED: expStr=std::rc::Rc<Purs_Data_Tuple::Tuple> actStr=b expTy=Other actTy=TypeVar(b)
UNSAFE_COERCE GENERATED: expStr=std::rc::Rc<Purs_Data_Tuple::Tuple> actStr=b expTy=Other actTy=TypeVar(b)
UNSAFE_COERCE GENERATED: expStr=std::rc::Rc<Purs_Data_Tuple::Tuple> actStr=b expTy=Other actTy=TypeVar(b)
UNSAFE_COERCE GENERATED: expStr=d actStr=a expTy=TypeVar(d) actTy=TypeVar(a)
FUNCTION Data_Tuple_Nested_get4 args: 1 extracted: Just
BindingGroup: Data_Tuple_Nested_get5 type: Func vars: a, b, c, d, e, z
UNSAFE_COERCE GENERATED: expStr=std::rc::Rc<Purs_Data_Tuple::Tuple> actStr=b expTy=Other actTy=TypeVar(b)
UNSAFE_COERCE GENERATED: expStr=std::rc::Rc<Purs_Data_Tuple::Tuple> actStr=b expTy=Other actTy=TypeVar(b)
UNSAFE_COERCE GENERATED: expStr=std::rc::Rc<Purs_Data_Tuple::Tuple> actStr=b expTy=Other actTy=TypeVar(b)
UNSAFE_COERCE GENERATED: expStr=std::rc::Rc<Purs_Data_Tuple::Tuple> actStr=b expTy=Other actTy=TypeVar(b)
UNSAFE_COERCE GENERATED: expStr=e actStr=a expTy=TypeVar(e) actTy=TypeVar(a)
FUNCTION Data_Tuple_Nested_get5 args: 1 extracted: Just
BindingGroup: Data_Tuple_Nested_get6 type: Func vars: a, b, c, d, e, f, z
UNSAFE_COERCE GENERATED: expStr=std::rc::Rc<Purs_Data_Tuple::Tuple> actStr=b expTy=Other actTy=TypeVar(b)
UNSAFE_COERCE GENERATED: expStr=std::rc::Rc<Purs_Data_Tuple::Tuple> actStr=b expTy=Other actTy=TypeVar(b)
UNSAFE_COERCE GENERATED: expStr=std::rc::Rc<Purs_Data_Tuple::Tuple> actStr=b expTy=Other actTy=TypeVar(b)
UNSAFE_COERCE GENERATED: expStr=std::rc::Rc<Purs_Data_Tuple::Tuple> actStr=b expTy=Other actTy=TypeVar(b)
UNSAFE_COERCE GENERATED: expStr=std::rc::Rc<Purs_Data_Tuple::Tuple> actStr=b expTy=Other actTy=TypeVar(b)
UNSAFE_COERCE GENERATED: expStr=f actStr=a expTy=TypeVar(f) actTy=TypeVar(a)
FUNCTION Data_Tuple_Nested_get6 args: 1 extracted: Just
BindingGroup: Data_Tuple_Nested_get7 type: Func vars: a, b, c, d, e, f, g, z
UNSAFE_COERCE GENERATED: expStr=std::rc::Rc<Purs_Data_Tuple::Tuple> actStr=b expTy=Other actTy=TypeVar(b)
UNSAFE_COERCE GENERATED: expStr=std::rc::Rc<Purs_Data_Tuple::Tuple> actStr=b expTy=Other actTy=TypeVar(b)
UNSAFE_COERCE GENERATED: expStr=std::rc::Rc<Purs_Data_Tuple::Tuple> actStr=b expTy=Other actTy=TypeVar(b)
UNSAFE_COERCE GENERATED: expStr=std::rc::Rc<Purs_Data_Tuple::Tuple> actStr=b expTy=Other actTy=TypeVar(b)
UNSAFE_COERCE GENERATED: expStr=std::rc::Rc<Purs_Data_Tuple::Tuple> actStr=b expTy=Other actTy=TypeVar(b)
UNSAFE_COERCE GENERATED: expStr=std::rc::Rc<Purs_Data_Tuple::Tuple> actStr=b expTy=Other actTy=TypeVar(b)
UNSAFE_COERCE GENERATED: expStr=g actStr=a expTy=TypeVar(g) actTy=TypeVar(a)
FUNCTION Data_Tuple_Nested_get7 args: 1 extracted: Just
BindingGroup: Data_Tuple_Nested_get8 type: Func vars: a, b, c, d, e, f, g, h, z
UNSAFE_COERCE GENERATED: expStr=std::rc::Rc<Purs_Data_Tuple::Tuple> actStr=b expTy=Other actTy=TypeVar(b)
UNSAFE_COERCE GENERATED: expStr=std::rc::Rc<Purs_Data_Tuple::Tuple> actStr=b expTy=Other actTy=TypeVar(b)
UNSAFE_COERCE GENERATED: expStr=std::rc::Rc<Purs_Data_Tuple::Tuple> actStr=b expTy=Other actTy=TypeVar(b)
UNSAFE_COERCE GENERATED: expStr=std::rc::Rc<Purs_Data_Tuple::Tuple> actStr=b expTy=Other actTy=TypeVar(b)
UNSAFE_COERCE GENERATED: expStr=std::rc::Rc<Purs_Data_Tuple::Tuple> actStr=b expTy=Other actTy=TypeVar(b)
UNSAFE_COERCE GENERATED: expStr=std::rc::Rc<Purs_Data_Tuple::Tuple> actStr=b expTy=Other actTy=TypeVar(b)
UNSAFE_COERCE GENERATED: expStr=std::rc::Rc<Purs_Data_Tuple::Tuple> actStr=b expTy=Other actTy=TypeVar(b)
UNSAFE_COERCE GENERATED: expStr=h actStr=a expTy=TypeVar(h) actTy=TypeVar(a)
FUNCTION Data_Tuple_Nested_get8 args: 1 extracted: Just
BindingGroup: Data_Tuple_Nested_get9 type: Func vars: a, b, c, d, e, f, g, h, i, z
UNSAFE_COERCE GENERATED: expStr=std::rc::Rc<Purs_Data_Tuple::Tuple> actStr=b expTy=Other actTy=TypeVar(b)
UNSAFE_COERCE GENERATED: expStr=std::rc::Rc<Purs_Data_Tuple::Tuple> actStr=b expTy=Other actTy=TypeVar(b)
UNSAFE_COERCE GENERATED: expStr=std::rc::Rc<Purs_Data_Tuple::Tuple> actStr=b expTy=Other actTy=TypeVar(b)
UNSAFE_COERCE GENERATED: expStr=std::rc::Rc<Purs_Data_Tuple::Tuple> actStr=b expTy=Other actTy=TypeVar(b)
UNSAFE_COERCE GENERATED: expStr=std::rc::Rc<Purs_Data_Tuple::Tuple> actStr=b expTy=Other actTy=TypeVar(b)
UNSAFE_COERCE GENERATED: expStr=std::rc::Rc<Purs_Data_Tuple::Tuple> actStr=b expTy=Other actTy=TypeVar(b)
UNSAFE_COERCE GENERATED: expStr=std::rc::Rc<Purs_Data_Tuple::Tuple> actStr=b expTy=Other actTy=TypeVar(b)
UNSAFE_COERCE GENERATED: expStr=std::rc::Rc<Purs_Data_Tuple::Tuple> actStr=b expTy=Other actTy=TypeVar(b)
UNSAFE_COERCE GENERATED: expStr=i actStr=a expTy=TypeVar(i) actTy=TypeVar(a)
FUNCTION Data_Tuple_Nested_get9 args: 1 extracted: Just
BindingGroup: Data_Tuple_Nested_over1 type: Func vars: a, r, z
UNSAFE_COERCE GENERATED: expStr=a actStr=r expTy=TypeVar(a) actTy=TypeVar(r)
FUNCTION Data_Tuple_Nested_over1 args: 2 extracted: Just
BindingGroup: Data_Tuple_Nested_over10 type: Func vars: a, b, c, d, e, f, g, h, i, j, r, z
UNSAFE_COERCE GENERATED: expStr=std::rc::Rc<Purs_Data_Tuple::Tuple> actStr=b expTy=Other actTy=TypeVar(b)
UNSAFE_COERCE GENERATED: expStr=std::rc::Rc<Purs_Data_Tuple::Tuple> actStr=b expTy=Other actTy=TypeVar(b)
UNSAFE_COERCE GENERATED: expStr=std::rc::Rc<Purs_Data_Tuple::Tuple> actStr=b expTy=Other actTy=TypeVar(b)
UNSAFE_COERCE GENERATED: expStr=std::rc::Rc<Purs_Data_Tuple::Tuple> actStr=b expTy=Other actTy=TypeVar(b)
UNSAFE_COERCE GENERATED: expStr=std::rc::Rc<Purs_Data_Tuple::Tuple> actStr=b expTy=Other actTy=TypeVar(b)
UNSAFE_COERCE GENERATED: expStr=std::rc::Rc<Purs_Data_Tuple::Tuple> actStr=b expTy=Other actTy=TypeVar(b)
UNSAFE_COERCE GENERATED: expStr=std::rc::Rc<Purs_Data_Tuple::Tuple> actStr=b expTy=Other actTy=TypeVar(b)
UNSAFE_COERCE GENERATED: expStr=std::rc::Rc<Purs_Data_Tuple::Tuple> actStr=b expTy=Other actTy=TypeVar(b)
UNSAFE_COERCE GENERATED: expStr=std::rc::Rc<Purs_Data_Tuple::Tuple> actStr=b expTy=Other actTy=TypeVar(b)
UNSAFE_COERCE GENERATED: expStr=std::rc::Rc<Purs_Data_Tuple::Tuple> actStr=b expTy=Other actTy=TypeVar(b)
UNSAFE_COERCE GENERATED: expStr=std::rc::Rc<Purs_Data_Tuple::Tuple> actStr=b expTy=Other actTy=TypeVar(b)
UNSAFE_COERCE GENERATED: expStr=std::rc::Rc<Purs_Data_Tuple::Tuple> actStr=b expTy=Other actTy=TypeVar(b)
UNSAFE_COERCE GENERATED: expStr=std::rc::Rc<Purs_Data_Tuple::Tuple> actStr=b expTy=Other actTy=TypeVar(b)
UNSAFE_COERCE GENERATED: expStr=std::rc::Rc<Purs_Data_Tuple::Tuple> actStr=b expTy=Other actTy=TypeVar(b)
UNSAFE_COERCE GENERATED: expStr=std::rc::Rc<Purs_Data_Tuple::Tuple> actStr=b expTy=Other actTy=TypeVar(b)
UNSAFE_COERCE GENERATED: expStr=std::rc::Rc<Purs_Data_Tuple::Tuple> actStr=b expTy=Other actTy=TypeVar(b)
UNSAFE_COERCE GENERATED: expStr=std::rc::Rc<Purs_Data_Tuple::Tuple> actStr=b expTy=Other actTy=TypeVar(b)
UNSAFE_COERCE GENERATED: expStr=std::rc::Rc<Purs_Data_Tuple::Tuple> actStr=b expTy=Other actTy=TypeVar(b)
UNSAFE_COERCE GENERATED: expStr=std::rc::Rc<Purs_Data_Tuple::Tuple> actStr=b expTy=Other actTy=TypeVar(b)
UNSAFE_COERCE GENERATED: expStr=std::rc::Rc<Purs_Data_Tuple::Tuple> actStr=b expTy=Other actTy=TypeVar(b)
UNSAFE_COERCE GENERATED: expStr=std::rc::Rc<Purs_Data_Tuple::Tuple> actStr=b expTy=Other actTy=TypeVar(b)
UNSAFE_COERCE GENERATED: expStr=std::rc::Rc<Purs_Data_Tuple::Tuple> actStr=b expTy=Other actTy=TypeVar(b)
UNSAFE_COERCE GENERATED: expStr=std::rc::Rc<Purs_Data_Tuple::Tuple> actStr=b expTy=Other actTy=TypeVar(b)
UNSAFE_COERCE GENERATED: expStr=std::rc::Rc<Purs_Data_Tuple::Tuple> actStr=b expTy=Other actTy=TypeVar(b)
UNSAFE_COERCE GENERATED: expStr=std::rc::Rc<Purs_Data_Tuple::Tuple> actStr=b expTy=Other actTy=TypeVar(b)
UNSAFE_COERCE GENERATED: expStr=std::rc::Rc<Purs_Data_Tuple::Tuple> actStr=b expTy=Other actTy=TypeVar(b)
UNSAFE_COERCE GENERATED: expStr=std::rc::Rc<Purs_Data_Tuple::Tuple> actStr=b expTy=Other actTy=TypeVar(b)
UNSAFE_COERCE GENERATED: expStr=std::rc::Rc<Purs_Data_Tuple::Tuple> actStr=b expTy=Other actTy=TypeVar(b)
UNSAFE_COERCE GENERATED: expStr=std::rc::Rc<Purs_Data_Tuple::Tuple> actStr=b expTy=Other actTy=TypeVar(b)
UNSAFE_COERCE GENERATED: expStr=std::rc::Rc<Purs_Data_Tuple::Tuple> actStr=b expTy=Other actTy=TypeVar(b)
UNSAFE_COERCE GENERATED: expStr=std::rc::Rc<Purs_Data_Tuple::Tuple> actStr=b expTy=Other actTy=TypeVar(b)
UNSAFE_COERCE GENERATED: expStr=std::rc::Rc<Purs_Data_Tuple::Tuple> actStr=b expTy=Other actTy=TypeVar(b)
UNSAFE_COERCE GENERATED: expStr=std::rc::Rc<Purs_Data_Tuple::Tuple> actStr=b expTy=Other actTy=TypeVar(b)
UNSAFE_COERCE GENERATED: expStr=std::rc::Rc<Purs_Data_Tuple::Tuple> actStr=b expTy=Other actTy=TypeVar(b)
UNSAFE_COERCE GENERATED: expStr=std::rc::Rc<Purs_Data_Tuple::Tuple> actStr=b expTy=Other actTy=TypeVar(b)
UNSAFE_COERCE GENERATED: expStr=std::rc::Rc<Purs_Data_Tuple::Tuple> actStr=b expTy=Other actTy=TypeVar(b)
UNSAFE_COERCE GENERATED: expStr=std::rc::Rc<Purs_Data_Tuple::Tuple> actStr=b expTy=Other actTy=TypeVar(b)
UNSAFE_COERCE GENERATED: expStr=std::rc::Rc<Purs_Data_Tuple::Tuple> actStr=b expTy=Other actTy=TypeVar(b)
UNSAFE_COERCE GENERATED: expStr=std::rc::Rc<Purs_Data_Tuple::Tuple> actStr=b expTy=Other actTy=TypeVar(b)
UNSAFE_COERCE GENERATED: expStr=std::rc::Rc<Purs_Data_Tuple::Tuple> actStr=b expTy=Other actTy=TypeVar(b)
UNSAFE_COERCE GENERATED: expStr=std::rc::Rc<Purs_Data_Tuple::Tuple> actStr=b expTy=Other actTy=TypeVar(b)
UNSAFE_COERCE GENERATED: expStr=std::rc::Rc<Purs_Data_Tuple::Tuple> actStr=b expTy=Other actTy=TypeVar(b)
UNSAFE_COERCE GENERATED: expStr=std::rc::Rc<Purs_Data_Tuple::Tuple> actStr=b expTy=Other actTy=TypeVar(b)
UNSAFE_COERCE GENERATED: expStr=std::rc::Rc<Purs_Data_Tuple::Tuple> actStr=b expTy=Other actTy=TypeVar(b)
UNSAFE_COERCE GENERATED: expStr=std::rc::Rc<Purs_Data_Tuple::Tuple> actStr=b expTy=Other actTy=TypeVar(b)
UNSAFE_COERCE GENERATED: expStr=j actStr=a expTy=TypeVar(j) actTy=TypeVar(a)
UNSAFE_COERCE GENERATED: expStr=a actStr=r expTy=TypeVar(a) actTy=TypeVar(r)
UNSAFE_COERCE GENERATED: expStr=std::rc::Rc<Purs_Data_Tuple::Tuple> actStr=b expTy=Other actTy=TypeVar(b)
UNSAFE_COERCE GENERATED: expStr=std::rc::Rc<Purs_Data_Tuple::Tuple> actStr=b expTy=Other actTy=TypeVar(b)
UNSAFE_COERCE GENERATED: expStr=std::rc::Rc<Purs_Data_Tuple::Tuple> actStr=b expTy=Other actTy=TypeVar(b)
UNSAFE_COERCE GENERATED: expStr=std::rc::Rc<Purs_Data_Tuple::Tuple> actStr=b expTy=Other actTy=TypeVar(b)
UNSAFE_COERCE GENERATED: expStr=std::rc::Rc<Purs_Data_Tuple::Tuple> actStr=b expTy=Other actTy=TypeVar(b)
UNSAFE_COERCE GENERATED: expStr=std::rc::Rc<Purs_Data_Tuple::Tuple> actStr=b expTy=Other actTy=TypeVar(b)
UNSAFE_COERCE GENERATED: expStr=std::rc::Rc<Purs_Data_Tuple::Tuple> actStr=b expTy=Other actTy=TypeVar(b)
UNSAFE_COERCE GENERATED: expStr=std::rc::Rc<Purs_Data_Tuple::Tuple> actStr=b expTy=Other actTy=TypeVar(b)
UNSAFE_COERCE GENERATED: expStr=std::rc::Rc<Purs_Data_Tuple::Tuple> actStr=b expTy=Other actTy=TypeVar(b)
UNSAFE_COERCE GENERATED: expStr=b actStr=std::rc::Rc<Purs_Data_Tuple::Tuple> expTy=TypeVar(b) actTy=Other
UNSAFE_COERCE GENERATED: expStr=b actStr=std::rc::Rc<Purs_Data_Tuple::Tuple> expTy=TypeVar(b) actTy=Other
UNSAFE_COERCE GENERATED: expStr=b actStr=std::rc::Rc<Purs_Data_Tuple::Tuple> expTy=TypeVar(b) actTy=Other
UNSAFE_COERCE GENERATED: expStr=b actStr=std::rc::Rc<Purs_Data_Tuple::Tuple> expTy=TypeVar(b) actTy=Other
UNSAFE_COERCE GENERATED: expStr=b actStr=std::rc::Rc<Purs_Data_Tuple::Tuple> expTy=TypeVar(b) actTy=Other
UNSAFE_COERCE GENERATED: expStr=b actStr=std::rc::Rc<Purs_Data_Tuple::Tuple> expTy=TypeVar(b) actTy=Other
UNSAFE_COERCE GENERATED: expStr=b actStr=std::rc::Rc<Purs_Data_Tuple::Tuple> expTy=TypeVar(b) actTy=Other
UNSAFE_COERCE GENERATED: expStr=b actStr=std::rc::Rc<Purs_Data_Tuple::Tuple> expTy=TypeVar(b) actTy=Other
UNSAFE_COERCE GENERATED: expStr=b actStr=std::rc::Rc<Purs_Data_Tuple::Tuple> expTy=TypeVar(b) actTy=Other
FUNCTION Data_Tuple_Nested_over10 args: 2 extracted: Just
BindingGroup: Data_Tuple_Nested_over2 type: Func vars: a, b, r, z
UNSAFE_COERCE GENERATED: expStr=std::rc::Rc<Purs_Data_Tuple::Tuple> actStr=b expTy=Other actTy=TypeVar(b)
UNSAFE_COERCE GENERATED: expStr=b actStr=a expTy=TypeVar(b) actTy=TypeVar(a)
UNSAFE_COERCE GENERATED: expStr=a actStr=r expTy=TypeVar(a) actTy=TypeVar(r)
UNSAFE_COERCE GENERATED: expStr=std::rc::Rc<Purs_Data_Tuple::Tuple> actStr=b expTy=Other actTy=TypeVar(b)
UNSAFE_COERCE GENERATED: expStr=b actStr=std::rc::Rc<Purs_Data_Tuple::Tuple> expTy=TypeVar(b) actTy=Other
FUNCTION Data_Tuple_Nested_over2 args: 2 extracted: Just
BindingGroup: Data_Tuple_Nested_over3 type: Func vars: a, b, c, r, z
UNSAFE_COERCE GENERATED: expStr=std::rc::Rc<Purs_Data_Tuple::Tuple> actStr=b expTy=Other actTy=TypeVar(b)
UNSAFE_COERCE GENERATED: expStr=std::rc::Rc<Purs_Data_Tuple::Tuple> actStr=b expTy=Other actTy=TypeVar(b)
UNSAFE_COERCE GENERATED: expStr=std::rc::Rc<Purs_Data_Tuple::Tuple> actStr=b expTy=Other actTy=TypeVar(b)
UNSAFE_COERCE GENERATED: expStr=c actStr=a expTy=TypeVar(c) actTy=TypeVar(a)
UNSAFE_COERCE GENERATED: expStr=a actStr=r expTy=TypeVar(a) actTy=TypeVar(r)
UNSAFE_COERCE GENERATED: expStr=std::rc::Rc<Purs_Data_Tuple::Tuple> actStr=b expTy=Other actTy=TypeVar(b)
UNSAFE_COERCE GENERATED: expStr=std::rc::Rc<Purs_Data_Tuple::Tuple> actStr=b expTy=Other actTy=TypeVar(b)
UNSAFE_COERCE GENERATED: expStr=b actStr=std::rc::Rc<Purs_Data_Tuple::Tuple> expTy=TypeVar(b) actTy=Other
UNSAFE_COERCE GENERATED: expStr=b actStr=std::rc::Rc<Purs_Data_Tuple::Tuple> expTy=TypeVar(b) actTy=Other
FUNCTION Data_Tuple_Nested_over3 args: 2 extracted: Just
BindingGroup: Data_Tuple_Nested_over4 type: Func vars: a, b, c, d, r, z
UNSAFE_COERCE GENERATED: expStr=std::rc::Rc<Purs_Data_Tuple::Tuple> actStr=b expTy=Other actTy=TypeVar(b)
UNSAFE_COERCE GENERATED: expStr=std::rc::Rc<Purs_Data_Tuple::Tuple> actStr=b expTy=Other actTy=TypeVar(b)
UNSAFE_COERCE GENERATED: expStr=std::rc::Rc<Purs_Data_Tuple::Tuple> actStr=b expTy=Other actTy=TypeVar(b)
UNSAFE_COERCE GENERATED: expStr=std::rc::Rc<Purs_Data_Tuple::Tuple> actStr=b expTy=Other actTy=TypeVar(b)
UNSAFE_COERCE GENERATED: expStr=std::rc::Rc<Purs_Data_Tuple::Tuple> actStr=b expTy=Other actTy=TypeVar(b)
UNSAFE_COERCE GENERATED: expStr=std::rc::Rc<Purs_Data_Tuple::Tuple> actStr=b expTy=Other actTy=TypeVar(b)
UNSAFE_COERCE GENERATED: expStr=d actStr=a expTy=TypeVar(d) actTy=TypeVar(a)
UNSAFE_COERCE GENERATED: expStr=a actStr=r expTy=TypeVar(a) actTy=TypeVar(r)
UNSAFE_COERCE GENERATED: expStr=std::rc::Rc<Purs_Data_Tuple::Tuple> actStr=b expTy=Other actTy=TypeVar(b)
UNSAFE_COERCE GENERATED: expStr=std::rc::Rc<Purs_Data_Tuple::Tuple> actStr=b expTy=Other actTy=TypeVar(b)
UNSAFE_COERCE GENERATED: expStr=std::rc::Rc<Purs_Data_Tuple::Tuple> actStr=b expTy=Other actTy=TypeVar(b)
UNSAFE_COERCE GENERATED: expStr=b actStr=std::rc::Rc<Purs_Data_Tuple::Tuple> expTy=TypeVar(b) actTy=Other
UNSAFE_COERCE GENERATED: expStr=b actStr=std::rc::Rc<Purs_Data_Tuple::Tuple> expTy=TypeVar(b) actTy=Other
UNSAFE_COERCE GENERATED: expStr=b actStr=std::rc::Rc<Purs_Data_Tuple::Tuple> expTy=TypeVar(b) actTy=Other
FUNCTION Data_Tuple_Nested_over4 args: 2 extracted: Just
BindingGroup: Data_Tuple_Nested_over5 type: Func vars: a, b, c, d, e, r, z
UNSAFE_COERCE GENERATED: expStr=std::rc::Rc<Purs_Data_Tuple::Tuple> actStr=b expTy=Other actTy=TypeVar(b)
UNSAFE_COERCE GENERATED: expStr=std::rc::Rc<Purs_Data_Tuple::Tuple> actStr=b expTy=Other actTy=TypeVar(b)
UNSAFE_COERCE GENERATED: expStr=std::rc::Rc<Purs_Data_Tuple::Tuple> actStr=b expTy=Other actTy=TypeVar(b)
UNSAFE_COERCE GENERATED: expStr=std::rc::Rc<Purs_Data_Tuple::Tuple> actStr=b expTy=Other actTy=TypeVar(b)
UNSAFE_COERCE GENERATED: expStr=std::rc::Rc<Purs_Data_Tuple::Tuple> actStr=b expTy=Other actTy=TypeVar(b)
UNSAFE_COERCE GENERATED: expStr=std::rc::Rc<Purs_Data_Tuple::Tuple> actStr=b expTy=Other actTy=TypeVar(b)
UNSAFE_COERCE GENERATED: expStr=std::rc::Rc<Purs_Data_Tuple::Tuple> actStr=b expTy=Other actTy=TypeVar(b)
UNSAFE_COERCE GENERATED: expStr=std::rc::Rc<Purs_Data_Tuple::Tuple> actStr=b expTy=Other actTy=TypeVar(b)
UNSAFE_COERCE GENERATED: expStr=std::rc::Rc<Purs_Data_Tuple::Tuple> actStr=b expTy=Other actTy=TypeVar(b)
UNSAFE_COERCE GENERATED: expStr=std::rc::Rc<Purs_Data_Tuple::Tuple> actStr=b expTy=Other actTy=TypeVar(b)
UNSAFE_COERCE GENERATED: expStr=e actStr=a expTy=TypeVar(e) actTy=TypeVar(a)
UNSAFE_COERCE GENERATED: expStr=a actStr=r expTy=TypeVar(a) actTy=TypeVar(r)
UNSAFE_COERCE GENERATED: expStr=std::rc::Rc<Purs_Data_Tuple::Tuple> actStr=b expTy=Other actTy=TypeVar(b)
UNSAFE_COERCE GENERATED: expStr=std::rc::Rc<Purs_Data_Tuple::Tuple> actStr=b expTy=Other actTy=TypeVar(b)
UNSAFE_COERCE GENERATED: expStr=std::rc::Rc<Purs_Data_Tuple::Tuple> actStr=b expTy=Other actTy=TypeVar(b)
UNSAFE_COERCE GENERATED: expStr=std::rc::Rc<Purs_Data_Tuple::Tuple> actStr=b expTy=Other actTy=TypeVar(b)
UNSAFE_COERCE GENERATED: expStr=b actStr=std::rc::Rc<Purs_Data_Tuple::Tuple> expTy=TypeVar(b) actTy=Other
UNSAFE_COERCE GENERATED: expStr=b actStr=std::rc::Rc<Purs_Data_Tuple::Tuple> expTy=TypeVar(b) actTy=Other
UNSAFE_COERCE GENERATED: expStr=b actStr=std::rc::Rc<Purs_Data_Tuple::Tuple> expTy=TypeVar(b) actTy=Other
UNSAFE_COERCE GENERATED: expStr=b actStr=std::rc::Rc<Purs_Data_Tuple::Tuple> expTy=TypeVar(b) actTy=Other
FUNCTION Data_Tuple_Nested_over5 args: 2 extracted: Just
BindingGroup: Data_Tuple_Nested_over6 type: Func vars: a, b, c, d, e, f, r, z
UNSAFE_COERCE GENERATED: expStr=std::rc::Rc<Purs_Data_Tuple::Tuple> actStr=b expTy=Other actTy=TypeVar(b)
UNSAFE_COERCE GENERATED: expStr=std::rc::Rc<Purs_Data_Tuple::Tuple> actStr=b expTy=Other actTy=TypeVar(b)
UNSAFE_COERCE GENERATED: expStr=std::rc::Rc<Purs_Data_Tuple::Tuple> actStr=b expTy=Other actTy=TypeVar(b)
UNSAFE_COERCE GENERATED: expStr=std::rc::Rc<Purs_Data_Tuple::Tuple> actStr=b expTy=Other actTy=TypeVar(b)
UNSAFE_COERCE GENERATED: expStr=std::rc::Rc<Purs_Data_Tuple::Tuple> actStr=b expTy=Other actTy=TypeVar(b)
UNSAFE_COERCE GENERATED: expStr=std::rc::Rc<Purs_Data_Tuple::Tuple> actStr=b expTy=Other actTy=TypeVar(b)
UNSAFE_COERCE GENERATED: expStr=std::rc::Rc<Purs_Data_Tuple::Tuple> actStr=b expTy=Other actTy=TypeVar(b)
UNSAFE_COERCE GENERATED: expStr=std::rc::Rc<Purs_Data_Tuple::Tuple> actStr=b expTy=Other actTy=TypeVar(b)
UNSAFE_COERCE GENERATED: expStr=std::rc::Rc<Purs_Data_Tuple::Tuple> actStr=b expTy=Other actTy=TypeVar(b)
UNSAFE_COERCE GENERATED: expStr=std::rc::Rc<Purs_Data_Tuple::Tuple> actStr=b expTy=Other actTy=TypeVar(b)
UNSAFE_COERCE GENERATED: expStr=std::rc::Rc<Purs_Data_Tuple::Tuple> actStr=b expTy=Other actTy=TypeVar(b)
UNSAFE_COERCE GENERATED: expStr=std::rc::Rc<Purs_Data_Tuple::Tuple> actStr=b expTy=Other actTy=TypeVar(b)
UNSAFE_COERCE GENERATED: expStr=std::rc::Rc<Purs_Data_Tuple::Tuple> actStr=b expTy=Other actTy=TypeVar(b)
UNSAFE_COERCE GENERATED: expStr=std::rc::Rc<Purs_Data_Tuple::Tuple> actStr=b expTy=Other actTy=TypeVar(b)
UNSAFE_COERCE GENERATED: expStr=std::rc::Rc<Purs_Data_Tuple::Tuple> actStr=b expTy=Other actTy=TypeVar(b)
UNSAFE_COERCE GENERATED: expStr=f actStr=a expTy=TypeVar(f) actTy=TypeVar(a)
UNSAFE_COERCE GENERATED: expStr=a actStr=r expTy=TypeVar(a) actTy=TypeVar(r)
UNSAFE_COERCE GENERATED: expStr=std::rc::Rc<Purs_Data_Tuple::Tuple> actStr=b expTy=Other actTy=TypeVar(b)
UNSAFE_COERCE GENERATED: expStr=std::rc::Rc<Purs_Data_Tuple::Tuple> actStr=b expTy=Other actTy=TypeVar(b)
UNSAFE_COERCE GENERATED: expStr=std::rc::Rc<Purs_Data_Tuple::Tuple> actStr=b expTy=Other actTy=TypeVar(b)
UNSAFE_COERCE GENERATED: expStr=std::rc::Rc<Purs_Data_Tuple::Tuple> actStr=b expTy=Other actTy=TypeVar(b)
UNSAFE_COERCE GENERATED: expStr=std::rc::Rc<Purs_Data_Tuple::Tuple> actStr=b expTy=Other actTy=TypeVar(b)
UNSAFE_COERCE GENERATED: expStr=b actStr=std::rc::Rc<Purs_Data_Tuple::Tuple> expTy=TypeVar(b) actTy=Other
UNSAFE_COERCE GENERATED: expStr=b actStr=std::rc::Rc<Purs_Data_Tuple::Tuple> expTy=TypeVar(b) actTy=Other
UNSAFE_COERCE GENERATED: expStr=b actStr=std::rc::Rc<Purs_Data_Tuple::Tuple> expTy=TypeVar(b) actTy=Other
UNSAFE_COERCE GENERATED: expStr=b actStr=std::rc::Rc<Purs_Data_Tuple::Tuple> expTy=TypeVar(b) actTy=Other
UNSAFE_COERCE GENERATED: expStr=b actStr=std::rc::Rc<Purs_Data_Tuple::Tuple> expTy=TypeVar(b) actTy=Other
FUNCTION Data_Tuple_Nested_over6 args: 2 extracted: Just
BindingGroup: Data_Tuple_Nested_over7 type: Func vars: a, b, c, d, e, f, g, r, z
UNSAFE_COERCE GENERATED: expStr=std::rc::Rc<Purs_Data_Tuple::Tuple> actStr=b expTy=Other actTy=TypeVar(b)
UNSAFE_COERCE GENERATED: expStr=std::rc::Rc<Purs_Data_Tuple::Tuple> actStr=b expTy=Other actTy=TypeVar(b)
UNSAFE_COERCE GENERATED: expStr=std::rc::Rc<Purs_Data_Tuple::Tuple> actStr=b expTy=Other actTy=TypeVar(b)
UNSAFE_COERCE GENERATED: expStr=std::rc::Rc<Purs_Data_Tuple::Tuple> actStr=b expTy=Other actTy=TypeVar(b)
UNSAFE_COERCE GENERATED: expStr=std::rc::Rc<Purs_Data_Tuple::Tuple> actStr=b expTy=Other actTy=TypeVar(b)
UNSAFE_COERCE GENERATED: expStr=std::rc::Rc<Purs_Data_Tuple::Tuple> actStr=b expTy=Other actTy=TypeVar(b)
UNSAFE_COERCE GENERATED: expStr=std::rc::Rc<Purs_Data_Tuple::Tuple> actStr=b expTy=Other actTy=TypeVar(b)
UNSAFE_COERCE GENERATED: expStr=std::rc::Rc<Purs_Data_Tuple::Tuple> actStr=b expTy=Other actTy=TypeVar(b)
UNSAFE_COERCE GENERATED: expStr=std::rc::Rc<Purs_Data_Tuple::Tuple> actStr=b expTy=Other actTy=TypeVar(b)
UNSAFE_COERCE GENERATED: expStr=std::rc::Rc<Purs_Data_Tuple::Tuple> actStr=b expTy=Other actTy=TypeVar(b)
UNSAFE_COERCE GENERATED: expStr=std::rc::Rc<Purs_Data_Tuple::Tuple> actStr=b expTy=Other actTy=TypeVar(b)
UNSAFE_COERCE GENERATED: expStr=std::rc::Rc<Purs_Data_Tuple::Tuple> actStr=b expTy=Other actTy=TypeVar(b)
UNSAFE_COERCE GENERATED: expStr=std::rc::Rc<Purs_Data_Tuple::Tuple> actStr=b expTy=Other actTy=TypeVar(b)
UNSAFE_COERCE GENERATED: expStr=std::rc::Rc<Purs_Data_Tuple::Tuple> actStr=b expTy=Other actTy=TypeVar(b)
UNSAFE_COERCE GENERATED: expStr=std::rc::Rc<Purs_Data_Tuple::Tuple> actStr=b expTy=Other actTy=TypeVar(b)
UNSAFE_COERCE GENERATED: expStr=std::rc::Rc<Purs_Data_Tuple::Tuple> actStr=b expTy=Other actTy=TypeVar(b)
UNSAFE_COERCE GENERATED: expStr=std::rc::Rc<Purs_Data_Tuple::Tuple> actStr=b expTy=Other actTy=TypeVar(b)
UNSAFE_COERCE GENERATED: expStr=std::rc::Rc<Purs_Data_Tuple::Tuple> actStr=b expTy=Other actTy=TypeVar(b)
UNSAFE_COERCE GENERATED: expStr=std::rc::Rc<Purs_Data_Tuple::Tuple> actStr=b expTy=Other actTy=TypeVar(b)
UNSAFE_COERCE GENERATED: expStr=std::rc::Rc<Purs_Data_Tuple::Tuple> actStr=b expTy=Other actTy=TypeVar(b)
UNSAFE_COERCE GENERATED: expStr=std::rc::Rc<Purs_Data_Tuple::Tuple> actStr=b expTy=Other actTy=TypeVar(b)
UNSAFE_COERCE GENERATED: expStr=g actStr=a expTy=TypeVar(g) actTy=TypeVar(a)
UNSAFE_COERCE GENERATED: expStr=a actStr=r expTy=TypeVar(a) actTy=TypeVar(r)
UNSAFE_COERCE GENERATED: expStr=std::rc::Rc<Purs_Data_Tuple::Tuple> actStr=b expTy=Other actTy=TypeVar(b)
UNSAFE_COERCE GENERATED: expStr=std::rc::Rc<Purs_Data_Tuple::Tuple> actStr=b expTy=Other actTy=TypeVar(b)
UNSAFE_COERCE GENERATED: expStr=std::rc::Rc<Purs_Data_Tuple::Tuple> actStr=b expTy=Other actTy=TypeVar(b)
UNSAFE_COERCE GENERATED: expStr=std::rc::Rc<Purs_Data_Tuple::Tuple> actStr=b expTy=Other actTy=TypeVar(b)
UNSAFE_COERCE GENERATED: expStr=std::rc::Rc<Purs_Data_Tuple::Tuple> actStr=b expTy=Other actTy=TypeVar(b)
UNSAFE_COERCE GENERATED: expStr=std::rc::Rc<Purs_Data_Tuple::Tuple> actStr=b expTy=Other actTy=TypeVar(b)
UNSAFE_COERCE GENERATED: expStr=b actStr=std::rc::Rc<Purs_Data_Tuple::Tuple> expTy=TypeVar(b) actTy=Other
UNSAFE_COERCE GENERATED: expStr=b actStr=std::rc::Rc<Purs_Data_Tuple::Tuple> expTy=TypeVar(b) actTy=Other
UNSAFE_COERCE GENERATED: expStr=b actStr=std::rc::Rc<Purs_Data_Tuple::Tuple> expTy=TypeVar(b) actTy=Other
UNSAFE_COERCE GENERATED: expStr=b actStr=std::rc::Rc<Purs_Data_Tuple::Tuple> expTy=TypeVar(b) actTy=Other
UNSAFE_COERCE GENERATED: expStr=b actStr=std::rc::Rc<Purs_Data_Tuple::Tuple> expTy=TypeVar(b) actTy=Other
UNSAFE_COERCE GENERATED: expStr=b actStr=std::rc::Rc<Purs_Data_Tuple::Tuple> expTy=TypeVar(b) actTy=Other
FUNCTION Data_Tuple_Nested_over7 args: 2 extracted: Just
BindingGroup: Data_Tuple_Nested_over8 type: Func vars: a, b, c, d, e, f, g, h, r, z
UNSAFE_COERCE GENERATED: expStr=std::rc::Rc<Purs_Data_Tuple::Tuple> actStr=b expTy=Other actTy=TypeVar(b)
UNSAFE_COERCE GENERATED: expStr=std::rc::Rc<Purs_Data_Tuple::Tuple> actStr=b expTy=Other actTy=TypeVar(b)
UNSAFE_COERCE GENERATED: expStr=std::rc::Rc<Purs_Data_Tuple::Tuple> actStr=b expTy=Other actTy=TypeVar(b)
UNSAFE_COERCE GENERATED: expStr=std::rc::Rc<Purs_Data_Tuple::Tuple> actStr=b expTy=Other actTy=TypeVar(b)
UNSAFE_COERCE GENERATED: expStr=std::rc::Rc<Purs_Data_Tuple::Tuple> actStr=b expTy=Other actTy=TypeVar(b)
UNSAFE_COERCE GENERATED: expStr=std::rc::Rc<Purs_Data_Tuple::Tuple> actStr=b expTy=Other actTy=TypeVar(b)
UNSAFE_COERCE GENERATED: expStr=std::rc::Rc<Purs_Data_Tuple::Tuple> actStr=b expTy=Other actTy=TypeVar(b)
UNSAFE_COERCE GENERATED: expStr=std::rc::Rc<Purs_Data_Tuple::Tuple> actStr=b expTy=Other actTy=TypeVar(b)
UNSAFE_COERCE GENERATED: expStr=std::rc::Rc<Purs_Data_Tuple::Tuple> actStr=b expTy=Other actTy=TypeVar(b)
UNSAFE_COERCE GENERATED: expStr=std::rc::Rc<Purs_Data_Tuple::Tuple> actStr=b expTy=Other actTy=TypeVar(b)
UNSAFE_COERCE GENERATED: expStr=std::rc::Rc<Purs_Data_Tuple::Tuple> actStr=b expTy=Other actTy=TypeVar(b)
UNSAFE_COERCE GENERATED: expStr=std::rc::Rc<Purs_Data_Tuple::Tuple> actStr=b expTy=Other actTy=TypeVar(b)
UNSAFE_COERCE GENERATED: expStr=std::rc::Rc<Purs_Data_Tuple::Tuple> actStr=b expTy=Other actTy=TypeVar(b)
UNSAFE_COERCE GENERATED: expStr=std::rc::Rc<Purs_Data_Tuple::Tuple> actStr=b expTy=Other actTy=TypeVar(b)
UNSAFE_COERCE GENERATED: expStr=std::rc::Rc<Purs_Data_Tuple::Tuple> actStr=b expTy=Other actTy=TypeVar(b)
UNSAFE_COERCE GENERATED: expStr=std::rc::Rc<Purs_Data_Tuple::Tuple> actStr=b expTy=Other actTy=TypeVar(b)
UNSAFE_COERCE GENERATED: expStr=std::rc::Rc<Purs_Data_Tuple::Tuple> actStr=b expTy=Other actTy=TypeVar(b)
UNSAFE_COERCE GENERATED: expStr=std::rc::Rc<Purs_Data_Tuple::Tuple> actStr=b expTy=Other actTy=TypeVar(b)
UNSAFE_COERCE GENERATED: expStr=std::rc::Rc<Purs_Data_Tuple::Tuple> actStr=b expTy=Other actTy=TypeVar(b)
UNSAFE_COERCE GENERATED: expStr=std::rc::Rc<Purs_Data_Tuple::Tuple> actStr=b expTy=Other actTy=TypeVar(b)
UNSAFE_COERCE GENERATED: expStr=std::rc::Rc<Purs_Data_Tuple::Tuple> actStr=b expTy=Other actTy=TypeVar(b)
UNSAFE_COERCE GENERATED: expStr=std::rc::Rc<Purs_Data_Tuple::Tuple> actStr=b expTy=Other actTy=TypeVar(b)
UNSAFE_COERCE GENERATED: expStr=std::rc::Rc<Purs_Data_Tuple::Tuple> actStr=b expTy=Other actTy=TypeVar(b)
UNSAFE_COERCE GENERATED: expStr=std::rc::Rc<Purs_Data_Tuple::Tuple> actStr=b expTy=Other actTy=TypeVar(b)
UNSAFE_COERCE GENERATED: expStr=std::rc::Rc<Purs_Data_Tuple::Tuple> actStr=b expTy=Other actTy=TypeVar(b)
UNSAFE_COERCE GENERATED: expStr=std::rc::Rc<Purs_Data_Tuple::Tuple> actStr=b expTy=Other actTy=TypeVar(b)
UNSAFE_COERCE GENERATED: expStr=std::rc::Rc<Purs_Data_Tuple::Tuple> actStr=b expTy=Other actTy=TypeVar(b)
UNSAFE_COERCE GENERATED: expStr=std::rc::Rc<Purs_Data_Tuple::Tuple> actStr=b expTy=Other actTy=TypeVar(b)
UNSAFE_COERCE GENERATED: expStr=h actStr=a expTy=TypeVar(h) actTy=TypeVar(a)
UNSAFE_COERCE GENERATED: expStr=a actStr=r expTy=TypeVar(a) actTy=TypeVar(r)
UNSAFE_COERCE GENERATED: expStr=std::rc::Rc<Purs_Data_Tuple::Tuple> actStr=b expTy=Other actTy=TypeVar(b)
UNSAFE_COERCE GENERATED: expStr=std::rc::Rc<Purs_Data_Tuple::Tuple> actStr=b expTy=Other actTy=TypeVar(b)
UNSAFE_COERCE GENERATED: expStr=std::rc::Rc<Purs_Data_Tuple::Tuple> actStr=b expTy=Other actTy=TypeVar(b)
UNSAFE_COERCE GENERATED: expStr=std::rc::Rc<Purs_Data_Tuple::Tuple> actStr=b expTy=Other actTy=TypeVar(b)
UNSAFE_COERCE GENERATED: expStr=std::rc::Rc<Purs_Data_Tuple::Tuple> actStr=b expTy=Other actTy=TypeVar(b)
UNSAFE_COERCE GENERATED: expStr=std::rc::Rc<Purs_Data_Tuple::Tuple> actStr=b expTy=Other actTy=TypeVar(b)
UNSAFE_COERCE GENERATED: expStr=std::rc::Rc<Purs_Data_Tuple::Tuple> actStr=b expTy=Other actTy=TypeVar(b)
UNSAFE_COERCE GENERATED: expStr=b actStr=std::rc::Rc<Purs_Data_Tuple::Tuple> expTy=TypeVar(b) actTy=Other
UNSAFE_COERCE GENERATED: expStr=b actStr=std::rc::Rc<Purs_Data_Tuple::Tuple> expTy=TypeVar(b) actTy=Other
UNSAFE_COERCE GENERATED: expStr=b actStr=std::rc::Rc<Purs_Data_Tuple::Tuple> expTy=TypeVar(b) actTy=Other
UNSAFE_COERCE GENERATED: expStr=b actStr=std::rc::Rc<Purs_Data_Tuple::Tuple> expTy=TypeVar(b) actTy=Other
UNSAFE_COERCE GENERATED: expStr=b actStr=std::rc::Rc<Purs_Data_Tuple::Tuple> expTy=TypeVar(b) actTy=Other
UNSAFE_COERCE GENERATED: expStr=b actStr=std::rc::Rc<Purs_Data_Tuple::Tuple> expTy=TypeVar(b) actTy=Other
UNSAFE_COERCE GENERATED: expStr=b actStr=std::rc::Rc<Purs_Data_Tuple::Tuple> expTy=TypeVar(b) actTy=Other
FUNCTION Data_Tuple_Nested_over8 args: 2 extracted: Just
BindingGroup: Data_Tuple_Nested_over9 type: Func vars: a, b, c, d, e, f, g, h, i, r, z
UNSAFE_COERCE GENERATED: expStr=std::rc::Rc<Purs_Data_Tuple::Tuple> actStr=b expTy=Other actTy=TypeVar(b)
UNSAFE_COERCE GENERATED: expStr=std::rc::Rc<Purs_Data_Tuple::Tuple> actStr=b expTy=Other actTy=TypeVar(b)
UNSAFE_COERCE GENERATED: expStr=std::rc::Rc<Purs_Data_Tuple::Tuple> actStr=b expTy=Other actTy=TypeVar(b)
UNSAFE_COERCE GENERATED: expStr=std::rc::Rc<Purs_Data_Tuple::Tuple> actStr=b expTy=Other actTy=TypeVar(b)
UNSAFE_COERCE GENERATED: expStr=std::rc::Rc<Purs_Data_Tuple::Tuple> actStr=b expTy=Other actTy=TypeVar(b)
UNSAFE_COERCE GENERATED: expStr=std::rc::Rc<Purs_Data_Tuple::Tuple> actStr=b expTy=Other actTy=TypeVar(b)
UNSAFE_COERCE GENERATED: expStr=std::rc::Rc<Purs_Data_Tuple::Tuple> actStr=b expTy=Other actTy=TypeVar(b)
UNSAFE_COERCE GENERATED: expStr=std::rc::Rc<Purs_Data_Tuple::Tuple> actStr=b expTy=Other actTy=TypeVar(b)
UNSAFE_COERCE GENERATED: expStr=std::rc::Rc<Purs_Data_Tuple::Tuple> actStr=b expTy=Other actTy=TypeVar(b)
UNSAFE_COERCE GENERATED: expStr=std::rc::Rc<Purs_Data_Tuple::Tuple> actStr=b expTy=Other actTy=TypeVar(b)
UNSAFE_COERCE GENERATED: expStr=std::rc::Rc<Purs_Data_Tuple::Tuple> actStr=b expTy=Other actTy=TypeVar(b)
UNSAFE_COERCE GENERATED: expStr=std::rc::Rc<Purs_Data_Tuple::Tuple> actStr=b expTy=Other actTy=TypeVar(b)
UNSAFE_COERCE GENERATED: expStr=std::rc::Rc<Purs_Data_Tuple::Tuple> actStr=b expTy=Other actTy=TypeVar(b)
UNSAFE_COERCE GENERATED: expStr=std::rc::Rc<Purs_Data_Tuple::Tuple> actStr=b expTy=Other actTy=TypeVar(b)
UNSAFE_COERCE GENERATED: expStr=std::rc::Rc<Purs_Data_Tuple::Tuple> actStr=b expTy=Other actTy=TypeVar(b)
UNSAFE_COERCE GENERATED: expStr=std::rc::Rc<Purs_Data_Tuple::Tuple> actStr=b expTy=Other actTy=TypeVar(b)
UNSAFE_COERCE GENERATED: expStr=std::rc::Rc<Purs_Data_Tuple::Tuple> actStr=b expTy=Other actTy=TypeVar(b)
UNSAFE_COERCE GENERATED: expStr=std::rc::Rc<Purs_Data_Tuple::Tuple> actStr=b expTy=Other actTy=TypeVar(b)
UNSAFE_COERCE GENERATED: expStr=std::rc::Rc<Purs_Data_Tuple::Tuple> actStr=b expTy=Other actTy=TypeVar(b)
UNSAFE_COERCE GENERATED: expStr=std::rc::Rc<Purs_Data_Tuple::Tuple> actStr=b expTy=Other actTy=TypeVar(b)
UNSAFE_COERCE GENERATED: expStr=std::rc::Rc<Purs_Data_Tuple::Tuple> actStr=b expTy=Other actTy=TypeVar(b)
UNSAFE_COERCE GENERATED: expStr=std::rc::Rc<Purs_Data_Tuple::Tuple> actStr=b expTy=Other actTy=TypeVar(b)
UNSAFE_COERCE GENERATED: expStr=std::rc::Rc<Purs_Data_Tuple::Tuple> actStr=b expTy=Other actTy=TypeVar(b)
UNSAFE_COERCE GENERATED: expStr=std::rc::Rc<Purs_Data_Tuple::Tuple> actStr=b expTy=Other actTy=TypeVar(b)
UNSAFE_COERCE GENERATED: expStr=std::rc::Rc<Purs_Data_Tuple::Tuple> actStr=b expTy=Other actTy=TypeVar(b)
UNSAFE_COERCE GENERATED: expStr=std::rc::Rc<Purs_Data_Tuple::Tuple> actStr=b expTy=Other actTy=TypeVar(b)
UNSAFE_COERCE GENERATED: expStr=std::rc::Rc<Purs_Data_Tuple::Tuple> actStr=b expTy=Other actTy=TypeVar(b)
UNSAFE_COERCE GENERATED: expStr=std::rc::Rc<Purs_Data_Tuple::Tuple> actStr=b expTy=Other actTy=TypeVar(b)
UNSAFE_COERCE GENERATED: expStr=std::rc::Rc<Purs_Data_Tuple::Tuple> actStr=b expTy=Other actTy=TypeVar(b)
UNSAFE_COERCE GENERATED: expStr=std::rc::Rc<Purs_Data_Tuple::Tuple> actStr=b expTy=Other actTy=TypeVar(b)
UNSAFE_COERCE GENERATED: expStr=std::rc::Rc<Purs_Data_Tuple::Tuple> actStr=b expTy=Other actTy=TypeVar(b)
UNSAFE_COERCE GENERATED: expStr=std::rc::Rc<Purs_Data_Tuple::Tuple> actStr=b expTy=Other actTy=TypeVar(b)
UNSAFE_COERCE GENERATED: expStr=std::rc::Rc<Purs_Data_Tuple::Tuple> actStr=b expTy=Other actTy=TypeVar(b)
UNSAFE_COERCE GENERATED: expStr=std::rc::Rc<Purs_Data_Tuple::Tuple> actStr=b expTy=Other actTy=TypeVar(b)
UNSAFE_COERCE GENERATED: expStr=std::rc::Rc<Purs_Data_Tuple::Tuple> actStr=b expTy=Other actTy=TypeVar(b)
UNSAFE_COERCE GENERATED: expStr=std::rc::Rc<Purs_Data_Tuple::Tuple> actStr=b expTy=Other actTy=TypeVar(b)
UNSAFE_COERCE GENERATED: expStr=i actStr=a expTy=TypeVar(i) actTy=TypeVar(a)
UNSAFE_COERCE GENERATED: expStr=a actStr=r expTy=TypeVar(a) actTy=TypeVar(r)
UNSAFE_COERCE GENERATED: expStr=std::rc::Rc<Purs_Data_Tuple::Tuple> actStr=b expTy=Other actTy=TypeVar(b)
UNSAFE_COERCE GENERATED: expStr=std::rc::Rc<Purs_Data_Tuple::Tuple> actStr=b expTy=Other actTy=TypeVar(b)
UNSAFE_COERCE GENERATED: expStr=std::rc::Rc<Purs_Data_Tuple::Tuple> actStr=b expTy=Other actTy=TypeVar(b)
UNSAFE_COERCE GENERATED: expStr=std::rc::Rc<Purs_Data_Tuple::Tuple> actStr=b expTy=Other actTy=TypeVar(b)
UNSAFE_COERCE GENERATED: expStr=std::rc::Rc<Purs_Data_Tuple::Tuple> actStr=b expTy=Other actTy=TypeVar(b)
UNSAFE_COERCE GENERATED: expStr=std::rc::Rc<Purs_Data_Tuple::Tuple> actStr=b expTy=Other actTy=TypeVar(b)
UNSAFE_COERCE GENERATED: expStr=std::rc::Rc<Purs_Data_Tuple::Tuple> actStr=b expTy=Other actTy=TypeVar(b)
UNSAFE_COERCE GENERATED: expStr=std::rc::Rc<Purs_Data_Tuple::Tuple> actStr=b expTy=Other actTy=TypeVar(b)
UNSAFE_COERCE GENERATED: expStr=b actStr=std::rc::Rc<Purs_Data_Tuple::Tuple> expTy=TypeVar(b) actTy=Other
UNSAFE_COERCE GENERATED: expStr=b actStr=std::rc::Rc<Purs_Data_Tuple::Tuple> expTy=TypeVar(b) actTy=Other
UNSAFE_COERCE GENERATED: expStr=b actStr=std::rc::Rc<Purs_Data_Tuple::Tuple> expTy=TypeVar(b) actTy=Other
UNSAFE_COERCE GENERATED: expStr=b actStr=std::rc::Rc<Purs_Data_Tuple::Tuple> expTy=TypeVar(b) actTy=Other
UNSAFE_COERCE GENERATED: expStr=b actStr=std::rc::Rc<Purs_Data_Tuple::Tuple> expTy=TypeVar(b) actTy=Other
UNSAFE_COERCE GENERATED: expStr=b actStr=std::rc::Rc<Purs_Data_Tuple::Tuple> expTy=TypeVar(b) actTy=Other
UNSAFE_COERCE GENERATED: expStr=b actStr=std::rc::Rc<Purs_Data_Tuple::Tuple> expTy=TypeVar(b) actTy=Other
UNSAFE_COERCE GENERATED: expStr=b actStr=std::rc::Rc<Purs_Data_Tuple::Tuple> expTy=TypeVar(b) actTy=Other
FUNCTION Data_Tuple_Nested_over9 args: 2 extracted: Just
BindingGroup: Data_Tuple_Nested_tuple1 type: Func vars: a
FUNCTION Data_Tuple_Nested_tuple1 args: 1 extracted: Just
BindingGroup: Data_Tuple_Nested_tuple10 type: Func vars: a, b, c, d, e, f, g, h, i, j
UNSAFE_COERCE GENERATED: expStr=a actStr=b expTy=TypeVar(a) actTy=TypeVar(b)
UNSAFE_COERCE GENERATED: expStr=a actStr=c expTy=TypeVar(a) actTy=TypeVar(c)
UNSAFE_COERCE GENERATED: expStr=a actStr=d expTy=TypeVar(a) actTy=TypeVar(d)
UNSAFE_COERCE GENERATED: expStr=a actStr=e expTy=TypeVar(a) actTy=TypeVar(e)
UNSAFE_COERCE GENERATED: expStr=a actStr=f expTy=TypeVar(a) actTy=TypeVar(f)
UNSAFE_COERCE GENERATED: expStr=a actStr=g expTy=TypeVar(a) actTy=TypeVar(g)
UNSAFE_COERCE GENERATED: expStr=a actStr=h expTy=TypeVar(a) actTy=TypeVar(h)
UNSAFE_COERCE GENERATED: expStr=a actStr=i expTy=TypeVar(a) actTy=TypeVar(i)
UNSAFE_COERCE GENERATED: expStr=a actStr=j expTy=TypeVar(a) actTy=TypeVar(j)
UNSAFE_COERCE GENERATED: expStr=b actStr=std::rc::Rc<Purs_Data_Tuple::Tuple> expTy=TypeVar(b) actTy=Other
UNSAFE_COERCE GENERATED: expStr=b actStr=std::rc::Rc<Purs_Data_Tuple::Tuple> expTy=TypeVar(b) actTy=Other
UNSAFE_COERCE GENERATED: expStr=b actStr=std::rc::Rc<Purs_Data_Tuple::Tuple> expTy=TypeVar(b) actTy=Other
UNSAFE_COERCE GENERATED: expStr=b actStr=std::rc::Rc<Purs_Data_Tuple::Tuple> expTy=TypeVar(b) actTy=Other
UNSAFE_COERCE GENERATED: expStr=b actStr=std::rc::Rc<Purs_Data_Tuple::Tuple> expTy=TypeVar(b) actTy=Other
UNSAFE_COERCE GENERATED: expStr=b actStr=std::rc::Rc<Purs_Data_Tuple::Tuple> expTy=TypeVar(b) actTy=Other
UNSAFE_COERCE GENERATED: expStr=b actStr=std::rc::Rc<Purs_Data_Tuple::Tuple> expTy=TypeVar(b) actTy=Other
UNSAFE_COERCE GENERATED: expStr=b actStr=std::rc::Rc<Purs_Data_Tuple::Tuple> expTy=TypeVar(b) actTy=Other
UNSAFE_COERCE GENERATED: expStr=b actStr=std::rc::Rc<Purs_Data_Tuple::Tuple> expTy=TypeVar(b) actTy=Other
FUNCTION Data_Tuple_Nested_tuple10 args: 10 extracted: Just
BindingGroup: Data_Tuple_Nested_tuple2 type: Func vars: a, b
UNSAFE_COERCE GENERATED: expStr=a actStr=b expTy=TypeVar(a) actTy=TypeVar(b)
UNSAFE_COERCE GENERATED: expStr=b actStr=std::rc::Rc<Purs_Data_Tuple::Tuple> expTy=TypeVar(b) actTy=Other
FUNCTION Data_Tuple_Nested_tuple2 args: 2 extracted: Just
BindingGroup: Data_Tuple_Nested_tuple3 type: Func vars: a, b, c
UNSAFE_COERCE GENERATED: expStr=a actStr=b expTy=TypeVar(a) actTy=TypeVar(b)
UNSAFE_COERCE GENERATED: expStr=a actStr=c expTy=TypeVar(a) actTy=TypeVar(c)
UNSAFE_COERCE GENERATED: expStr=b actStr=std::rc::Rc<Purs_Data_Tuple::Tuple> expTy=TypeVar(b) actTy=Other
UNSAFE_COERCE GENERATED: expStr=b actStr=std::rc::Rc<Purs_Data_Tuple::Tuple> expTy=TypeVar(b) actTy=Other
FUNCTION Data_Tuple_Nested_tuple3 args: 3 extracted: Just
BindingGroup: Data_Tuple_Nested_tuple4 type: Func vars: a, b, c, d
UNSAFE_COERCE GENERATED: expStr=a actStr=b expTy=TypeVar(a) actTy=TypeVar(b)
UNSAFE_COERCE GENERATED: expStr=a actStr=c expTy=TypeVar(a) actTy=TypeVar(c)
UNSAFE_COERCE GENERATED: expStr=a actStr=d expTy=TypeVar(a) actTy=TypeVar(d)
UNSAFE_COERCE GENERATED: expStr=b actStr=std::rc::Rc<Purs_Data_Tuple::Tuple> expTy=TypeVar(b) actTy=Other
UNSAFE_COERCE GENERATED: expStr=b actStr=std::rc::Rc<Purs_Data_Tuple::Tuple> expTy=TypeVar(b) actTy=Other
UNSAFE_COERCE GENERATED: expStr=b actStr=std::rc::Rc<Purs_Data_Tuple::Tuple> expTy=TypeVar(b) actTy=Other
FUNCTION Data_Tuple_Nested_tuple4 args: 4 extracted: Just
BindingGroup: Data_Tuple_Nested_tuple5 type: Func vars: a, b, c, d, e
UNSAFE_COERCE GENERATED: expStr=a actStr=b expTy=TypeVar(a) actTy=TypeVar(b)
UNSAFE_COERCE GENERATED: expStr=a actStr=c expTy=TypeVar(a) actTy=TypeVar(c)
UNSAFE_COERCE GENERATED: expStr=a actStr=d expTy=TypeVar(a) actTy=TypeVar(d)
UNSAFE_COERCE GENERATED: expStr=a actStr=e expTy=TypeVar(a) actTy=TypeVar(e)
UNSAFE_COERCE GENERATED: expStr=b actStr=std::rc::Rc<Purs_Data_Tuple::Tuple> expTy=TypeVar(b) actTy=Other
UNSAFE_COERCE GENERATED: expStr=b actStr=std::rc::Rc<Purs_Data_Tuple::Tuple> expTy=TypeVar(b) actTy=Other
UNSAFE_COERCE GENERATED: expStr=b actStr=std::rc::Rc<Purs_Data_Tuple::Tuple> expTy=TypeVar(b) actTy=Other
UNSAFE_COERCE GENERATED: expStr=b actStr=std::rc::Rc<Purs_Data_Tuple::Tuple> expTy=TypeVar(b) actTy=Other
FUNCTION Data_Tuple_Nested_tuple5 args: 5 extracted: Just
BindingGroup: Data_Tuple_Nested_tuple6 type: Func vars: a, b, c, d, e, f
UNSAFE_COERCE GENERATED: expStr=a actStr=b expTy=TypeVar(a) actTy=TypeVar(b)
UNSAFE_COERCE GENERATED: expStr=a actStr=c expTy=TypeVar(a) actTy=TypeVar(c)
UNSAFE_COERCE GENERATED: expStr=a actStr=d expTy=TypeVar(a) actTy=TypeVar(d)
UNSAFE_COERCE GENERATED: expStr=a actStr=e expTy=TypeVar(a) actTy=TypeVar(e)
UNSAFE_COERCE GENERATED: expStr=a actStr=f expTy=TypeVar(a) actTy=TypeVar(f)
UNSAFE_COERCE GENERATED: expStr=b actStr=std::rc::Rc<Purs_Data_Tuple::Tuple> expTy=TypeVar(b) actTy=Other
UNSAFE_COERCE GENERATED: expStr=b actStr=std::rc::Rc<Purs_Data_Tuple::Tuple> expTy=TypeVar(b) actTy=Other
UNSAFE_COERCE GENERATED: expStr=b actStr=std::rc::Rc<Purs_Data_Tuple::Tuple> expTy=TypeVar(b) actTy=Other
UNSAFE_COERCE GENERATED: expStr=b actStr=std::rc::Rc<Purs_Data_Tuple::Tuple> expTy=TypeVar(b) actTy=Other
UNSAFE_COERCE GENERATED: expStr=b actStr=std::rc::Rc<Purs_Data_Tuple::Tuple> expTy=TypeVar(b) actTy=Other
FUNCTION Data_Tuple_Nested_tuple6 args: 6 extracted: Just
BindingGroup: Data_Tuple_Nested_tuple7 type: Func vars: a, b, c, d, e, f, g
UNSAFE_COERCE GENERATED: expStr=a actStr=b expTy=TypeVar(a) actTy=TypeVar(b)
UNSAFE_COERCE GENERATED: expStr=a actStr=c expTy=TypeVar(a) actTy=TypeVar(c)
UNSAFE_COERCE GENERATED: expStr=a actStr=d expTy=TypeVar(a) actTy=TypeVar(d)
UNSAFE_COERCE GENERATED: expStr=a actStr=e expTy=TypeVar(a) actTy=TypeVar(e)
UNSAFE_COERCE GENERATED: expStr=a actStr=f expTy=TypeVar(a) actTy=TypeVar(f)
UNSAFE_COERCE GENERATED: expStr=a actStr=g expTy=TypeVar(a) actTy=TypeVar(g)
UNSAFE_COERCE GENERATED: expStr=b actStr=std::rc::Rc<Purs_Data_Tuple::Tuple> expTy=TypeVar(b) actTy=Other
UNSAFE_COERCE GENERATED: expStr=b actStr=std::rc::Rc<Purs_Data_Tuple::Tuple> expTy=TypeVar(b) actTy=Other
UNSAFE_COERCE GENERATED: expStr=b actStr=std::rc::Rc<Purs_Data_Tuple::Tuple> expTy=TypeVar(b) actTy=Other
UNSAFE_COERCE GENERATED: expStr=b actStr=std::rc::Rc<Purs_Data_Tuple::Tuple> expTy=TypeVar(b) actTy=Other
UNSAFE_COERCE GENERATED: expStr=b actStr=std::rc::Rc<Purs_Data_Tuple::Tuple> expTy=TypeVar(b) actTy=Other
UNSAFE_COERCE GENERATED: expStr=b actStr=std::rc::Rc<Purs_Data_Tuple::Tuple> expTy=TypeVar(b) actTy=Other
FUNCTION Data_Tuple_Nested_tuple7 args: 7 extracted: Just
BindingGroup: Data_Tuple_Nested_tuple8 type: Func vars: a, b, c, d, e, f, g, h
UNSAFE_COERCE GENERATED: expStr=a actStr=b expTy=TypeVar(a) actTy=TypeVar(b)
UNSAFE_COERCE GENERATED: expStr=a actStr=c expTy=TypeVar(a) actTy=TypeVar(c)
UNSAFE_COERCE GENERATED: expStr=a actStr=d expTy=TypeVar(a) actTy=TypeVar(d)
UNSAFE_COERCE GENERATED: expStr=a actStr=e expTy=TypeVar(a) actTy=TypeVar(e)
UNSAFE_COERCE GENERATED: expStr=a actStr=f expTy=TypeVar(a) actTy=TypeVar(f)
UNSAFE_COERCE GENERATED: expStr=a actStr=g expTy=TypeVar(a) actTy=TypeVar(g)
UNSAFE_COERCE GENERATED: expStr=a actStr=h expTy=TypeVar(a) actTy=TypeVar(h)
UNSAFE_COERCE GENERATED: expStr=b actStr=std::rc::Rc<Purs_Data_Tuple::Tuple> expTy=TypeVar(b) actTy=Other
UNSAFE_COERCE GENERATED: expStr=b actStr=std::rc::Rc<Purs_Data_Tuple::Tuple> expTy=TypeVar(b) actTy=Other
UNSAFE_COERCE GENERATED: expStr=b actStr=std::rc::Rc<Purs_Data_Tuple::Tuple> expTy=TypeVar(b) actTy=Other
UNSAFE_COERCE GENERATED: expStr=b actStr=std::rc::Rc<Purs_Data_Tuple::Tuple> expTy=TypeVar(b) actTy=Other
UNSAFE_COERCE GENERATED: expStr=b actStr=std::rc::Rc<Purs_Data_Tuple::Tuple> expTy=TypeVar(b) actTy=Other
UNSAFE_COERCE GENERATED: expStr=b actStr=std::rc::Rc<Purs_Data_Tuple::Tuple> expTy=TypeVar(b) actTy=Other
UNSAFE_COERCE GENERATED: expStr=b actStr=std::rc::Rc<Purs_Data_Tuple::Tuple> expTy=TypeVar(b) actTy=Other
FUNCTION Data_Tuple_Nested_tuple8 args: 8 extracted: Just
BindingGroup: Data_Tuple_Nested_tuple9 type: Func vars: a, b, c, d, e, f, g, h, i
UNSAFE_COERCE GENERATED: expStr=a actStr=b expTy=TypeVar(a) actTy=TypeVar(b)
UNSAFE_COERCE GENERATED: expStr=a actStr=c expTy=TypeVar(a) actTy=TypeVar(c)
UNSAFE_COERCE GENERATED: expStr=a actStr=d expTy=TypeVar(a) actTy=TypeVar(d)
UNSAFE_COERCE GENERATED: expStr=a actStr=e expTy=TypeVar(a) actTy=TypeVar(e)
UNSAFE_COERCE GENERATED: expStr=a actStr=f expTy=TypeVar(a) actTy=TypeVar(f)
UNSAFE_COERCE GENERATED: expStr=a actStr=g expTy=TypeVar(a) actTy=TypeVar(g)
UNSAFE_COERCE GENERATED: expStr=a actStr=h expTy=TypeVar(a) actTy=TypeVar(h)
UNSAFE_COERCE GENERATED: expStr=a actStr=i expTy=TypeVar(a) actTy=TypeVar(i)
UNSAFE_COERCE GENERATED: expStr=b actStr=std::rc::Rc<Purs_Data_Tuple::Tuple> expTy=TypeVar(b) actTy=Other
UNSAFE_COERCE GENERATED: expStr=b actStr=std::rc::Rc<Purs_Data_Tuple::Tuple> expTy=TypeVar(b) actTy=Other
UNSAFE_COERCE GENERATED: expStr=b actStr=std::rc::Rc<Purs_Data_Tuple::Tuple> expTy=TypeVar(b) actTy=Other
UNSAFE_COERCE GENERATED: expStr=b actStr=std::rc::Rc<Purs_Data_Tuple::Tuple> expTy=TypeVar(b) actTy=Other
UNSAFE_COERCE GENERATED: expStr=b actStr=std::rc::Rc<Purs_Data_Tuple::Tuple> expTy=TypeVar(b) actTy=Other
UNSAFE_COERCE GENERATED: expStr=b actStr=std::rc::Rc<Purs_Data_Tuple::Tuple> expTy=TypeVar(b) actTy=Other
UNSAFE_COERCE GENERATED: expStr=b actStr=std::rc::Rc<Purs_Data_Tuple::Tuple> expTy=TypeVar(b) actTy=Other
UNSAFE_COERCE GENERATED: expStr=b actStr=std::rc::Rc<Purs_Data_Tuple::Tuple> expTy=TypeVar(b) actTy=Other
FUNCTION Data_Tuple_Nested_tuple9 args: 9 extracted: Just
BindingGroup: Data_Tuple_Nested_uncurry1 type: Func vars: a, r, z
FUNCTION Data_Tuple_Nested_uncurry1 args: 2 extracted: Just
BindingGroup: Data_Tuple_Nested_uncurry10 type: Func vars: a, b, c, d, e, f, g, h, i, j, r, z
UNSAFE_COERCE GENERATED: expStr=std::rc::Rc<Purs_Data_Tuple::Tuple> actStr=b expTy=Other actTy=TypeVar(b)
UNSAFE_COERCE GENERATED: expStr=b actStr=a expTy=TypeVar(b) actTy=TypeVar(a)
UNSAFE_COERCE GENERATED: expStr=std::rc::Rc<Purs_Data_Tuple::Tuple> actStr=b expTy=Other actTy=TypeVar(b)
UNSAFE_COERCE GENERATED: expStr=std::rc::Rc<Purs_Data_Tuple::Tuple> actStr=b expTy=Other actTy=TypeVar(b)
UNSAFE_COERCE GENERATED: expStr=c actStr=a expTy=TypeVar(c) actTy=TypeVar(a)
UNSAFE_COERCE GENERATED: expStr=std::rc::Rc<Purs_Data_Tuple::Tuple> actStr=b expTy=Other actTy=TypeVar(b)
UNSAFE_COERCE GENERATED: expStr=std::rc::Rc<Purs_Data_Tuple::Tuple> actStr=b expTy=Other actTy=TypeVar(b)
UNSAFE_COERCE GENERATED: expStr=std::rc::Rc<Purs_Data_Tuple::Tuple> actStr=b expTy=Other actTy=TypeVar(b)
UNSAFE_COERCE GENERATED: expStr=d actStr=a expTy=TypeVar(d) actTy=TypeVar(a)
UNSAFE_COERCE GENERATED: expStr=std::rc::Rc<Purs_Data_Tuple::Tuple> actStr=b expTy=Other actTy=TypeVar(b)
UNSAFE_COERCE GENERATED: expStr=std::rc::Rc<Purs_Data_Tuple::Tuple> actStr=b expTy=Other actTy=TypeVar(b)
UNSAFE_COERCE GENERATED: expStr=std::rc::Rc<Purs_Data_Tuple::Tuple> actStr=b expTy=Other actTy=TypeVar(b)
UNSAFE_COERCE GENERATED: expStr=std::rc::Rc<Purs_Data_Tuple::Tuple> actStr=b expTy=Other actTy=TypeVar(b)
UNSAFE_COERCE GENERATED: expStr=e actStr=a expTy=TypeVar(e) actTy=TypeVar(a)
UNSAFE_COERCE GENERATED: expStr=std::rc::Rc<Purs_Data_Tuple::Tuple> actStr=b expTy=Other actTy=TypeVar(b)
UNSAFE_COERCE GENERATED: expStr=std::rc::Rc<Purs_Data_Tuple::Tuple> actStr=b expTy=Other actTy=TypeVar(b)
UNSAFE_COERCE GENERATED: expStr=std::rc::Rc<Purs_Data_Tuple::Tuple> actStr=b expTy=Other actTy=TypeVar(b)
UNSAFE_COERCE GENERATED: expStr=std::rc::Rc<Purs_Data_Tuple::Tuple> actStr=b expTy=Other actTy=TypeVar(b)
UNSAFE_COERCE GENERATED: expStr=std::rc::Rc<Purs_Data_Tuple::Tuple> actStr=b expTy=Other actTy=TypeVar(b)
UNSAFE_COERCE GENERATED: expStr=f actStr=a expTy=TypeVar(f) actTy=TypeVar(a)
UNSAFE_COERCE GENERATED: expStr=std::rc::Rc<Purs_Data_Tuple::Tuple> actStr=b expTy=Other actTy=TypeVar(b)
UNSAFE_COERCE GENERATED: expStr=std::rc::Rc<Purs_Data_Tuple::Tuple> actStr=b expTy=Other actTy=TypeVar(b)
UNSAFE_COERCE GENERATED: expStr=std::rc::Rc<Purs_Data_Tuple::Tuple> actStr=b expTy=Other actTy=TypeVar(b)
UNSAFE_COERCE GENERATED: expStr=std::rc::Rc<Purs_Data_Tuple::Tuple> actStr=b expTy=Other actTy=TypeVar(b)
UNSAFE_COERCE GENERATED: expStr=std::rc::Rc<Purs_Data_Tuple::Tuple> actStr=b expTy=Other actTy=TypeVar(b)
UNSAFE_COERCE GENERATED: expStr=std::rc::Rc<Purs_Data_Tuple::Tuple> actStr=b expTy=Other actTy=TypeVar(b)
UNSAFE_COERCE GENERATED: expStr=g actStr=a expTy=TypeVar(g) actTy=TypeVar(a)
UNSAFE_COERCE GENERATED: expStr=std::rc::Rc<Purs_Data_Tuple::Tuple> actStr=b expTy=Other actTy=TypeVar(b)
UNSAFE_COERCE GENERATED: expStr=std::rc::Rc<Purs_Data_Tuple::Tuple> actStr=b expTy=Other actTy=TypeVar(b)
UNSAFE_COERCE GENERATED: expStr=std::rc::Rc<Purs_Data_Tuple::Tuple> actStr=b expTy=Other actTy=TypeVar(b)
UNSAFE_COERCE GENERATED: expStr=std::rc::Rc<Purs_Data_Tuple::Tuple> actStr=b expTy=Other actTy=TypeVar(b)
UNSAFE_COERCE GENERATED: expStr=std::rc::Rc<Purs_Data_Tuple::Tuple> actStr=b expTy=Other actTy=TypeVar(b)
UNSAFE_COERCE GENERATED: expStr=std::rc::Rc<Purs_Data_Tuple::Tuple> actStr=b expTy=Other actTy=TypeVar(b)
UNSAFE_COERCE GENERATED: expStr=std::rc::Rc<Purs_Data_Tuple::Tuple> actStr=b expTy=Other actTy=TypeVar(b)
UNSAFE_COERCE GENERATED: expStr=h actStr=a expTy=TypeVar(h) actTy=TypeVar(a)
UNSAFE_COERCE GENERATED: expStr=std::rc::Rc<Purs_Data_Tuple::Tuple> actStr=b expTy=Other actTy=TypeVar(b)
UNSAFE_COERCE GENERATED: expStr=std::rc::Rc<Purs_Data_Tuple::Tuple> actStr=b expTy=Other actTy=TypeVar(b)
UNSAFE_COERCE GENERATED: expStr=std::rc::Rc<Purs_Data_Tuple::Tuple> actStr=b expTy=Other actTy=TypeVar(b)
UNSAFE_COERCE GENERATED: expStr=std::rc::Rc<Purs_Data_Tuple::Tuple> actStr=b expTy=Other actTy=TypeVar(b)
UNSAFE_COERCE GENERATED: expStr=std::rc::Rc<Purs_Data_Tuple::Tuple> actStr=b expTy=Other actTy=TypeVar(b)
UNSAFE_COERCE GENERATED: expStr=std::rc::Rc<Purs_Data_Tuple::Tuple> actStr=b expTy=Other actTy=TypeVar(b)
UNSAFE_COERCE GENERATED: expStr=std::rc::Rc<Purs_Data_Tuple::Tuple> actStr=b expTy=Other actTy=TypeVar(b)
UNSAFE_COERCE GENERATED: expStr=std::rc::Rc<Purs_Data_Tuple::Tuple> actStr=b expTy=Other actTy=TypeVar(b)
UNSAFE_COERCE GENERATED: expStr=i actStr=a expTy=TypeVar(i) actTy=TypeVar(a)
UNSAFE_COERCE GENERATED: expStr=std::rc::Rc<Purs_Data_Tuple::Tuple> actStr=b expTy=Other actTy=TypeVar(b)
UNSAFE_COERCE GENERATED: expStr=std::rc::Rc<Purs_Data_Tuple::Tuple> actStr=b expTy=Other actTy=TypeVar(b)
UNSAFE_COERCE GENERATED: expStr=std::rc::Rc<Purs_Data_Tuple::Tuple> actStr=b expTy=Other actTy=TypeVar(b)
UNSAFE_COERCE GENERATED: expStr=std::rc::Rc<Purs_Data_Tuple::Tuple> actStr=b expTy=Other actTy=TypeVar(b)
UNSAFE_COERCE GENERATED: expStr=std::rc::Rc<Purs_Data_Tuple::Tuple> actStr=b expTy=Other actTy=TypeVar(b)
UNSAFE_COERCE GENERATED: expStr=std::rc::Rc<Purs_Data_Tuple::Tuple> actStr=b expTy=Other actTy=TypeVar(b)
UNSAFE_COERCE GENERATED: expStr=std::rc::Rc<Purs_Data_Tuple::Tuple> actStr=b expTy=Other actTy=TypeVar(b)
UNSAFE_COERCE GENERATED: expStr=std::rc::Rc<Purs_Data_Tuple::Tuple> actStr=b expTy=Other actTy=TypeVar(b)
UNSAFE_COERCE GENERATED: expStr=std::rc::Rc<Purs_Data_Tuple::Tuple> actStr=b expTy=Other actTy=TypeVar(b)
UNSAFE_COERCE GENERATED: expStr=j actStr=a expTy=TypeVar(j) actTy=TypeVar(a)
FUNCTION Data_Tuple_Nested_uncurry10 args: 2 extracted: Just
BindingGroup: Data_Tuple_Nested_uncurry2 type: Func vars: a, b, r, z
UNSAFE_COERCE GENERATED: expStr=std::rc::Rc<Purs_Data_Tuple::Tuple> actStr=b expTy=Other actTy=TypeVar(b)
UNSAFE_COERCE GENERATED: expStr=b actStr=a expTy=TypeVar(b) actTy=TypeVar(a)
FUNCTION Data_Tuple_Nested_uncurry2 args: 2 extracted: Just
BindingGroup: Data_Tuple_Nested_uncurry3 type: Func vars: a, b, c, r, z
UNSAFE_COERCE GENERATED: expStr=std::rc::Rc<Purs_Data_Tuple::Tuple> actStr=b expTy=Other actTy=TypeVar(b)
UNSAFE_COERCE GENERATED: expStr=b actStr=a expTy=TypeVar(b) actTy=TypeVar(a)
UNSAFE_COERCE GENERATED: expStr=std::rc::Rc<Purs_Data_Tuple::Tuple> actStr=b expTy=Other actTy=TypeVar(b)
UNSAFE_COERCE GENERATED: expStr=std::rc::Rc<Purs_Data_Tuple::Tuple> actStr=b expTy=Other actTy=TypeVar(b)
UNSAFE_COERCE GENERATED: expStr=c actStr=a expTy=TypeVar(c) actTy=TypeVar(a)
FUNCTION Data_Tuple_Nested_uncurry3 args: 2 extracted: Just
BindingGroup: Data_Tuple_Nested_uncurry4 type: Func vars: a, b, c, d, r, z
UNSAFE_COERCE GENERATED: expStr=std::rc::Rc<Purs_Data_Tuple::Tuple> actStr=b expTy=Other actTy=TypeVar(b)
UNSAFE_COERCE GENERATED: expStr=b actStr=a expTy=TypeVar(b) actTy=TypeVar(a)
UNSAFE_COERCE GENERATED: expStr=std::rc::Rc<Purs_Data_Tuple::Tuple> actStr=b expTy=Other actTy=TypeVar(b)
UNSAFE_COERCE GENERATED: expStr=std::rc::Rc<Purs_Data_Tuple::Tuple> actStr=b expTy=Other actTy=TypeVar(b)
UNSAFE_COERCE GENERATED: expStr=c actStr=a expTy=TypeVar(c) actTy=TypeVar(a)
UNSAFE_COERCE GENERATED: expStr=std::rc::Rc<Purs_Data_Tuple::Tuple> actStr=b expTy=Other actTy=TypeVar(b)
UNSAFE_COERCE GENERATED: expStr=std::rc::Rc<Purs_Data_Tuple::Tuple> actStr=b expTy=Other actTy=TypeVar(b)
UNSAFE_COERCE GENERATED: expStr=std::rc::Rc<Purs_Data_Tuple::Tuple> actStr=b expTy=Other actTy=TypeVar(b)
UNSAFE_COERCE GENERATED: expStr=d actStr=a expTy=TypeVar(d) actTy=TypeVar(a)
FUNCTION Data_Tuple_Nested_uncurry4 args: 2 extracted: Just
BindingGroup: Data_Tuple_Nested_uncurry5 type: Func vars: a, b, c, d, e, r, z
UNSAFE_COERCE GENERATED: expStr=std::rc::Rc<Purs_Data_Tuple::Tuple> actStr=b expTy=Other actTy=TypeVar(b)
UNSAFE_COERCE GENERATED: expStr=b actStr=a expTy=TypeVar(b) actTy=TypeVar(a)
UNSAFE_COERCE GENERATED: expStr=std::rc::Rc<Purs_Data_Tuple::Tuple> actStr=b expTy=Other actTy=TypeVar(b)
UNSAFE_COERCE GENERATED: expStr=std::rc::Rc<Purs_Data_Tuple::Tuple> actStr=b expTy=Other actTy=TypeVar(b)
UNSAFE_COERCE GENERATED: expStr=c actStr=a expTy=TypeVar(c) actTy=TypeVar(a)
UNSAFE_COERCE GENERATED: expStr=std::rc::Rc<Purs_Data_Tuple::Tuple> actStr=b expTy=Other actTy=TypeVar(b)
UNSAFE_COERCE GENERATED: expStr=std::rc::Rc<Purs_Data_Tuple::Tuple> actStr=b expTy=Other actTy=TypeVar(b)
UNSAFE_COERCE GENERATED: expStr=std::rc::Rc<Purs_Data_Tuple::Tuple> actStr=b expTy=Other actTy=TypeVar(b)
UNSAFE_COERCE GENERATED: expStr=d actStr=a expTy=TypeVar(d) actTy=TypeVar(a)
UNSAFE_COERCE GENERATED: expStr=std::rc::Rc<Purs_Data_Tuple::Tuple> actStr=b expTy=Other actTy=TypeVar(b)
UNSAFE_COERCE GENERATED: expStr=std::rc::Rc<Purs_Data_Tuple::Tuple> actStr=b expTy=Other actTy=TypeVar(b)
UNSAFE_COERCE GENERATED: expStr=std::rc::Rc<Purs_Data_Tuple::Tuple> actStr=b expTy=Other actTy=TypeVar(b)
UNSAFE_COERCE GENERATED: expStr=std::rc::Rc<Purs_Data_Tuple::Tuple> actStr=b expTy=Other actTy=TypeVar(b)
UNSAFE_COERCE GENERATED: expStr=e actStr=a expTy=TypeVar(e) actTy=TypeVar(a)
FUNCTION Data_Tuple_Nested_uncurry5 args: 2 extracted: Just
BindingGroup: Data_Tuple_Nested_uncurry6 type: Func vars: a, b, c, d, e, f, r, z
UNSAFE_COERCE GENERATED: expStr=std::rc::Rc<Purs_Data_Tuple::Tuple> actStr=b expTy=Other actTy=TypeVar(b)
UNSAFE_COERCE GENERATED: expStr=b actStr=a expTy=TypeVar(b) actTy=TypeVar(a)
UNSAFE_COERCE GENERATED: expStr=std::rc::Rc<Purs_Data_Tuple::Tuple> actStr=b expTy=Other actTy=TypeVar(b)
UNSAFE_COERCE GENERATED: expStr=std::rc::Rc<Purs_Data_Tuple::Tuple> actStr=b expTy=Other actTy=TypeVar(b)
UNSAFE_COERCE GENERATED: expStr=c actStr=a expTy=TypeVar(c) actTy=TypeVar(a)
UNSAFE_COERCE GENERATED: expStr=std::rc::Rc<Purs_Data_Tuple::Tuple> actStr=b expTy=Other actTy=TypeVar(b)
UNSAFE_COERCE GENERATED: expStr=std::rc::Rc<Purs_Data_Tuple::Tuple> actStr=b expTy=Other actTy=TypeVar(b)
UNSAFE_COERCE GENERATED: expStr=std::rc::Rc<Purs_Data_Tuple::Tuple> actStr=b expTy=Other actTy=TypeVar(b)
UNSAFE_COERCE GENERATED: expStr=d actStr=a expTy=TypeVar(d) actTy=TypeVar(a)
UNSAFE_COERCE GENERATED: expStr=std::rc::Rc<Purs_Data_Tuple::Tuple> actStr=b expTy=Other actTy=TypeVar(b)
UNSAFE_COERCE GENERATED: expStr=std::rc::Rc<Purs_Data_Tuple::Tuple> actStr=b expTy=Other actTy=TypeVar(b)
UNSAFE_COERCE GENERATED: expStr=std::rc::Rc<Purs_Data_Tuple::Tuple> actStr=b expTy=Other actTy=TypeVar(b)
UNSAFE_COERCE GENERATED: expStr=std::rc::Rc<Purs_Data_Tuple::Tuple> actStr=b expTy=Other actTy=TypeVar(b)
UNSAFE_COERCE GENERATED: expStr=e actStr=a expTy=TypeVar(e) actTy=TypeVar(a)
UNSAFE_COERCE GENERATED: expStr=std::rc::Rc<Purs_Data_Tuple::Tuple> actStr=b expTy=Other actTy=TypeVar(b)
UNSAFE_COERCE GENERATED: expStr=std::rc::Rc<Purs_Data_Tuple::Tuple> actStr=b expTy=Other actTy=TypeVar(b)
UNSAFE_COERCE GENERATED: expStr=std::rc::Rc<Purs_Data_Tuple::Tuple> actStr=b expTy=Other actTy=TypeVar(b)
UNSAFE_COERCE GENERATED: expStr=std::rc::Rc<Purs_Data_Tuple::Tuple> actStr=b expTy=Other actTy=TypeVar(b)
UNSAFE_COERCE GENERATED: expStr=std::rc::Rc<Purs_Data_Tuple::Tuple> actStr=b expTy=Other actTy=TypeVar(b)
UNSAFE_COERCE GENERATED: expStr=f actStr=a expTy=TypeVar(f) actTy=TypeVar(a)
FUNCTION Data_Tuple_Nested_uncurry6 args: 2 extracted: Just
BindingGroup: Data_Tuple_Nested_uncurry7 type: Func vars: a, b, c, d, e, f, g, r, z
UNSAFE_COERCE GENERATED: expStr=std::rc::Rc<Purs_Data_Tuple::Tuple> actStr=b expTy=Other actTy=TypeVar(b)
UNSAFE_COERCE GENERATED: expStr=b actStr=a expTy=TypeVar(b) actTy=TypeVar(a)
UNSAFE_COERCE GENERATED: expStr=std::rc::Rc<Purs_Data_Tuple::Tuple> actStr=b expTy=Other actTy=TypeVar(b)
UNSAFE_COERCE GENERATED: expStr=std::rc::Rc<Purs_Data_Tuple::Tuple> actStr=b expTy=Other actTy=TypeVar(b)
UNSAFE_COERCE GENERATED: expStr=c actStr=a expTy=TypeVar(c) actTy=TypeVar(a)
UNSAFE_COERCE GENERATED: expStr=std::rc::Rc<Purs_Data_Tuple::Tuple> actStr=b expTy=Other actTy=TypeVar(b)
UNSAFE_COERCE GENERATED: expStr=std::rc::Rc<Purs_Data_Tuple::Tuple> actStr=b expTy=Other actTy=TypeVar(b)
UNSAFE_COERCE GENERATED: expStr=std::rc::Rc<Purs_Data_Tuple::Tuple> actStr=b expTy=Other actTy=TypeVar(b)
UNSAFE_COERCE GENERATED: expStr=d actStr=a expTy=TypeVar(d) actTy=TypeVar(a)
UNSAFE_COERCE GENERATED: expStr=std::rc::Rc<Purs_Data_Tuple::Tuple> actStr=b expTy=Other actTy=TypeVar(b)
UNSAFE_COERCE GENERATED: expStr=std::rc::Rc<Purs_Data_Tuple::Tuple> actStr=b expTy=Other actTy=TypeVar(b)
UNSAFE_COERCE GENERATED: expStr=std::rc::Rc<Purs_Data_Tuple::Tuple> actStr=b expTy=Other actTy=TypeVar(b)
UNSAFE_COERCE GENERATED: expStr=std::rc::Rc<Purs_Data_Tuple::Tuple> actStr=b expTy=Other actTy=TypeVar(b)
UNSAFE_COERCE GENERATED: expStr=e actStr=a expTy=TypeVar(e) actTy=TypeVar(a)
UNSAFE_COERCE GENERATED: expStr=std::rc::Rc<Purs_Data_Tuple::Tuple> actStr=b expTy=Other actTy=TypeVar(b)
UNSAFE_COERCE GENERATED: expStr=std::rc::Rc<Purs_Data_Tuple::Tuple> actStr=b expTy=Other actTy=TypeVar(b)
UNSAFE_COERCE GENERATED: expStr=std::rc::Rc<Purs_Data_Tuple::Tuple> actStr=b expTy=Other actTy=TypeVar(b)
UNSAFE_COERCE GENERATED: expStr=std::rc::Rc<Purs_Data_Tuple::Tuple> actStr=b expTy=Other actTy=TypeVar(b)
UNSAFE_COERCE GENERATED: expStr=std::rc::Rc<Purs_Data_Tuple::Tuple> actStr=b expTy=Other actTy=TypeVar(b)
UNSAFE_COERCE GENERATED: expStr=f actStr=a expTy=TypeVar(f) actTy=TypeVar(a)
UNSAFE_COERCE GENERATED: expStr=std::rc::Rc<Purs_Data_Tuple::Tuple> actStr=b expTy=Other actTy=TypeVar(b)
UNSAFE_COERCE GENERATED: expStr=std::rc::Rc<Purs_Data_Tuple::Tuple> actStr=b expTy=Other actTy=TypeVar(b)
UNSAFE_COERCE GENERATED: expStr=std::rc::Rc<Purs_Data_Tuple::Tuple> actStr=b expTy=Other actTy=TypeVar(b)
UNSAFE_COERCE GENERATED: expStr=std::rc::Rc<Purs_Data_Tuple::Tuple> actStr=b expTy=Other actTy=TypeVar(b)
UNSAFE_COERCE GENERATED: expStr=std::rc::Rc<Purs_Data_Tuple::Tuple> actStr=b expTy=Other actTy=TypeVar(b)
UNSAFE_COERCE GENERATED: expStr=std::rc::Rc<Purs_Data_Tuple::Tuple> actStr=b expTy=Other actTy=TypeVar(b)
UNSAFE_COERCE GENERATED: expStr=g actStr=a expTy=TypeVar(g) actTy=TypeVar(a)
FUNCTION Data_Tuple_Nested_uncurry7 args: 2 extracted: Just
BindingGroup: Data_Tuple_Nested_uncurry8 type: Func vars: a, b, c, d, e, f, g, h, r, z
UNSAFE_COERCE GENERATED: expStr=std::rc::Rc<Purs_Data_Tuple::Tuple> actStr=b expTy=Other actTy=TypeVar(b)
UNSAFE_COERCE GENERATED: expStr=b actStr=a expTy=TypeVar(b) actTy=TypeVar(a)
UNSAFE_COERCE GENERATED: expStr=std::rc::Rc<Purs_Data_Tuple::Tuple> actStr=b expTy=Other actTy=TypeVar(b)
UNSAFE_COERCE GENERATED: expStr=std::rc::Rc<Purs_Data_Tuple::Tuple> actStr=b expTy=Other actTy=TypeVar(b)
UNSAFE_COERCE GENERATED: expStr=c actStr=a expTy=TypeVar(c) actTy=TypeVar(a)
UNSAFE_COERCE GENERATED: expStr=std::rc::Rc<Purs_Data_Tuple::Tuple> actStr=b expTy=Other actTy=TypeVar(b)
UNSAFE_COERCE GENERATED: expStr=std::rc::Rc<Purs_Data_Tuple::Tuple> actStr=b expTy=Other actTy=TypeVar(b)
UNSAFE_COERCE GENERATED: expStr=std::rc::Rc<Purs_Data_Tuple::Tuple> actStr=b expTy=Other actTy=TypeVar(b)
UNSAFE_COERCE GENERATED: expStr=d actStr=a expTy=TypeVar(d) actTy=TypeVar(a)
UNSAFE_COERCE GENERATED: expStr=std::rc::Rc<Purs_Data_Tuple::Tuple> actStr=b expTy=Other actTy=TypeVar(b)
UNSAFE_COERCE GENERATED: expStr=std::rc::Rc<Purs_Data_Tuple::Tuple> actStr=b expTy=Other actTy=TypeVar(b)
UNSAFE_COERCE GENERATED: expStr=std::rc::Rc<Purs_Data_Tuple::Tuple> actStr=b expTy=Other actTy=TypeVar(b)
UNSAFE_COERCE GENERATED: expStr=std::rc::Rc<Purs_Data_Tuple::Tuple> actStr=b expTy=Other actTy=TypeVar(b)
UNSAFE_COERCE GENERATED: expStr=e actStr=a expTy=TypeVar(e) actTy=TypeVar(a)
UNSAFE_COERCE GENERATED: expStr=std::rc::Rc<Purs_Data_Tuple::Tuple> actStr=b expTy=Other actTy=TypeVar(b)
UNSAFE_COERCE GENERATED: expStr=std::rc::Rc<Purs_Data_Tuple::Tuple> actStr=b expTy=Other actTy=TypeVar(b)
UNSAFE_COERCE GENERATED: expStr=std::rc::Rc<Purs_Data_Tuple::Tuple> actStr=b expTy=Other actTy=TypeVar(b)
UNSAFE_COERCE GENERATED: expStr=std::rc::Rc<Purs_Data_Tuple::Tuple> actStr=b expTy=Other actTy=TypeVar(b)
UNSAFE_COERCE GENERATED: expStr=std::rc::Rc<Purs_Data_Tuple::Tuple> actStr=b expTy=Other actTy=TypeVar(b)
UNSAFE_COERCE GENERATED: expStr=f actStr=a expTy=TypeVar(f) actTy=TypeVar(a)
UNSAFE_COERCE GENERATED: expStr=std::rc::Rc<Purs_Data_Tuple::Tuple> actStr=b expTy=Other actTy=TypeVar(b)
UNSAFE_COERCE GENERATED: expStr=std::rc::Rc<Purs_Data_Tuple::Tuple> actStr=b expTy=Other actTy=TypeVar(b)
UNSAFE_COERCE GENERATED: expStr=std::rc::Rc<Purs_Data_Tuple::Tuple> actStr=b expTy=Other actTy=TypeVar(b)
UNSAFE_COERCE GENERATED: expStr=std::rc::Rc<Purs_Data_Tuple::Tuple> actStr=b expTy=Other actTy=TypeVar(b)
UNSAFE_COERCE GENERATED: expStr=std::rc::Rc<Purs_Data_Tuple::Tuple> actStr=b expTy=Other actTy=TypeVar(b)
UNSAFE_COERCE GENERATED: expStr=std::rc::Rc<Purs_Data_Tuple::Tuple> actStr=b expTy=Other actTy=TypeVar(b)
UNSAFE_COERCE GENERATED: expStr=g actStr=a expTy=TypeVar(g) actTy=TypeVar(a)
UNSAFE_COERCE GENERATED: expStr=std::rc::Rc<Purs_Data_Tuple::Tuple> actStr=b expTy=Other actTy=TypeVar(b)
UNSAFE_COERCE GENERATED: expStr=std::rc::Rc<Purs_Data_Tuple::Tuple> actStr=b expTy=Other actTy=TypeVar(b)
UNSAFE_COERCE GENERATED: expStr=std::rc::Rc<Purs_Data_Tuple::Tuple> actStr=b expTy=Other actTy=TypeVar(b)
UNSAFE_COERCE GENERATED: expStr=std::rc::Rc<Purs_Data_Tuple::Tuple> actStr=b expTy=Other actTy=TypeVar(b)
UNSAFE_COERCE GENERATED: expStr=std::rc::Rc<Purs_Data_Tuple::Tuple> actStr=b expTy=Other actTy=TypeVar(b)
UNSAFE_COERCE GENERATED: expStr=std::rc::Rc<Purs_Data_Tuple::Tuple> actStr=b expTy=Other actTy=TypeVar(b)
UNSAFE_COERCE GENERATED: expStr=std::rc::Rc<Purs_Data_Tuple::Tuple> actStr=b expTy=Other actTy=TypeVar(b)
UNSAFE_COERCE GENERATED: expStr=h actStr=a expTy=TypeVar(h) actTy=TypeVar(a)
FUNCTION Data_Tuple_Nested_uncurry8 args: 2 extracted: Just
BindingGroup: Data_Tuple_Nested_uncurry9 type: Func vars: a, b, c, d, e, f, g, h, i, r, z
UNSAFE_COERCE GENERATED: expStr=std::rc::Rc<Purs_Data_Tuple::Tuple> actStr=b expTy=Other actTy=TypeVar(b)
UNSAFE_COERCE GENERATED: expStr=b actStr=a expTy=TypeVar(b) actTy=TypeVar(a)
UNSAFE_COERCE GENERATED: expStr=std::rc::Rc<Purs_Data_Tuple::Tuple> actStr=b expTy=Other actTy=TypeVar(b)
UNSAFE_COERCE GENERATED: expStr=std::rc::Rc<Purs_Data_Tuple::Tuple> actStr=b expTy=Other actTy=TypeVar(b)
UNSAFE_COERCE GENERATED: expStr=c actStr=a expTy=TypeVar(c) actTy=TypeVar(a)
UNSAFE_COERCE GENERATED: expStr=std::rc::Rc<Purs_Data_Tuple::Tuple> actStr=b expTy=Other actTy=TypeVar(b)
UNSAFE_COERCE GENERATED: expStr=std::rc::Rc<Purs_Data_Tuple::Tuple> actStr=b expTy=Other actTy=TypeVar(b)
UNSAFE_COERCE GENERATED: expStr=std::rc::Rc<Purs_Data_Tuple::Tuple> actStr=b expTy=Other actTy=TypeVar(b)
UNSAFE_COERCE GENERATED: expStr=d actStr=a expTy=TypeVar(d) actTy=TypeVar(a)
UNSAFE_COERCE GENERATED: expStr=std::rc::Rc<Purs_Data_Tuple::Tuple> actStr=b expTy=Other actTy=TypeVar(b)
UNSAFE_COERCE GENERATED: expStr=std::rc::Rc<Purs_Data_Tuple::Tuple> actStr=b expTy=Other actTy=TypeVar(b)
UNSAFE_COERCE GENERATED: expStr=std::rc::Rc<Purs_Data_Tuple::Tuple> actStr=b expTy=Other actTy=TypeVar(b)
UNSAFE_COERCE GENERATED: expStr=std::rc::Rc<Purs_Data_Tuple::Tuple> actStr=b expTy=Other actTy=TypeVar(b)
UNSAFE_COERCE GENERATED: expStr=e actStr=a expTy=TypeVar(e) actTy=TypeVar(a)
UNSAFE_COERCE GENERATED: expStr=std::rc::Rc<Purs_Data_Tuple::Tuple> actStr=b expTy=Other actTy=TypeVar(b)
UNSAFE_COERCE GENERATED: expStr=std::rc::Rc<Purs_Data_Tuple::Tuple> actStr=b expTy=Other actTy=TypeVar(b)
UNSAFE_COERCE GENERATED: expStr=std::rc::Rc<Purs_Data_Tuple::Tuple> actStr=b expTy=Other actTy=TypeVar(b)
UNSAFE_COERCE GENERATED: expStr=std::rc::Rc<Purs_Data_Tuple::Tuple> actStr=b expTy=Other actTy=TypeVar(b)
UNSAFE_COERCE GENERATED: expStr=std::rc::Rc<Purs_Data_Tuple::Tuple> actStr=b expTy=Other actTy=TypeVar(b)
UNSAFE_COERCE GENERATED: expStr=f actStr=a expTy=TypeVar(f) actTy=TypeVar(a)
UNSAFE_COERCE GENERATED: expStr=std::rc::Rc<Purs_Data_Tuple::Tuple> actStr=b expTy=Other actTy=TypeVar(b)
UNSAFE_COERCE GENERATED: expStr=std::rc::Rc<Purs_Data_Tuple::Tuple> actStr=b expTy=Other actTy=TypeVar(b)
UNSAFE_COERCE GENERATED: expStr=std::rc::Rc<Purs_Data_Tuple::Tuple> actStr=b expTy=Other actTy=TypeVar(b)
UNSAFE_COERCE GENERATED: expStr=std::rc::Rc<Purs_Data_Tuple::Tuple> actStr=b expTy=Other actTy=TypeVar(b)
UNSAFE_COERCE GENERATED: expStr=std::rc::Rc<Purs_Data_Tuple::Tuple> actStr=b expTy=Other actTy=TypeVar(b)
UNSAFE_COERCE GENERATED: expStr=std::rc::Rc<Purs_Data_Tuple::Tuple> actStr=b expTy=Other actTy=TypeVar(b)
UNSAFE_COERCE GENERATED: expStr=g actStr=a expTy=TypeVar(g) actTy=TypeVar(a)
UNSAFE_COERCE GENERATED: expStr=std::rc::Rc<Purs_Data_Tuple::Tuple> actStr=b expTy=Other actTy=TypeVar(b)
UNSAFE_COERCE GENERATED: expStr=std::rc::Rc<Purs_Data_Tuple::Tuple> actStr=b expTy=Other actTy=TypeVar(b)
UNSAFE_COERCE GENERATED: expStr=std::rc::Rc<Purs_Data_Tuple::Tuple> actStr=b expTy=Other actTy=TypeVar(b)
UNSAFE_COERCE GENERATED: expStr=std::rc::Rc<Purs_Data_Tuple::Tuple> actStr=b expTy=Other actTy=TypeVar(b)
UNSAFE_COERCE GENERATED: expStr=std::rc::Rc<Purs_Data_Tuple::Tuple> actStr=b expTy=Other actTy=TypeVar(b)
UNSAFE_COERCE GENERATED: expStr=std::rc::Rc<Purs_Data_Tuple::Tuple> actStr=b expTy=Other actTy=TypeVar(b)
UNSAFE_COERCE GENERATED: expStr=std::rc::Rc<Purs_Data_Tuple::Tuple> actStr=b expTy=Other actTy=TypeVar(b)
UNSAFE_COERCE GENERATED: expStr=h actStr=a expTy=TypeVar(h) actTy=TypeVar(a)
UNSAFE_COERCE GENERATED: expStr=std::rc::Rc<Purs_Data_Tuple::Tuple> actStr=b expTy=Other actTy=TypeVar(b)
UNSAFE_COERCE GENERATED: expStr=std::rc::Rc<Purs_Data_Tuple::Tuple> actStr=b expTy=Other actTy=TypeVar(b)
UNSAFE_COERCE GENERATED: expStr=std::rc::Rc<Purs_Data_Tuple::Tuple> actStr=b expTy=Other actTy=TypeVar(b)
UNSAFE_COERCE GENERATED: expStr=std::rc::Rc<Purs_Data_Tuple::Tuple> actStr=b expTy=Other actTy=TypeVar(b)
UNSAFE_COERCE GENERATED: expStr=std::rc::Rc<Purs_Data_Tuple::Tuple> actStr=b expTy=Other actTy=TypeVar(b)
UNSAFE_COERCE GENERATED: expStr=std::rc::Rc<Purs_Data_Tuple::Tuple> actStr=b expTy=Other actTy=TypeVar(b)
UNSAFE_COERCE GENERATED: expStr=std::rc::Rc<Purs_Data_Tuple::Tuple> actStr=b expTy=Other actTy=TypeVar(b)
UNSAFE_COERCE GENERATED: expStr=std::rc::Rc<Purs_Data_Tuple::Tuple> actStr=b expTy=Other actTy=TypeVar(b)
UNSAFE_COERCE GENERATED: expStr=i actStr=a expTy=TypeVar(i) actTy=TypeVar(a)
FUNCTION Data_Tuple_Nested_uncurry9 args: 2 extracted: Just
findFfiFile [Data.Tuple.Nested] -> null
Found FFI for Data.Tuple.Nested at: Nothing
Found FFI for Data.Tuple.Nested at: Nothing
BindingGroup: Effect_Class_liftEffect type: ForAll(ConstrainedType(Func)) vars: 
FUNCTION Effect_Class_liftEffect args: 2 extracted: Nothing
BindingGroup: Effect_Class_monadEffectEffect type: Other vars: 
findFfiFile [Effect.Class] -> null
Found FFI for Effect.Class at: Nothing
Found FFI for Effect.Class at: Nothing
BindingGroup: Effect_Console_debugShow type: ConstrainedType(Func) vars: a
FUNCTION Effect_Console_debugShow args: 2 extracted: Just
BindingGroup: Effect_Console_errorShow type: ConstrainedType(Func) vars: a
FUNCTION Effect_Console_errorShow args: 2 extracted: Just
BindingGroup: Effect_Console_grouped type: Func vars: a
FUNCTION Effect_Console_grouped args: 2 extracted: Just
BindingGroup: Effect_Console_infoShow type: ConstrainedType(Func) vars: a
FUNCTION Effect_Console_infoShow args: 2 extracted: Just
BindingGroup: Effect_Console_logShow type: ConstrainedType(Func) vars: a
FUNCTION Effect_Console_logShow args: 2 extracted: Just
BindingGroup: Effect_Console_warnShow type: ConstrainedType(Func) vars: a
FUNCTION Effect_Console_warnShow args: 2 extracted: Just
findFfiFile [Effect.Console] -> ../purust-console/src/Effect/Console.rs
Found FFI for Effect.Console at: (Just "../purust-console/src/Effect/Console.rs")
Found FFI for Effect.Console at: (Just "../purust-console/src/Effect/Console.rs")
BindingGroup: Effect_Class_Console_clear type: ConstrainedType(TypeApp(TypeVar(m), [...])) vars: m
FUNCTION Effect_Class_Console_clear args: 1 extracted: Just
BindingGroup: Effect_Class_Console_debug type: ConstrainedType(Func) vars: m
FUNCTION Effect_Class_Console_debug args: 2 extracted: Just
BindingGroup: Effect_Class_Console_debugShow type: ConstrainedType(Func) vars: a, m
FUNCTION Effect_Class_Console_debugShow args: 3 extracted: Just
BindingGroup: Effect_Class_Console_error type: ConstrainedType(Func) vars: m
FUNCTION Effect_Class_Console_error args: 2 extracted: Just
BindingGroup: Effect_Class_Console_errorShow type: ConstrainedType(Func) vars: a, m
FUNCTION Effect_Class_Console_errorShow args: 3 extracted: Just
BindingGroup: Effect_Class_Console_grouped type: ConstrainedType(Func) vars: a, m
BOXUNBOX EQUAL ARITY: expStr=purust_core::Func1<a, crate::UnknownType> actStr=purust_core::Func1<crate::UnknownType, crate::UnknownType>
BOXUNBOX EQUAL ARITY: expStr=purust_core::Func1<a, crate::UnknownType> actStr=purust_core::Func1<crate::UnknownType, crate::UnknownType>
FUNCTION Effect_Class_Console_grouped args: 3 extracted: Just
BindingGroup: Effect_Class_Console_group type: ConstrainedType(Func) vars: m
FUNCTION Effect_Class_Console_group args: 2 extracted: Just
BindingGroup: Effect_Class_Console_groupCollapsed type: ConstrainedType(Func) vars: m
FUNCTION Effect_Class_Console_groupCollapsed args: 2 extracted: Just
BindingGroup: Effect_Class_Console_groupEnd type: ConstrainedType(TypeApp(TypeVar(m), [...])) vars: m
FUNCTION Effect_Class_Console_groupEnd args: 1 extracted: Just
BindingGroup: Effect_Class_Console_info type: ConstrainedType(Func) vars: m
FUNCTION Effect_Class_Console_info args: 2 extracted: Just
BindingGroup: Effect_Class_Console_infoShow type: ConstrainedType(Func) vars: a, m
FUNCTION Effect_Class_Console_infoShow args: 3 extracted: Just
BindingGroup: Effect_Class_Console_log type: ConstrainedType(Func) vars: m
FUNCTION Effect_Class_Console_log args: 2 extracted: Just
BindingGroup: Effect_Class_Console_logShow type: ConstrainedType(Func) vars: a, m
FUNCTION Effect_Class_Console_logShow args: 3 extracted: Just
BindingGroup: Effect_Class_Console_time type: ConstrainedType(Func) vars: m
FUNCTION Effect_Class_Console_time args: 2 extracted: Just
BindingGroup: Effect_Class_Console_timeEnd type: ConstrainedType(Func) vars: m
FUNCTION Effect_Class_Console_timeEnd args: 2 extracted: Just
BindingGroup: Effect_Class_Console_timeLog type: ConstrainedType(Func) vars: m
FUNCTION Effect_Class_Console_timeLog args: 2 extracted: Just
BindingGroup: Effect_Class_Console_warn type: ConstrainedType(Func) vars: m
FUNCTION Effect_Class_Console_warn args: 2 extracted: Just
BindingGroup: Effect_Class_Console_warnShow type: ConstrainedType(Func) vars: a, m
FUNCTION Effect_Class_Console_warnShow args: 3 extracted: Just
findFfiFile [Effect.Class.Console] -> null
Found FFI for Effect.Class.Console at: Nothing
Found FFI for Effect.Class.Console at: Nothing
BindingGroup: Effect_Uncurried_monoidEffectFn1 type: ConstrainedType(Other) vars: a, r
UNSAFE_COERCE GENERATED: expStr=r actStr=a expTy=TypeVar(r) actTy=TypeVar(a)
BOXUNBOX EQUAL ARITY: expStr=purust_core::Func1<crate::UnknownType, crate::UnknownType> actStr=purust_core::Func1<r, r>
FUNCTION Effect_Uncurried_monoidEffectFn1 args: 1 extracted: Just
BindingGroup: Effect_Uncurried_monoidEffectFn10 type: ConstrainedType(Other) vars: a, b, c, d, e, f, g, h, i, j, r
UNSAFE_COERCE GENERATED: expStr=r actStr=a expTy=TypeVar(r) actTy=TypeVar(a)
UNSAFE_COERCE GENERATED: expStr=r actStr=b expTy=TypeVar(r) actTy=TypeVar(b)
UNSAFE_COERCE GENERATED: expStr=c actStr=r expTy=TypeVar(c) actTy=TypeVar(r)
BOXUNBOX EQUAL ARITY: expStr=purust_core::Func1<b, c> actStr=purust_core::Func1<r, r>
FUNCTION Effect_Uncurried_monoidEffectFn10 args: 1 extracted: Just
BindingGroup: Effect_Uncurried_monoidEffectFn2 type: ConstrainedType(Other) vars: a, b, r
UNSAFE_COERCE GENERATED: expStr=r actStr=a expTy=TypeVar(r) actTy=TypeVar(a)
UNSAFE_COERCE GENERATED: expStr=r actStr=b expTy=TypeVar(r) actTy=TypeVar(b)
BOXUNBOX EQUAL ARITY: expStr=purust_core::Func1<b, crate::UnknownType> actStr=purust_core::Func1<r, r>
FUNCTION Effect_Uncurried_monoidEffectFn2 args: 1 extracted: Just
BindingGroup: Effect_Uncurried_monoidEffectFn3 type: ConstrainedType(Other) vars: a, b, c, r
UNSAFE_COERCE GENERATED: expStr=r actStr=a expTy=TypeVar(r) actTy=TypeVar(a)
UNSAFE_COERCE GENERATED: expStr=r actStr=b expTy=TypeVar(r) actTy=TypeVar(b)
UNSAFE_COERCE GENERATED: expStr=c actStr=r expTy=TypeVar(c) actTy=TypeVar(r)
BOXUNBOX EQUAL ARITY: expStr=purust_core::Func1<b, c> actStr=purust_core::Func1<r, r>
FUNCTION Effect_Uncurried_monoidEffectFn3 args: 1 extracted: Just
BindingGroup: Effect_Uncurried_monoidEffectFn4 type: ConstrainedType(Other) vars: a, b, c, d, r
UNSAFE_COERCE GENERATED: expStr=r actStr=a expTy=TypeVar(r) actTy=TypeVar(a)
UNSAFE_COERCE GENERATED: expStr=r actStr=b expTy=TypeVar(r) actTy=TypeVar(b)
UNSAFE_COERCE GENERATED: expStr=c actStr=r expTy=TypeVar(c) actTy=TypeVar(r)
BOXUNBOX EQUAL ARITY: expStr=purust_core::Func1<b, c> actStr=purust_core::Func1<r, r>
FUNCTION Effect_Uncurried_monoidEffectFn4 args: 1 extracted: Just
BindingGroup: Effect_Uncurried_monoidEffectFn5 type: ConstrainedType(Other) vars: a, b, c, d, e, r
UNSAFE_COERCE GENERATED: expStr=r actStr=a expTy=TypeVar(r) actTy=TypeVar(a)
UNSAFE_COERCE GENERATED: expStr=r actStr=b expTy=TypeVar(r) actTy=TypeVar(b)
UNSAFE_COERCE GENERATED: expStr=c actStr=r expTy=TypeVar(c) actTy=TypeVar(r)
BOXUNBOX EQUAL ARITY: expStr=purust_core::Func1<b, c> actStr=purust_core::Func1<r, r>
FUNCTION Effect_Uncurried_monoidEffectFn5 args: 1 extracted: Just
BindingGroup: Effect_Uncurried_monoidEffectFn6 type: ConstrainedType(Other) vars: a, b, c, d, e, f, r
UNSAFE_COERCE GENERATED: expStr=r actStr=a expTy=TypeVar(r) actTy=TypeVar(a)
UNSAFE_COERCE GENERATED: expStr=r actStr=b expTy=TypeVar(r) actTy=TypeVar(b)
UNSAFE_COERCE GENERATED: expStr=c actStr=r expTy=TypeVar(c) actTy=TypeVar(r)
BOXUNBOX EQUAL ARITY: expStr=purust_core::Func1<b, c> actStr=purust_core::Func1<r, r>
FUNCTION Effect_Uncurried_monoidEffectFn6 args: 1 extracted: Just
BindingGroup: Effect_Uncurried_monoidEffectFn7 type: ConstrainedType(Other) vars: a, b, c, d, e, f, g, r
UNSAFE_COERCE GENERATED: expStr=r actStr=a expTy=TypeVar(r) actTy=TypeVar(a)
UNSAFE_COERCE GENERATED: expStr=r actStr=b expTy=TypeVar(r) actTy=TypeVar(b)
UNSAFE_COERCE GENERATED: expStr=c actStr=r expTy=TypeVar(c) actTy=TypeVar(r)
BOXUNBOX EQUAL ARITY: expStr=purust_core::Func1<b, c> actStr=purust_core::Func1<r, r>
FUNCTION Effect_Uncurried_monoidEffectFn7 args: 1 extracted: Just
BindingGroup: Effect_Uncurried_monoidEffectFn8 type: ConstrainedType(Other) vars: a, b, c, d, e, f, g, h, r
UNSAFE_COERCE GENERATED: expStr=r actStr=a expTy=TypeVar(r) actTy=TypeVar(a)
UNSAFE_COERCE GENERATED: expStr=r actStr=b expTy=TypeVar(r) actTy=TypeVar(b)
UNSAFE_COERCE GENERATED: expStr=c actStr=r expTy=TypeVar(c) actTy=TypeVar(r)
BOXUNBOX EQUAL ARITY: expStr=purust_core::Func1<b, c> actStr=purust_core::Func1<r, r>
FUNCTION Effect_Uncurried_monoidEffectFn8 args: 1 extracted: Just
BindingGroup: Effect_Uncurried_monoidEffectFn9 type: ConstrainedType(Other) vars: a, b, c, d, e, f, g, h, i, r
UNSAFE_COERCE GENERATED: expStr=r actStr=a expTy=TypeVar(r) actTy=TypeVar(a)
UNSAFE_COERCE GENERATED: expStr=r actStr=b expTy=TypeVar(r) actTy=TypeVar(b)
UNSAFE_COERCE GENERATED: expStr=c actStr=r expTy=TypeVar(c) actTy=TypeVar(r)
BOXUNBOX EQUAL ARITY: expStr=purust_core::Func1<b, c> actStr=purust_core::Func1<r, r>
FUNCTION Effect_Uncurried_monoidEffectFn9 args: 1 extracted: Just
BindingGroup: Effect_Uncurried_semigroupEffectFn1 type: ConstrainedType(Other) vars: a, r
UNSAFE_COERCE GENERATED: expStr=r actStr=a expTy=TypeVar(r) actTy=TypeVar(a)
BOXUNBOX EQUAL ARITY: expStr=purust_core::Func1<crate::UnknownType, crate::UnknownType> actStr=purust_core::Func1<r, r>
FUNCTION Effect_Uncurried_semigroupEffectFn1 args: 1 extracted: Just
BindingGroup: Effect_Uncurried_semigroupEffectFn10 type: ConstrainedType(Other) vars: a, b, c, d, e, f, g, h, i, j, r
UNSAFE_COERCE GENERATED: expStr=r actStr=a expTy=TypeVar(r) actTy=TypeVar(a)
UNSAFE_COERCE GENERATED: expStr=r actStr=b expTy=TypeVar(r) actTy=TypeVar(b)
UNSAFE_COERCE GENERATED: expStr=c actStr=r expTy=TypeVar(c) actTy=TypeVar(r)
BOXUNBOX EQUAL ARITY: expStr=purust_core::Func1<b, c> actStr=purust_core::Func1<r, r>
FUNCTION Effect_Uncurried_semigroupEffectFn10 args: 1 extracted: Just
BindingGroup: Effect_Uncurried_semigroupEffectFn2 type: ConstrainedType(Other) vars: a, b, r
UNSAFE_COERCE GENERATED: expStr=r actStr=a expTy=TypeVar(r) actTy=TypeVar(a)
UNSAFE_COERCE GENERATED: expStr=r actStr=b expTy=TypeVar(r) actTy=TypeVar(b)
BOXUNBOX EQUAL ARITY: expStr=purust_core::Func1<b, crate::UnknownType> actStr=purust_core::Func1<r, r>
FUNCTION Effect_Uncurried_semigroupEffectFn2 args: 1 extracted: Just
BindingGroup: Effect_Uncurried_semigroupEffectFn3 type: ConstrainedType(Other) vars: a, b, c, r
UNSAFE_COERCE GENERATED: expStr=r actStr=a expTy=TypeVar(r) actTy=TypeVar(a)
UNSAFE_COERCE GENERATED: expStr=r actStr=b expTy=TypeVar(r) actTy=TypeVar(b)
UNSAFE_COERCE GENERATED: expStr=c actStr=r expTy=TypeVar(c) actTy=TypeVar(r)
BOXUNBOX EQUAL ARITY: expStr=purust_core::Func1<b, c> actStr=purust_core::Func1<r, r>
FUNCTION Effect_Uncurried_semigroupEffectFn3 args: 1 extracted: Just
BindingGroup: Effect_Uncurried_semigroupEffectFn4 type: ConstrainedType(Other) vars: a, b, c, d, r
UNSAFE_COERCE GENERATED: expStr=r actStr=a expTy=TypeVar(r) actTy=TypeVar(a)
UNSAFE_COERCE GENERATED: expStr=r actStr=b expTy=TypeVar(r) actTy=TypeVar(b)
UNSAFE_COERCE GENERATED: expStr=c actStr=r expTy=TypeVar(c) actTy=TypeVar(r)
BOXUNBOX EQUAL ARITY: expStr=purust_core::Func1<b, c> actStr=purust_core::Func1<r, r>
FUNCTION Effect_Uncurried_semigroupEffectFn4 args: 1 extracted: Just
BindingGroup: Effect_Uncurried_semigroupEffectFn5 type: ConstrainedType(Other) vars: a, b, c, d, e, r
UNSAFE_COERCE GENERATED: expStr=r actStr=a expTy=TypeVar(r) actTy=TypeVar(a)
UNSAFE_COERCE GENERATED: expStr=r actStr=b expTy=TypeVar(r) actTy=TypeVar(b)
UNSAFE_COERCE GENERATED: expStr=c actStr=r expTy=TypeVar(c) actTy=TypeVar(r)
BOXUNBOX EQUAL ARITY: expStr=purust_core::Func1<b, c> actStr=purust_core::Func1<r, r>
FUNCTION Effect_Uncurried_semigroupEffectFn5 args: 1 extracted: Just
BindingGroup: Effect_Uncurried_semigroupEffectFn6 type: ConstrainedType(Other) vars: a, b, c, d, e, f, r
UNSAFE_COERCE GENERATED: expStr=r actStr=a expTy=TypeVar(r) actTy=TypeVar(a)
UNSAFE_COERCE GENERATED: expStr=r actStr=b expTy=TypeVar(r) actTy=TypeVar(b)
UNSAFE_COERCE GENERATED: expStr=c actStr=r expTy=TypeVar(c) actTy=TypeVar(r)
BOXUNBOX EQUAL ARITY: expStr=purust_core::Func1<b, c> actStr=purust_core::Func1<r, r>
FUNCTION Effect_Uncurried_semigroupEffectFn6 args: 1 extracted: Just
BindingGroup: Effect_Uncurried_semigroupEffectFn7 type: ConstrainedType(Other) vars: a, b, c, d, e, f, g, r
UNSAFE_COERCE GENERATED: expStr=r actStr=a expTy=TypeVar(r) actTy=TypeVar(a)
UNSAFE_COERCE GENERATED: expStr=r actStr=b expTy=TypeVar(r) actTy=TypeVar(b)
UNSAFE_COERCE GENERATED: expStr=c actStr=r expTy=TypeVar(c) actTy=TypeVar(r)
BOXUNBOX EQUAL ARITY: expStr=purust_core::Func1<b, c> actStr=purust_core::Func1<r, r>
FUNCTION Effect_Uncurried_semigroupEffectFn7 args: 1 extracted: Just
BindingGroup: Effect_Uncurried_semigroupEffectFn8 type: ConstrainedType(Other) vars: a, b, c, d, e, f, g, h, r
UNSAFE_COERCE GENERATED: expStr=r actStr=a expTy=TypeVar(r) actTy=TypeVar(a)
UNSAFE_COERCE GENERATED: expStr=r actStr=b expTy=TypeVar(r) actTy=TypeVar(b)
UNSAFE_COERCE GENERATED: expStr=c actStr=r expTy=TypeVar(c) actTy=TypeVar(r)
BOXUNBOX EQUAL ARITY: expStr=purust_core::Func1<b, c> actStr=purust_core::Func1<r, r>
FUNCTION Effect_Uncurried_semigroupEffectFn8 args: 1 extracted: Just
BindingGroup: Effect_Uncurried_semigroupEffectFn9 type: ConstrainedType(Other) vars: a, b, c, d, e, f, g, h, i, r
UNSAFE_COERCE GENERATED: expStr=r actStr=a expTy=TypeVar(r) actTy=TypeVar(a)
UNSAFE_COERCE GENERATED: expStr=r actStr=b expTy=TypeVar(r) actTy=TypeVar(b)
UNSAFE_COERCE GENERATED: expStr=c actStr=r expTy=TypeVar(c) actTy=TypeVar(r)
BOXUNBOX EQUAL ARITY: expStr=purust_core::Func1<b, c> actStr=purust_core::Func1<r, r>
FUNCTION Effect_Uncurried_semigroupEffectFn9 args: 1 extracted: Just
findFfiFile [Effect.Uncurried] -> null
Found FFI for Effect.Uncurried at: Nothing
Found FFI for Effect.Uncurried at: Nothing
genFallback runEffectFn9 args: ["mut a0: crate::UnknownType","mut a1: a","mut a2: b","mut a3: c","mut a4: d","mut a5: e","mut a6: f","mut a7: g","mut a8: h","mut a9: i"]
genFallback runEffectFn8 args: ["mut a0: crate::UnknownType","mut a1: a","mut a2: b","mut a3: c","mut a4: d","mut a5: e","mut a6: f","mut a7: g","mut a8: h"]
genFallback runEffectFn7 args: ["mut a0: crate::UnknownType","mut a1: a","mut a2: b","mut a3: c","mut a4: d","mut a5: e","mut a6: f","mut a7: g"]
genFallback runEffectFn6 args: ["mut a0: crate::UnknownType","mut a1: a","mut a2: b","mut a3: c","mut a4: d","mut a5: e","mut a6: f"]
genFallback runEffectFn5 args: ["mut a0: crate::UnknownType","mut a1: a","mut a2: b","mut a3: c","mut a4: d","mut a5: e"]
genFallback runEffectFn4 args: ["mut a0: crate::UnknownType","mut a1: a","mut a2: b","mut a3: c","mut a4: d"]
genFallback runEffectFn3 args: ["mut a0: crate::UnknownType","mut a1: a","mut a2: b","mut a3: c"]
genFallback runEffectFn2 args: ["mut a0: crate::UnknownType","mut a1: a","mut a2: b"]
genFallback runEffectFn10 args: ["mut a0: crate::UnknownType","mut a1: a","mut a2: b","mut a3: c","mut a4: d","mut a5: e","mut a6: f","mut a7: g","mut a8: h","mut a9: i","mut a10: j"]
genFallback runEffectFn1 args: ["mut a0: crate::UnknownType","mut a1: a"]
genFallback mkEffectFn9 args: ["mut a0: purust_core::Func9<a, b, c, d, e, f, g, h, i, crate::UnknownType>"]
genFallback mkEffectFn8 args: ["mut a0: purust_core::Func8<a, b, c, d, e, f, g, h, crate::UnknownType>"]
genFallback mkEffectFn7 args: ["mut a0: purust_core::Func7<a, b, c, d, e, f, g, crate::UnknownType>"]
genFallback mkEffectFn6 args: ["mut a0: purust_core::Func6<a, b, c, d, e, f, crate::UnknownType>"]
genFallback mkEffectFn5 args: ["mut a0: purust_core::Func5<a, b, c, d, e, crate::UnknownType>"]
genFallback mkEffectFn4 args: ["mut a0: purust_core::Func4<a, b, c, d, crate::UnknownType>"]
genFallback mkEffectFn3 args: ["mut a0: purust_core::Func3<a, b, c, crate::UnknownType>"]
genFallback mkEffectFn2 args: ["mut a0: purust_core::Func2<a, b, crate::UnknownType>"]
genFallback mkEffectFn10 args: ["mut a0: purust_core::Func10<a, b, c, d, e, f, g, h, i, j, crate::UnknownType>"]
genFallback mkEffectFn1 args: ["mut a0: purust_core::Func1<a, crate::UnknownType>"]
findFfiFile [Effect.Unsafe] -> null
Found FFI for Effect.Unsafe at: Nothing
Found FFI for Effect.Unsafe at: Nothing
genFallback unsafePerformEffect args: ["mut a0: crate::UnknownType"]
BindingGroup: Spago_Generated_BuildInfo_packages type: Other vars: 
BindingGroup: Spago_Generated_BuildInfo_pursVersion type: Other vars: 
BindingGroup: Spago_Generated_BuildInfo_spagoVersion type: Other vars: 
findFfiFile [Spago.Generated.BuildInfo] -> null
Found FFI for Spago.Generated.BuildInfo at: Nothing
Found FFI for Spago.Generated.BuildInfo at: Nothing
BindingGroup: Test_Assert_assert type: Func vars: 
FUNCTION Test_Assert_assert args: 1 extracted: Nothing
BindingGroup: Test_Assert_assertThrows type: Func vars: a
FUNCTION Test_Assert_assertThrows args: 1 extracted: Nothing
BindingGroup: Test_Assert_assertThrows_prime type: Func vars: a
FUNCTION Test_Assert_assertThrows_prime args: 2 extracted: Just
BindingGroup: Test_Assert_assertTrue_prime type: Func vars: 
FUNCTION Test_Assert_assertTrue_prime args: 2 extracted: Just
BindingGroup: Test_Assert_assertFalse_prime type: Func vars: 
FUNCTION Test_Assert_assertFalse_prime args: 2 extracted: Just
BindingGroup: Test_Assert_assertTrue type: Func vars: 
FUNCTION Test_Assert_assertTrue args: 1 extracted: Just
BindingGroup: Test_Assert_assertFalse type: Func vars: 
FUNCTION Test_Assert_assertFalse args: 1 extracted: Just
BindingGroup: Test_Assert_assertEqual type: ConstrainedType(Func) vars: a
FUNCTION Test_Assert_assertEqual args: 3 extracted: Nothing
BindingGroup: Test_Assert_assertEqual_prime type: ConstrainedType(Func) vars: a
FUNCTION Test_Assert_assertEqual_prime args: 4 extracted: Just
BindingGroup: Test_Assert_assert_prime type: Func vars: 
FUNCTION Test_Assert_assert_prime args: 2 extracted: Nothing
findFfiFile [Test.Assert] -> ../purust-assert/src/Test/Assert.rs
Found FFI for Test.Assert at: (Just "../purust-assert/src/Test/Assert.rs")
Found FFI for Test.Assert at: (Just "../purust-assert/src/Test/Assert.rs")
BindingGroup: main type: Other vars: 
BOXUNBOX FUNC: expStr=purust_core::Func1<crate::UnknownType, crate::UnknownType> actStr=purust_core::Func2<crate::UnknownType, crate::UnknownType, crate::UnknownType>
BOXUNBOX EQUAL ARITY: expStr=purust_core::Func2<crate::UnknownType, crate::UnknownType, bool> actStr=purust_core::Func2<String, String, bool>
BOXUNBOX EQUAL ARITY: expStr=purust_core::Func1<String, bool> actStr=purust_core::Func1<crate::UnknownType, bool>
BOXUNBOX EQUAL ARITY: expStr=purust_core::Func2<crate::UnknownType, crate::UnknownType, bool> actStr=purust_core::Func2<String, String, bool>
BOXUNBOX EQUAL ARITY: expStr=purust_core::Func1<String, bool> actStr=purust_core::Func1<crate::UnknownType, bool>
BOXUNBOX EQUAL ARITY: expStr=purust_core::Func2<crate::UnknownType, crate::UnknownType, bool> actStr=purust_core::Func2<String, String, bool>
BOXUNBOX EQUAL ARITY: expStr=purust_core::Func1<String, bool> actStr=purust_core::Func1<crate::UnknownType, bool>
BOXUNBOX EQUAL ARITY: expStr=purust_core::Func2<crate::UnknownType, crate::UnknownType, bool> actStr=purust_core::Func2<String, String, bool>
BOXUNBOX EQUAL ARITY: expStr=purust_core::Func1<String, bool> actStr=purust_core::Func1<crate::UnknownType, bool>
BOXUNBOX EQUAL ARITY: expStr=purust_core::Func2<crate::UnknownType, crate::UnknownType, bool> actStr=purust_core::Func2<String, String, bool>
BOXUNBOX EQUAL ARITY: expStr=purust_core::Func1<String, bool> actStr=purust_core::Func1<crate::UnknownType, bool>
BOXUNBOX EQUAL ARITY: expStr=purust_core::Func2<crate::UnknownType, crate::UnknownType, bool> actStr=purust_core::Func2<String, String, bool>
BOXUNBOX EQUAL ARITY: expStr=purust_core::Func1<String, bool> actStr=purust_core::Func1<crate::UnknownType, bool>
BOXUNBOX EQUAL ARITY: expStr=purust_core::Func2<crate::UnknownType, crate::UnknownType, bool> actStr=purust_core::Func2<String, String, bool>
BOXUNBOX EQUAL ARITY: expStr=purust_core::Func1<String, bool> actStr=purust_core::Func1<crate::UnknownType, bool>
BOXUNBOX EQUAL ARITY: expStr=purust_core::Func2<crate::UnknownType, crate::UnknownType, bool> actStr=purust_core::Func2<String, String, bool>
BOXUNBOX EQUAL ARITY: expStr=purust_core::Func1<String, bool> actStr=purust_core::Func1<crate::UnknownType, bool>
BOXUNBOX EQUAL ARITY: expStr=purust_core::Func2<crate::UnknownType, crate::UnknownType, bool> actStr=purust_core::Func2<String, String, bool>
BOXUNBOX EQUAL ARITY: expStr=purust_core::Func1<String, bool> actStr=purust_core::Func1<crate::UnknownType, bool>
BOXUNBOX FUNC: expStr=purust_core::Func1<crate::UnknownType, crate::UnknownType> actStr=purust_core::Func2<crate::UnknownType, crate::UnknownType, crate::UnknownType>
BOXUNBOX EQUAL ARITY: expStr=purust_core::Func2<crate::UnknownType, crate::UnknownType, bool> actStr=purust_core::Func2<String, String, bool>
BOXUNBOX EQUAL ARITY: expStr=purust_core::Func1<String, bool> actStr=purust_core::Func1<crate::UnknownType, bool>
BOXUNBOX EQUAL ARITY: expStr=purust_core::Func2<crate::UnknownType, crate::UnknownType, bool> actStr=purust_core::Func2<String, String, bool>
BOXUNBOX EQUAL ARITY: expStr=purust_core::Func1<String, bool> actStr=purust_core::Func1<crate::UnknownType, bool>
BOXUNBOX EQUAL ARITY: expStr=purust_core::Func2<crate::UnknownType, crate::UnknownType, bool> actStr=purust_core::Func2<String, String, bool>
BOXUNBOX EQUAL ARITY: expStr=purust_core::Func1<String, bool> actStr=purust_core::Func1<crate::UnknownType, bool>
BOXUNBOX EQUAL ARITY: expStr=purust_core::Func2<crate::UnknownType, crate::UnknownType, bool> actStr=purust_core::Func2<String, String, bool>
BOXUNBOX EQUAL ARITY: expStr=purust_core::Func1<String, bool> actStr=purust_core::Func1<crate::UnknownType, bool>
BOXUNBOX EQUAL ARITY: expStr=purust_core::Func2<crate::UnknownType, crate::UnknownType, bool> actStr=purust_core::Func2<String, String, bool>
BOXUNBOX EQUAL ARITY: expStr=purust_core::Func1<String, bool> actStr=purust_core::Func1<crate::UnknownType, bool>
BOXUNBOX EQUAL ARITY: expStr=purust_core::Func2<crate::UnknownType, crate::UnknownType, bool> actStr=purust_core::Func2<String, String, bool>
BOXUNBOX EQUAL ARITY: expStr=purust_core::Func1<String, bool> actStr=purust_core::Func1<crate::UnknownType, bool>
BOXUNBOX EQUAL ARITY: expStr=purust_core::Func2<crate::UnknownType, crate::UnknownType, bool> actStr=purust_core::Func2<String, String, bool>
BOXUNBOX EQUAL ARITY: expStr=purust_core::Func1<String, bool> actStr=purust_core::Func1<crate::UnknownType, bool>
BOXUNBOX EQUAL ARITY: expStr=purust_core::Func2<crate::UnknownType, crate::UnknownType, bool> actStr=purust_core::Func2<String, String, bool>
BOXUNBOX EQUAL ARITY: expStr=purust_core::Func1<String, bool> actStr=purust_core::Func1<crate::UnknownType, bool>
BOXUNBOX EQUAL ARITY: expStr=purust_core::Func2<crate::UnknownType, crate::UnknownType, bool> actStr=purust_core::Func2<String, String, bool>
BOXUNBOX EQUAL ARITY: expStr=purust_core::Func1<String, bool> actStr=purust_core::Func1<crate::UnknownType, bool>
BOXUNBOX FUNC: expStr=purust_core::Func1<crate::UnknownType, crate::UnknownType> actStr=purust_core::Func2<crate::UnknownType, crate::UnknownType, crate::UnknownType>
BOXUNBOX EQUAL ARITY: expStr=purust_core::Func2<crate::UnknownType, crate::UnknownType, bool> actStr=purust_core::Func2<String, String, bool>
BOXUNBOX EQUAL ARITY: expStr=purust_core::Func1<String, bool> actStr=purust_core::Func1<crate::UnknownType, bool>
BOXUNBOX EQUAL ARITY: expStr=purust_core::Func2<crate::UnknownType, crate::UnknownType, bool> actStr=purust_core::Func2<String, String, bool>
BOXUNBOX EQUAL ARITY: expStr=purust_core::Func1<String, bool> actStr=purust_core::Func1<crate::UnknownType, bool>
BOXUNBOX EQUAL ARITY: expStr=purust_core::Func2<crate::UnknownType, crate::UnknownType, bool> actStr=purust_core::Func2<String, String, bool>
BOXUNBOX EQUAL ARITY: expStr=purust_core::Func1<String, bool> actStr=purust_core::Func1<crate::UnknownType, bool>
BOXUNBOX EQUAL ARITY: expStr=purust_core::Func2<crate::UnknownType, crate::UnknownType, bool> actStr=purust_core::Func2<String, String, bool>
BOXUNBOX EQUAL ARITY: expStr=purust_core::Func1<String, bool> actStr=purust_core::Func1<crate::UnknownType, bool>
BOXUNBOX EQUAL ARITY: expStr=purust_core::Func2<crate::UnknownType, crate::UnknownType, bool> actStr=purust_core::Func2<String, String, bool>
BOXUNBOX EQUAL ARITY: expStr=purust_core::Func1<String, bool> actStr=purust_core::Func1<crate::UnknownType, bool>
BOXUNBOX EQUAL ARITY: expStr=purust_core::Func2<crate::UnknownType, crate::UnknownType, bool> actStr=purust_core::Func2<String, String, bool>
BOXUNBOX EQUAL ARITY: expStr=purust_core::Func1<String, bool> actStr=purust_core::Func1<crate::UnknownType, bool>
BOXUNBOX EQUAL ARITY: expStr=purust_core::Func2<crate::UnknownType, crate::UnknownType, bool> actStr=purust_core::Func2<String, String, bool>
BOXUNBOX EQUAL ARITY: expStr=purust_core::Func1<String, bool> actStr=purust_core::Func1<crate::UnknownType, bool>
BOXUNBOX EQUAL ARITY: expStr=purust_core::Func2<crate::UnknownType, crate::UnknownType, bool> actStr=purust_core::Func2<String, String, bool>
BOXUNBOX EQUAL ARITY: expStr=purust_core::Func1<String, bool> actStr=purust_core::Func1<crate::UnknownType, bool>
BOXUNBOX EQUAL ARITY: expStr=purust_core::Func2<crate::UnknownType, crate::UnknownType, bool> actStr=purust_core::Func2<String, String, bool>
BOXUNBOX EQUAL ARITY: expStr=purust_core::Func1<String, bool> actStr=purust_core::Func1<crate::UnknownType, bool>
BOXUNBOX FUNC: expStr=purust_core::Func1<crate::UnknownType, crate::UnknownType> actStr=purust_core::Func2<crate::UnknownType, crate::UnknownType, crate::UnknownType>
BOXUNBOX EQUAL ARITY: expStr=purust_core::Func2<crate::UnknownType, crate::UnknownType, bool> actStr=purust_core::Func2<String, String, bool>
BOXUNBOX EQUAL ARITY: expStr=purust_core::Func1<String, bool> actStr=purust_core::Func1<crate::UnknownType, bool>
BOXUNBOX EQUAL ARITY: expStr=purust_core::Func2<crate::UnknownType, crate::UnknownType, bool> actStr=purust_core::Func2<String, String, bool>
BOXUNBOX EQUAL ARITY: expStr=purust_core::Func1<String, bool> actStr=purust_core::Func1<crate::UnknownType, bool>
BOXUNBOX EQUAL ARITY: expStr=purust_core::Func2<crate::UnknownType, crate::UnknownType, bool> actStr=purust_core::Func2<String, String, bool>
BOXUNBOX EQUAL ARITY: expStr=purust_core::Func1<String, bool> actStr=purust_core::Func1<crate::UnknownType, bool>
BOXUNBOX EQUAL ARITY: expStr=purust_core::Func2<crate::UnknownType, crate::UnknownType, bool> actStr=purust_core::Func2<String, String, bool>
BOXUNBOX EQUAL ARITY: expStr=purust_core::Func1<String, bool> actStr=purust_core::Func1<crate::UnknownType, bool>
BOXUNBOX EQUAL ARITY: expStr=purust_core::Func2<crate::UnknownType, crate::UnknownType, bool> actStr=purust_core::Func2<String, String, bool>
BOXUNBOX EQUAL ARITY: expStr=purust_core::Func1<String, bool> actStr=purust_core::Func1<crate::UnknownType, bool>
BOXUNBOX EQUAL ARITY: expStr=purust_core::Func2<crate::UnknownType, crate::UnknownType, bool> actStr=purust_core::Func2<String, String, bool>
BOXUNBOX EQUAL ARITY: expStr=purust_core::Func1<String, bool> actStr=purust_core::Func1<crate::UnknownType, bool>
BOXUNBOX EQUAL ARITY: expStr=purust_core::Func2<crate::UnknownType, crate::UnknownType, bool> actStr=purust_core::Func2<String, String, bool>
BOXUNBOX EQUAL ARITY: expStr=purust_core::Func1<String, bool> actStr=purust_core::Func1<crate::UnknownType, bool>
BOXUNBOX EQUAL ARITY: expStr=purust_core::Func2<crate::UnknownType, crate::UnknownType, bool> actStr=purust_core::Func2<String, String, bool>
BOXUNBOX EQUAL ARITY: expStr=purust_core::Func1<String, bool> actStr=purust_core::Func1<crate::UnknownType, bool>
BOXUNBOX EQUAL ARITY: expStr=purust_core::Func2<crate::UnknownType, crate::UnknownType, bool> actStr=purust_core::Func2<String, String, bool>
BOXUNBOX EQUAL ARITY: expStr=purust_core::Func1<String, bool> actStr=purust_core::Func1<crate::UnknownType, bool>
BOXUNBOX FUNC: expStr=purust_core::Func1<crate::UnknownType, crate::UnknownType> actStr=purust_core::Func2<crate::UnknownType, crate::UnknownType, crate::UnknownType>
BOXUNBOX FUNC: expStr=purust_core::Func1<crate::UnknownType, crate::UnknownType> actStr=purust_core::Func2<crate::UnknownType, crate::UnknownType, crate::UnknownType>
BOXUNBOX EQUAL ARITY: expStr=purust_core::Func2<crate::UnknownType, crate::UnknownType, bool> actStr=purust_core::Func2<i64, i64, bool>
BOXUNBOX EQUAL ARITY: expStr=purust_core::Func1<i64, bool> actStr=purust_core::Func1<crate::UnknownType, bool>
BOXUNBOX EQUAL ARITY: expStr=purust_core::Func2<crate::UnknownType, crate::UnknownType, bool> actStr=purust_core::Func2<i64, i64, bool>
BOXUNBOX EQUAL ARITY: expStr=purust_core::Func1<i64, bool> actStr=purust_core::Func1<crate::UnknownType, bool>
BOXUNBOX EQUAL ARITY: expStr=purust_core::Func2<crate::UnknownType, crate::UnknownType, bool> actStr=purust_core::Func2<i64, i64, bool>
BOXUNBOX EQUAL ARITY: expStr=purust_core::Func1<i64, bool> actStr=purust_core::Func1<crate::UnknownType, bool>
BOXUNBOX EQUAL ARITY: expStr=purust_core::Func2<crate::UnknownType, crate::UnknownType, bool> actStr=purust_core::Func2<i64, i64, bool>
BOXUNBOX EQUAL ARITY: expStr=purust_core::Func1<i64, bool> actStr=purust_core::Func1<crate::UnknownType, bool>
BOXUNBOX EQUAL ARITY: expStr=purust_core::Func2<crate::UnknownType, crate::UnknownType, bool> actStr=purust_core::Func2<i64, i64, bool>
BOXUNBOX EQUAL ARITY: expStr=purust_core::Func1<i64, bool> actStr=purust_core::Func1<crate::UnknownType, bool>
BOXUNBOX EQUAL ARITY: expStr=purust_core::Func2<crate::UnknownType, crate::UnknownType, bool> actStr=purust_core::Func2<i64, i64, bool>
BOXUNBOX EQUAL ARITY: expStr=purust_core::Func1<i64, bool> actStr=purust_core::Func1<crate::UnknownType, bool>
BOXUNBOX EQUAL ARITY: expStr=purust_core::Func2<crate::UnknownType, crate::UnknownType, bool> actStr=purust_core::Func2<i64, i64, bool>
BOXUNBOX EQUAL ARITY: expStr=purust_core::Func1<i64, bool> actStr=purust_core::Func1<crate::UnknownType, bool>
BOXUNBOX EQUAL ARITY: expStr=purust_core::Func2<crate::UnknownType, crate::UnknownType, bool> actStr=purust_core::Func2<i64, i64, bool>
BOXUNBOX EQUAL ARITY: expStr=purust_core::Func1<i64, bool> actStr=purust_core::Func1<crate::UnknownType, bool>
BOXUNBOX EQUAL ARITY: expStr=purust_core::Func2<crate::UnknownType, crate::UnknownType, bool> actStr=purust_core::Func2<i64, i64, bool>
BOXUNBOX EQUAL ARITY: expStr=purust_core::Func1<i64, bool> actStr=purust_core::Func1<crate::UnknownType, bool>
BOXUNBOX FUNC: expStr=purust_core::Func1<crate::UnknownType, crate::UnknownType> actStr=purust_core::Func2<crate::UnknownType, crate::UnknownType, crate::UnknownType>
BOXUNBOX EQUAL ARITY: expStr=purust_core::Func2<crate::UnknownType, crate::UnknownType, bool> actStr=purust_core::Func2<i64, i64, bool>
BOXUNBOX EQUAL ARITY: expStr=purust_core::Func1<i64, bool> actStr=purust_core::Func1<crate::UnknownType, bool>
BOXUNBOX EQUAL ARITY: expStr=purust_core::Func2<crate::UnknownType, crate::UnknownType, bool> actStr=purust_core::Func2<i64, i64, bool>
BOXUNBOX EQUAL ARITY: expStr=purust_core::Func1<i64, bool> actStr=purust_core::Func1<crate::UnknownType, bool>
BOXUNBOX EQUAL ARITY: expStr=purust_core::Func2<crate::UnknownType, crate::UnknownType, bool> actStr=purust_core::Func2<i64, i64, bool>
BOXUNBOX EQUAL ARITY: expStr=purust_core::Func1<i64, bool> actStr=purust_core::Func1<crate::UnknownType, bool>
BOXUNBOX EQUAL ARITY: expStr=purust_core::Func2<crate::UnknownType, crate::UnknownType, bool> actStr=purust_core::Func2<i64, i64, bool>
BOXUNBOX EQUAL ARITY: expStr=purust_core::Func1<i64, bool> actStr=purust_core::Func1<crate::UnknownType, bool>
BOXUNBOX EQUAL ARITY: expStr=purust_core::Func2<crate::UnknownType, crate::UnknownType, bool> actStr=purust_core::Func2<i64, i64, bool>
BOXUNBOX EQUAL ARITY: expStr=purust_core::Func1<i64, bool> actStr=purust_core::Func1<crate::UnknownType, bool>
BOXUNBOX EQUAL ARITY: expStr=purust_core::Func2<crate::UnknownType, crate::UnknownType, bool> actStr=purust_core::Func2<i64, i64, bool>
BOXUNBOX EQUAL ARITY: expStr=purust_core::Func1<i64, bool> actStr=purust_core::Func1<crate::UnknownType, bool>
BOXUNBOX EQUAL ARITY: expStr=purust_core::Func2<crate::UnknownType, crate::UnknownType, bool> actStr=purust_core::Func2<i64, i64, bool>
BOXUNBOX EQUAL ARITY: expStr=purust_core::Func1<i64, bool> actStr=purust_core::Func1<crate::UnknownType, bool>
BOXUNBOX EQUAL ARITY: expStr=purust_core::Func2<crate::UnknownType, crate::UnknownType, bool> actStr=purust_core::Func2<i64, i64, bool>
BOXUNBOX EQUAL ARITY: expStr=purust_core::Func1<i64, bool> actStr=purust_core::Func1<crate::UnknownType, bool>
BOXUNBOX EQUAL ARITY: expStr=purust_core::Func2<crate::UnknownType, crate::UnknownType, bool> actStr=purust_core::Func2<i64, i64, bool>
BOXUNBOX EQUAL ARITY: expStr=purust_core::Func1<i64, bool> actStr=purust_core::Func1<crate::UnknownType, bool>
BOXUNBOX FUNC: expStr=purust_core::Func1<crate::UnknownType, crate::UnknownType> actStr=purust_core::Func2<crate::UnknownType, crate::UnknownType, crate::UnknownType>
BOXUNBOX EQUAL ARITY: expStr=purust_core::Func2<crate::UnknownType, crate::UnknownType, bool> actStr=purust_core::Func2<String, String, bool>
BOXUNBOX EQUAL ARITY: expStr=purust_core::Func1<String, bool> actStr=purust_core::Func1<crate::UnknownType, bool>
BOXUNBOX EQUAL ARITY: expStr=purust_core::Func2<crate::UnknownType, crate::UnknownType, bool> actStr=purust_core::Func2<String, String, bool>
BOXUNBOX EQUAL ARITY: expStr=purust_core::Func1<String, bool> actStr=purust_core::Func1<crate::UnknownType, bool>
BOXUNBOX EQUAL ARITY: expStr=purust_core::Func2<crate::UnknownType, crate::UnknownType, bool> actStr=purust_core::Func2<String, String, bool>
BOXUNBOX EQUAL ARITY: expStr=purust_core::Func1<String, bool> actStr=purust_core::Func1<crate::UnknownType, bool>
BOXUNBOX EQUAL ARITY: expStr=purust_core::Func2<crate::UnknownType, crate::UnknownType, bool> actStr=purust_core::Func2<String, String, bool>
BOXUNBOX EQUAL ARITY: expStr=purust_core::Func1<String, bool> actStr=purust_core::Func1<crate::UnknownType, bool>
BOXUNBOX EQUAL ARITY: expStr=purust_core::Func2<crate::UnknownType, crate::UnknownType, bool> actStr=purust_core::Func2<String, String, bool>
BOXUNBOX EQUAL ARITY: expStr=purust_core::Func1<String, bool> actStr=purust_core::Func1<crate::UnknownType, bool>
BOXUNBOX EQUAL ARITY: expStr=purust_core::Func2<crate::UnknownType, crate::UnknownType, bool> actStr=purust_core::Func2<String, String, bool>
BOXUNBOX EQUAL ARITY: expStr=purust_core::Func1<String, bool> actStr=purust_core::Func1<crate::UnknownType, bool>
BOXUNBOX EQUAL ARITY: expStr=purust_core::Func2<crate::UnknownType, crate::UnknownType, bool> actStr=purust_core::Func2<String, String, bool>
BOXUNBOX EQUAL ARITY: expStr=purust_core::Func1<String, bool> actStr=purust_core::Func1<crate::UnknownType, bool>
BOXUNBOX EQUAL ARITY: expStr=purust_core::Func2<crate::UnknownType, crate::UnknownType, bool> actStr=purust_core::Func2<String, String, bool>
BOXUNBOX EQUAL ARITY: expStr=purust_core::Func1<String, bool> actStr=purust_core::Func1<crate::UnknownType, bool>
BOXUNBOX EQUAL ARITY: expStr=purust_core::Func2<crate::UnknownType, crate::UnknownType, bool> actStr=purust_core::Func2<String, String, bool>
BOXUNBOX EQUAL ARITY: expStr=purust_core::Func1<String, bool> actStr=purust_core::Func1<crate::UnknownType, bool>
BindingGroup: Test_Main_normalizedCoefficient type: Func vars: 
FUNCTION Test_Main_normalizedCoefficient args: 2 extracted: Just
BindingGroup: Test_Main_normalize type: Func vars: 
FUNCTION Test_Main_normalize args: 1 extracted: Just
BindingGroup: Test_Main_eqArray type: Other vars: 
BOXUNBOX EQUAL ARITY: expStr=purust_core::Func2<crate::UnknownType, crate::UnknownType, bool> actStr=purust_core::Func2<String, String, bool>
findFfiFile [Test.Main] -> null
Found FFI for Test.Main at: Nothing
Found FFI for Test.Main at: Nothing
Successfully generated Rust code.
